Database Name	ODA
Database Link	http://localhost/ODA/OdaService.asmx
Evaluation Signature	96edac0d-6eb6-465d-b62b-1f6d4aba97f4
Plate Name	220602 ar jfx646 pcna mscarlet PACE MvR
Measurement	Measurement 1
Evaluation	Evaluation16
Population	Population - coloc

[Data]
Row	Column	Plane	Timepoint	Field	Object No	X	Y	Bounding Box	Position X [µm]	Position Y [µm]	Compound	Concentration	Cell Type	Cell Count	coloc - Spot Contrast	coloc - Spot Area [px²]	coloc - Spot To Region Intensity	coloc - Object No in Nuclei Selected	coloc - Object No in Spots AR	
4	8	4	47	4	1	51	1659	[45,1656,54,1663]	493.67	-1054.42					0.0654497194347	57	1.21121323821	2	3	
4	8	2	54	5	1	1002	26	[1000,22,1006,29]	-334.34	-812.97					0.0552723370003	31	1.08755682702	1	2	
4	8	4	43	3	1	900	434	[897,431,905,440]	619.32	-227.73					0.0785015208586	68	1.08746358873	1	1	
4	8	4	61	3	1	32	75	[31,74,34,78]	491.05	-174.55					0.0590277777778	15	1.22793821827	1	1	
4	8	3	52	4	1	1409	1282	[1404,1277,1414,1289]	694.51	-998.8					0.200386189141	108	1.53410824653	17	9	
4	8	1	36	1	1	43	43	[41,41,45,45]	-476.15	-169.7					0.0532946957289	16	1.25971534085	1	1	
4	8	4	52	4	1	1409	1281	[1404,1276,1414,1289]	694.52	-998.69					0.156130692308	125	1.47757356695	16	10	
4	8	3	34	3	1	1294	953	[1290,950,1298,958]	677.46	-304.42					0.0701859628074	41	1.02185856791	6	2	
4	8	7	62	4	1	701	1499	[698,1494,706,1505]	589.99	-1030.86					0.137493204939	75	1.23681415043	8	5	
4	8	5	29	3	1	2065	1198	[2061,1195,2068,1205]	791.39	-340.73					0.054583395439	49	1.07550854871	4	2	
4	8	2	29	4	1	495	71	[491,67,499,74]	559.43	-819.62					0.0607914399874	47	1.14859740037	1	1	
4	8	1	60	4	1	420	416	[416,414,424,418]	548.35	-870.64					0.0597378130152	31	1.26175652637	11	11	
4	8	3	55	3	1	1021	1694	[1019,1691,1024,1696]	637.17	-413.69					0.0631293570875	23	1.10414293244	3	4	
4	8	4	46	3	1	23	45	[21,43,26,47]	489.68	-170.02					0.0542125590044	19	0.92373447778	1	1	
4	8	6	48	1	1	773	1662	[770,1659,778,1668]	-368.1	-409.19					0.0677042393754	59	1.01941553796	1	2	
4	8	3	50	1	1	1981	915	[1978,911,1988,918]	-189.43	-298.49					0.103612544661	56	1.22177431479	1	2	
4	8	4	57	9	1	150	4	[145,0,155,11]	508.44	-1455.69					0.105840258541	98	1.19513389796	1	1	
4	8	2	31	3	1	29	82	[26,80,32,86]	490.6	-175.62					0.0563569	29	1.03411	1	1	
4	8	2	31	3	2	37	128	[35,126,44,131]	492.15	-182.27					0.0676714	45	1.46671	1	3	
4	8	2	31	3	3	18	224	[13,221,21,229]	488.77	-196.58					0.0592229	53	1.07829	2	4	
4	8	2	63	1	1	828	497	[824,493,832,501]	-360.08	-236.84					0.0628805975171	54	1.05777126978	5	4	
4	8	6	28	5	1	690	1523	[686,1520,697,1528]	-380.32	-1034.51					0.0634368629332	69	1.02525671009	5	13	
4	8	4	42	4	1	15	1644	[12,1642,18,1649]	488.45	-1052.39					0.0583090379009	39	1.14508845665	3	7	
4	8	2	34	5	1	821	314	[819,311,824,316]	-361.02	-855.49					0.0533606170313	23	1.03077642751	2	6	
4	8	1	30	3	1	34	88	[30,86,36,95]	491.18	-176.65					0.0555123468793	43	1.19643256748	1	1	
4	8	7	29	4	1	1592	1683	[1589,1676,1596,1688]	721.51	-1057.84					0.0748534	68	1.17205	5	1	
4	8	7	29	4	2	1641	1713	[1633,1708,1644,1720]	728.5	-1062.55					0.0694319	80	0.724784	5	2	
4	8	1	64	3	1	1283	1829	[1280,1827,1285,1831]	675.77	-433.69					0.0501846027622	21	1.08143227847	4	5	
4	8	2	43	4	1	1342	1254	[1335,1250,1347,1260]	684.43	-994.69					0.0578426263679	82	1.02664848184	5	1	
4	8	7	51	4	1	1365	1214	[1359,1208,1376,1219]	688.31	-988.5					0.163663	141	1.07357	25	8	
4	8	7	51	4	2	1359	1241	[1354,1238,1364,1246]	687.21	-992.66					0.122084	60	1.37502	25	10	
4	8	1	54	4	1	672	1614	[669,1612,675,1619]	585.54	-1047.92					0.0530609	39	1.07941	6	3	
4	8	1	54	4	2	1025	1772	[1022,1769,1028,1774]	637.7	-1071.09					0.0687237	24	1.10987	8	6	
4	8	5	52	4	1	1368	1208	[1363,1201,1378,1217]	688.84	-987.94					0.149772	167	1.20554	24	8	
4	8	5	52	4	2	1410	1277	[1407,1274,1415,1287]	694.93	-998.19					0.0838336	81	1.33496	24	11	
4	8	2	39	4	1	534	921	[527,916,539,926]	565.05	-945.27					0.100799335617	92	1.14263202609	2	1	
4	8	3	60	5	1	1538	843	[1533,840,1543,848]	-255.18	-933.84					0.0887304	59	1.187	5	10	
4	8	3	60	5	2	1528	852	[1526,848,1535,856]	-256.27	-935.22					0.065136	45	1.19587	5	11	
4	8	4	44	4	1	317	12	[315,11,319,14]	533.06	-811.02					0.157072816415	12	0.798000768869	1	1	
4	8	8	52	5	1	1947	1668	[1944,1667,1948,1671]	-194.84	-1055.86					0.19262455865	14	1.05591714855	5	1	
4	8	4	53	4	1	1401	1242	[1396,1240,1403,1246]	693.18	-992.91					0.0852133449666	43	1.04854335399	20	43	
4	8	5	62	3	1	29	33	[27,32,31,36]	490.53	-168.36					0.0546723536254	15	1.3043091051	1	1	
4	8	7	54	1	1	2079	906	[2073,900,2084,913]	-175.2	-297.36					0.110117663889	107	1.06375615235	2	2	
4	8	1	32	5	1	1616	626	[1612,622,1619,632]	-243.7	-901.85					0.0702613738783	60	1.01160451591	6	4	
4	8	5	53	1	1	2085	899	[2078,893,2090,906]	-174.4	-296.26					0.102402916233	106	0.9985077368	2	2	
4	8	2	51	4	1	1409	1287	[1404,1282,1414,1293]	694.53	-999.45					0.209846041223	102	1.46004015878	7	16	
4	8	1	51	3	1	30	37	[28,35,35,41]	490.84	-168.95					0.0695407	38	1.16361	1	1	
4	8	1	51	3	2	35	65	[33,63,39,69]	491.53	-173.05					0.0647368	35	1.52978	1	2	
4	8	4	57	4	1	809	1789	[806,1786,816,1794]	606.01	-1073.65					0.0666911292542	64	0.813439555513	11	7	
4	8	2	57	9	1	149	4	[146,0,153,7]	508.31	-1455.47					0.0698132	32	1.27176	1	2	
4	8	2	57	9	2	153	5	[148,2,155,11]	508.67	-1456					0.10178	41	1.34599	1	3	
4	8	1	58	5	1	1541	864	[1538,861,1546,873]	-254.53	-937.27					0.104855975088	72	1.2734534935	7	9	
4	8	8	25	5	1	768	284	[766,282,771,286]	-368.87	-851.15					0.0771762	23	0.889865	1	5	
4	8	8	25	5	2	2060	716	[2057,713,2064,721]	-177.84	-915.1					0.0692755	48	0.884584	5	9	
4	8	4	50	4	1	1410	1287	[1403,1281,1417,1293]	694.59	-999.4					0.0937815338042	130	1.28836554187	14	8	
4	8	5	63	4	1	646	1134	[641,1130,650,1138]	581.67	-976.79					0.0622494808519	64	0.963958955764	22	17	
4	8	7	53	1	1	2083	896	[2079,892,2090,906]	-174.31	-296.19					0.0961775585697	114	0.98957137824	2	2	
4	8	2	52	4	1	1408	1282	[1404,1278,1413,1289]	694.46	-998.84					0.211116528523	92	1.55240110569	3	5	
4	8	1	59	3	1	25	93	[21,89,29,97]	489.94	-177.09					0.0728780659961	47	1.06203659181	1	1	
4	8	1	57	5	1	1373	568	[1370,566,1375,570]	-279.6	-893.07					0.0603426	18	1.03375	5	6	
4	8	1	57	5	2	1573	936	[1568,933,1576,941]	-250.12	-947.6					0.0630614	49	1.1111	10	60	
4	8	2	28	5	1	339	43	[336,40,343,48]	-432.35	-815.61					0.056771	44	1.14877	1	2	
4	8	2	28	5	2	728	1390	[724,1388,734,1395]	-374.8	-1014.85					0.0625481	50	0.877313	2	5	
4	8	2	28	5	3	744	1402	[738,1394,750,1413]	-372.47	-1016.53					0.146115	153	0.926838	2	7	
4	8	1	30	5	1	2122	244	[2120,242,2125,249]	-168.73	-845.46					0.0656823774371	34	1.00763671886	8	10	
4	8	3	60	4	1	1952	1064	[1949,1061,1957,1071]	774.88	-966.64					0.0580490724117	68	1.06450932501	15	21	
4	8	2	51	3	1	31	38	[29,35,34,41]	490.92	-169.02					0.0921073277891	29	1.16401793758	1	1	
4	8	4	63	3	1	22	97	[18,93,26,102]	489.48	-177.74					0.0863480327436	46	0.846298081651	1	2	
4	8	2	26	5	1	736	1372	[730,1366,741,1378]	-373.65	-1012.01					0.105022	110	0.938152	11	22	
4	8	2	26	5	2	676	1379	[670,1373,680,1388]	-382.69	-1013.18					0.0958676	92	0.877136	11	23	
4	8	6	33	5	1	779	261	[777,258,781,265]	-367.36	-847.84					0.0655701266948	31	1.16575215729	6	2	
4	8	7	27	4	1	1143	11	[1142,10,1145,14]	655.3	-810.89					0.0520393811533	14	0.872121437622	10	3	
4	8	1	61	3	1	41	56	[34,53,44,62]	492.1	-171.84					0.0678918	65	1.5023	1	1	
4	8	1	61	3	2	14	101	[11,99,17,105]	488.34	-178.42					0.0678115	30	0.864616	1	3	
4	8	1	27	5	1	725	1388	[722,1384,729,1391]	-375.26	-1014.33					0.0816261	49	0.846613	3	10	
4	8	1	27	5	2	745	1405	[741,1401,749,1412]	-372.29	-1017.08					0.117896	77	0.87754	3	11	
4	8	7	38	5	1	1868	2129	[1867,2127,1870,2133]	-206.29	-1124.03					0.0483142161974	18	1.1089503001	4	2	
4	8	2	51	1	1	2095	898	[2089,894,2099,902]	-172.85	-296.11					0.0756524153248	65	0.975238024161	1	1	
4	8	3	42	3	1	1220	1003	[1216,1000,1222,1005]	666.56	-311.56					0.061872659176	26	1.06625933643	5	1	
4	8	8	51	1	1	2034	906	[2031,902,2040,909]	-181.67	-297.18					0.0713240137598	55	1.4118581169	8	1	
4	8	6	42	1	1	784	1649	[781,1646,789,1655]	-366.44	-407.34					0.0606286310144	51	1.14659505602	1	2	
4	8	5	58	3	1	1295	1003	[1291,1000,1299,1009]	677.71	-311.8					0.0842962682326	51	1.06048841301	1	1	
4	8	4	49	4	1	450	42	[448,40,455,50]	552.98	-815.75					0.0746437138422	50	1.28748673486	1	1	
4	8	8	27	3	1	24	111	[22,110,26,113]	489.79	-179.86					0.0533683289589	12	1.00830181772	1	1	
4	8	5	36	5	1	772	219	[769,217,776,223]	-368.32	-841.62					0.06417	31	1.11251	2	3	
4	8	5	36	5	2	649	281	[647,278,651,284]	-386.6	-850.7					0.0611579	21	1.38728	9	5	
4	8	6	57	5	1	1572	918	[1567,913,1577,925]	-250.02	-945.06					0.0891417376234	101	1.37711003753	3	5	
4	8	3	51	1	1	2091	892	[2089,890,2096,896]	-173.13	-295.27					0.0794392523364	39	0.945510479641	1	1	
4	8	2	27	5	1	748	1402	[744,1398,750,1410]	-371.98	-1016.79					0.131978810901	58	0.850774274483	4	11	
4	8	1	41	4	1	772	367	[767,365,775,373]	600.15	-863.71					0.0640934991474	50	0.849948935406	3	1	
4	8	5	43	3	1	896	432	[890,428,903,438]	618.85	-227.33					0.0794727843074	84	0.92193670034	3	3	
4	8	3	51	5	1	1025	35	[1020,30,1035,40]	-330.69	-814.36					0.0779894028355	124	1.05644428543	1	3	
4	8	5	59	5	1	1562	910	[1558,907,1568,914]	-251.44	-943.81					0.0958481841826	61	1.52909715369	3	1	
4	8	8	37	4	1	1243	2087	[1239,2083,1248,2092]	670	-1117.78					0.066450204333	52	1.16522658557	8	3	
4	8	4	36	5	1	650	276	[646,274,655,280]	-386.32	-850.09					0.0702124209502	42	1.25726570902	8	10	
4	8	5	33	5	1	729	285	[727,282,732,289]	-374.64	-851.33					0.0839488	30	1.03511	2	2	
4	8	5	33	5	2	777	323	[776,321,779,325]	-367.55	-856.91					0.0557308	14	1.06367	2	3	
4	8	7	40	4	1	1885	1287	[1881,1284,1891,1292]	765.04	-999.52					0.0675401	66	1.1994	14	4	
4	8	7	40	4	2	1836	1340	[1832,1336,1840,1346]	757.7	-1007.34					0.0735953	60	1.25565	14	5	
4	8	5	58	5	1	1572	916	[1566,913,1575,922]	-250.32	-944.88					0.0651908287213	67	1.40485081766	4	3	
4	8	3	41	5	1	1544	1185	[1540,1181,1549,1189]	-254.15	-984.31					0.0825939815238	47	0.943676038236	3	2	
4	8	6	62	4	1	1850	243	[1847,240,1853,248]	759.69	-845.18					0.0632062972489	38	0.864891297415	2	1	
4	8	6	55	5	1	1408	545	[1405,541,1411,549]	-274.32	-889.69					0.0502888936443	33	1.04639786094	2	1	
4	8	4	46	4	1	135	554	[130,549,140,559]	506.17	-891.1					0.0969868173258	74	1.28056619287	12	2	
4	8	6	50	3	1	6	135	[3,132,9,137]	487.12	-183.26					0.0536943552088	24	0.865867763497	1	1	
4	8	7	53	4	1	1376	1213	[1370,1207,1384,1225]	689.68	-988.76					0.144976025573	169	1.27875672851	21	10	
4	8	6	60	5	1	1547	908	[1541,905,1552,912]	-253.86	-943.34					0.0849996929941	70	1.51981174786	3	1	
4	8	3	57	9	1	151	9	[147,5,155,13]	508.6	-1456.25					0.103719053332	51	1.25654781945	1	2	
4	8	7	42	1	1	789	1646	[785,1642,792,1653]	-365.91	-406.89					0.0643917981397	62	1.12797578551	1	1	
4	8	7	46	3	1	8	65	[4,63,10,69]	487.34	-173.12					0.0475184794087	28	0.859036667908	1	1	
4	8	5	40	1	1	788	1633	[783,1627,794,1639]	-365.98	-404.74					0.108796418689	98	1.18815875251	2	2	
4	8	5	51	4	1	1406	1287	[1402,1281,1412,1292]	694.15	-999.41					0.0671739388895	88	1.26740497818	16	9	
4	8	4	41	4	1	495	847	[491,843,498,853]	559.36	-934.42					0.0586886815722	63	0.864814654434	5	3	
4	8	6	63	4	1	337	1590	[334,1586,342,1597]	536.21	-1044.39					0.0864871729743	67	0.87995979629	18	22	
4	8	3	51	4	1	1409	1288	[1404,1281,1415,1293]	694.56	-999.41					0.171162	117	1.42157	18	16	
4	8	3	51	4	2	1371	1461	[1369,1458,1375,1464]	689.01	-1025.11					0.0651685	30	0.951806	19	17	
4	8	2	58	5	1	1051	1562	[1049,1559,1053,1566]	-327.16	-1040.12					0.0821570756424	24	1.37331561891	8	9	
4	8	6	36	5	1	777	220	[775,218,780,222]	-367.65	-841.64					0.0669982900668	20	1.11006793373	8	3	
4	8	5	37	5	1	1435	1982	[1430,1976,1438,1986]	-270.42	-1101.95					0.049488	49	1.03603	3	1	
4	8	5	37	5	2	741	251	[740,250,744,256]	-372.84	-846.56					0.0531073	23	1.02481	7	2	
4	8	5	39	5	1	755	247	[754,245,758,249]	-370.79	-845.73					0.0725761772853	17	1.03332512518	4	3	
4	8	1	52	3	1	13	131	[10,129,17,133]	488.24	-182.72					0.0535604853536	24	0.852720112806	1	1	
4	8	8	50	1	1	2036	896	[2032,891,2040,905]	-181.5	-296.07					0.0742679852627	83	1.28869767825	3	1	
4	8	1	32	1	1	86	557	[84,555,89,561]	-469.73	-245.86					0.0476477078945	27	1.0823032697	1	2	
4	8	2	33	9	1	69	43	[68,42,72,49]	496.53	-1461.71					0.0526014046152	28	0.993789824652	1	2	
4	8	3	30	5	1	2134	153	[2132,150,2137,157]	-167.03	-831.9					0.0645422820685	36	1.0556783198	2	2	
4	8	5	31	4	1	1631	1668	[1627,1663,1636,1673]	727.34	-1055.64					0.0688125749455	68	1.05782560446	6	1	
4	8	5	58	4	1	234	996	[230,993,240,1001]	521	-956.5					0.0862383894913	63	0.873739540331	11	21	
4	8	4	50	1	1	2087	886	[2081,882,2093,891]	-173.97	-294.42					0.0835286	74	0.944568	1	1	
4	8	4	50	1	2	1984	915	[1978,910,1991,922]	-189.24	-298.69					0.105516	109	1.24065	1	3	
4	8	3	32	3	1	1253	1108	[1251,1106,1260,1111]	671.69	-327.26					0.0743006116515	38	1.05953257728	3	1	
4	8	3	40	4	1	524	865	[518,861,530,871]	563.65	-937.14					0.0737458	78	0.997455	3	2	
4	8	3	40	4	2	582	876	[577,871,589,881]	572.42	-938.69					0.0666745	96	1.06538	3	3	
4	8	4	58	5	1	1571	920	[1566,915,1576,927]	-250.21	-945.34					0.100345350676	106	1.38734736917	5	5	
4	8	5	60	5	1	1546	903	[1542,900,1552,910]	-253.75	-942.83					0.132559560171	71	1.44431972	5	5	
4	8	5	29	5	1	1969	106	[1965,103,1974,112]	-191.35	-824.97					0.0487394957983	48	1.05207812975	1	2	
4	8	7	36	5	1	678	331	[677,330,681,334]	-382.17	-858.17					0.0628465804067	16	0.98343378392	7	3	
4	8	4	56	4	1	474	310	[470,307,476,314]	556.19	-855.17					0.077856197618	34	0.807086430339	13	5	
4	8	1	26	5	1	442	54	[437,50,449,59]	-417.04	-817.13					0.0816839	79	1.05319	2	2	
4	8	1	26	5	2	355	54	[351,50,359,59]	-430.03	-817.21					0.081266	54	1.08534	3	3	
4	8	1	26	5	3	744	1397	[737,1391,750,1410]	-372.36	-1016.12					0.116334	169	0.861418	4	4	
4	8	2	61	4	1	420	416	[417,413,425,421]	548.43	-870.79					0.0719883564711	60	1.2030927638	10	7	
4	8	6	36	4	1	1546	1776	[1543,1772,1550,1785]	714.72	-1072.04					0.086220321759	72	0.954555545061	4	2	
4	8	3	33	4	1	1620	1763	[1617,1760,1623,1768]	725.78	-1069.87					0.0571174334432	37	0.993749761922	6	7	
4	8	4	62	4	1	31	2127	[27,2124,35,2131]	490.82	-1123.64					0.0764674564089	57	1.01925340815	10	12	
4	8	6	59	5	1	1562	912	[1556,907,1568,921]	-251.56	-944.2					0.093415007657	117	1.54148026034	5	2	
4	8	6	25	4	1	1565	1716	[1560,1711,1568,1721]	717.53	-1062.85					0.068870523416	62	1.04794483843	2	2	
4	8	5	64	4	1	1986	656	[1981,651,1994,668]	779.9	-906.54					0.137565644324	149	0.79120345672	19	18	
4	8	6	61	4	1	328	1626	[325,1622,331,1631]	534.68	-1049.5					0.0387197689809	47	1.05295963037	14	6	
4	8	6	54	1	1	2078	904	[2074,902,2082,909]	-175.36	-297.13					0.0724896	41	1.10058	2	3	
4	8	6	54	1	2	2081	908	[2076,904,2084,913]	-174.95	-297.65					0.0830515	49	1.07252	2	5	
4	8	3	35	3	1	30	103	[27,100,34,106]	490.68	-178.55					0.0645793	34	0.990651	1	1	
4	8	3	35	3	2	1279	962	[1275,959,1283,968]	675.27	-305.74					0.0775208	51	0.966599	4	5	
4	8	8	31	4	1	736	1259	[734,1255,739,1263]	595.08	-995.4					0.114854966305	38	1.58613264498	10	2	
4	8	7	51	1	1	2034	904	[2030,898,2039,908]	-181.76	-296.88					0.05270338192	64	1.30093168681	5	2	
4	8	6	26	5	1	1240	319	[1238,317,1243,326]	-299.16	-856.62					0.0769015	46	1.27957	4	2	
4	8	6	26	5	2	683	1522	[680,1519,687,1525]	-381.45	-1034.12					0.05659	31	0.97045	5	9	
4	8	3	62	3	1	28	75	[25,73,31,79]	490.41	-174.54					0.0744783750173	31	1.19252849561	1	1	
4	8	8	62	4	1	722	1476	[717,1473,729,1480]	593.11	-1027.33					0.073118	61	1.333	9	16	
4	8	8	62	4	2	705	1496	[699,1489,711,1505]	590.36	-1030.51					0.164926	113	1.26307	9	18	
4	8	7	50	4	1	1366	1214	[1361,1209,1373,1220]	688.32	-988.67					0.0942416	112	1.04581	19	6	
4	8	7	50	4	2	1358	1241	[1350,1236,1364,1251]	686.97	-992.92					0.137696	151	1.28637	19	7	
4	8	7	50	4	3	1355	1255	[1352,1252,1359,1261]	686.65	-994.85					0.0507526	61	1.10969	19	8	
4	8	1	62	4	1	421	402	[416,399,425,409]	548.34	-868.82					0.0871529241703	61	1.32195976245	8	14	
4	8	2	59	5	1	1545	854	[1542,849,1549,861]	-253.97	-935.5					0.0697444352844	71	1.24401426454	3	6	
4	8	1	31	9	1	79	41	[75,38,83,45]	497.96	-1461.09					0.0599667633721	43	1.14780271074	1	2	
4	8	5	41	1	1	787	1640	[781,1635,792,1646]	-366.14	-405.89					0.107308845577	96	1.17804178092	2	1	
4	8	1	55	5	1	1057	12	[1052,8,1060,18]	-326.33	-811.1					0.0684931506849	49	1.00234886081	1	2	
4	8	2	36	5	1	767	218	[764,215,770,222]	-369.12	-841.46					0.0577124868835	31	1.21011178607	4	7	
4	8	3	25	5	1	735	1370	[729,1365,740,1379]	-373.89	-1011.89					0.107132018209	132	0.991166345986	6	13	
4	8	3	31	2	1	2078	928	[2073,921,2084,933]	-1143.97	-300.55					0.104083861105	102	1.02776014476	1	3	
4	8	6	53	1	1	2086	897	[2081,894,2090,902]	-174.19	-296.02					0.0811241591074	53	1.04176737809	2	2	
4	8	1	25	5	1	746	1397	[743,1394,750,1401]	-372.13	-1015.75					0.107349434568	50	0.798262107926	6	14	
4	8	6	44	4	1	145	532	[137,525,151,537]	507.55	-887.76					0.0834379335403	105	1.54059260215	12	3	
4	8	6	50	4	1	1367	1211	[1360,1206,1375,1216]	688.36	-988.14					0.144911	122	1.03734	20	10	
4	8	6	50	4	2	1359	1240	[1351,1236,1363,1250]	686.96	-992.95					0.119052	126	1.27441	20	12	
4	8	7	49	4	1	1362	1244	[1357,1239,1365,1249]	687.53	-993.13					0.0653676046407	68	1.24038453338	20	9	
4	8	7	32	5	1	756	259	[753,257,761,261]	-370.53	-847.49					0.0677290836653	32	1.09883271936	10	4	
4	8	2	59	4	1	24	558	[17,555,28,566]	489.6	-891.95					0.0938874563931	79	1.10263850988	1	1	
4	8	1	43	5	1	978	17	[970,15,981,24]	-338.2	-812.14					0.0871817161071	66	1.08868368959	1	1	
4	8	2	35	3	1	48	146	[43,142,51,150]	493.26	-184.84					0.0675436691384	51	1.4834033926	1	2	
4	8	7	28	4	1	754	1241	[752,1238,757,1244]	597.86	-992.57					0.0727982	28	1.95212	13	1	
4	8	7	28	4	2	752	1244	[750,1242,757,1249]	597.59	-993.31					0.102267	38	1.82371	13	2	
4	8	4	26	5	1	1239	320	[1237,318,1243,324]	-299.2	-856.63					0.0638795118151	33	1.11230864599	3	3	
4	8	5	28	4	1	1590	1774	[1580,1769,1603,1779]	721.42	-1071.65					0.105243572102	114	0.874618399599	7	2	
4	8	3	28	4	1	1630	1736	[1626,1731,1634,1739]	727.24	-1065.78					0.0708066	49	0.969784	4	4	
4	8	3	28	4	2	1026	1398	[1023,1394,1030,1404]	637.95	-1016.02					0.059583	59	1.26296	7	7	
4	8	3	50	4	1	1410	1287	[1404,1280,1416,1295]	694.71	-999.46					0.142953161101	141	1.36239424838	14	10	
4	8	1	60	5	1	1536	844	[1533,842,1541,848]	-255.15	-934.07					0.111225	41	1.38703	9	12	
4	8	1	60	5	2	1535	849	[1532,846,1541,853]	-255.41	-934.72					0.0697674	44	1.37939	9	13	
4	8	7	25	4	1	1655	1750	[1650,1746,1658,1754]	730.82	-1067.97					0.0827184466019	57	0.949017071679	4	3	
4	8	5	53	4	1	167	1135	[164,1133,171,1138]	511.05	-976.99					0.0599792160938	34	1.16517502509	13	19	
4	8	3	36	5	1	650	276	[645,273,653,284]	-386.46	-850.33					0.11664649296	69	1.23099278732	12	7	
4	8	5	44	4	1	146	530	[135,523,152,540]	507.6	-887.74					0.130130950036	179	1.49286010702	10	5	
4	8	1	50	4	1	1393	1245	[1389,1238,1399,1249]	692.33	-993.02					0.067571	65	1.02354	2	1	
4	8	1	50	4	2	1352	1263	[1349,1260,1357,1267]	686.21	-995.93					0.0729051	47	0.978159	2	4	
4	8	1	50	4	3	1410	1286	[1405,1282,1415,1293]	694.66	-999.47					0.173203	94	1.45306	2	5	
4	8	1	50	4	4	460	1014	[456,1008,465,1019]	554.32	-959.02					0.0657922	82	1.08623	12	15	
4	8	8	43	4	1	1914	941	[1910,938,1917,949]	769.12	-948.67					0.0836166867756	61	1.20519118935	8	3	
4	8	5	50	4	1	1366	1214	[1360,1208,1374,1227]	688.42	-988.96					0.158282435421	193	1.18537946531	18	4	
4	8	8	29	4	1	1545	1649	[1543,1648,1547,1651]	714.61	-1053					0.0813538866641	11	1.08667074479	7	4	
4	8	3	40	1	1	788	1637	[784,1634,792,1640]	-366.03	-405.28					0.0867317995588	45	1.09251306748	1	3	
4	8	5	49	1	1	1992	921	[1988,917,1995,926]	-188.07	-299.5					0.0705408058822	47	1.23193129117	1	3	
4	8	5	32	5	1	718	264	[715,261,721,267]	-376.32	-848.22					0.0646542013967	30	1.13148074216	3	5	
4	8	2	41	4	1	503	505	[497,501,506,511]	560.39	-884.01					0.0466801562279	69	1.01811107059	1	1	
4	8	5	32	2	1	2097	887	[2095,885,2100,890]	-1141.2	-294.52					0.0580187484165	21	1.15410992261	1	1	
4	8	3	31	5	1	400	55	[398,52,403,59]	-423.34	-817.34					0.0544657651398	32	1.1363803934	1	1	
4	8	2	25	5	1	746	1398	[741,1392,750,1405]	-372.24	-1015.8					0.0938628158845	80	0.896717406068	4	11	
4	8	4	61	4	1	2044	575	[2040,572,2047,579]	788.36	-894.24					0.0513525717335	40	0.981021276195	4	7	
4	8	1	49	4	1	1411	1282	[1408,1278,1417,1287]	695	-998.74					0.119275103248	75	1.35982810729	2	4	
4	8	6	59	4	1	316	12	[314,11,317,14]	532.94	-811					0.14253023864	12	0.966144405482	1	1	
4	8	2	60	5	1	1537	843	[1534,841,1544,845]	-255.05	-933.76					0.0984170681349	38	1.23485065221	6	3	
4	8	1	59	4	1	720	1768	[717,1763,724,1772]	592.7	-1070.5					0.0597078128308	47	1.07985683817	15	21	
4	8	1	30	9	1	86	37	[84,34,91,41]	499.14	-1460.53					0.0544681315086	39	1.19229811789	1	2	
4	8	3	37	5	1	772	218	[769,217,773,221]	-368.49	-841.56					0.0716104392107	20	1.08628463401	8	2	
4	8	1	31	3	1	26	210	[23,208,30,214]	490.21	-194.51					0.0646712345234	33	1.31635689256	2	7	
4	8	1	47	3	1	17	141	[13,138,20,144]	488.72	-184.23					0.0691451	35	1.19193	2	1	
4	8	1	47	3	2	17	168	[14,165,20,172]	488.8	-188.28					0.0575519	30	1.12578	2	2	
4	8	2	38	5	1	1059	8	[1056,3,1063,13]	-325.88	-810.4					0.0692576	56	1.00593	1	1	
4	8	2	38	5	2	1198	1235	[1193,1230,1203,1240]	-305.4	-991.73					0.072828	78	1.0832	2	5	
4	8	6	53	4	1	1374	1210	[1370,1208,1380,1214]	689.51	-988.14					0.119815	53	1.35436	15	14	
4	8	6	53	4	2	1376	1217	[1372,1213,1382,1223]	689.91	-989.13					0.105023	81	1.39573	15	15	
4	8	7	25	5	1	773	240	[769,238,778,242]	-368.15	-844.68					0.075141	31	0.870124	1	2	
4	8	7	25	5	2	767	260	[763,256,770,263]	-369.12	-847.58					0.100012	44	1.38074	1	5	
4	8	7	25	5	3	769	264	[767,263,771,266]	-368.8	-848.28					0.0993548	17	1.2827	1	6	
4	8	7	25	5	4	784	268	[780,264,790,273]	-366.52	-848.77					0.0926784	67	1.22439	1	8	
4	8	7	25	5	5	1245	322	[1243,320,1249,327]	-298.33	-856.93					0.0748707	39	1.44422	4	12	
4	8	3	37	3	1	41	185	[38,183,45,189]	492.37	-190.77					0.0659639578375	35	1.37283723654	2	1	
4	8	1	42	5	1	1427	963	[1423,960,1431,969]	-271.57	-951.7					0.197966656002	63	1.40067198308	3	5	
4	8	3	28	5	1	469	41	[466,38,472,47]	-413.21	-815.43					0.066480973252	43	1.02703458889	1	2	
4	8	7	43	5	1	1884	2156	[1882,2154,1886,2158]	-204.02	-1127.87					0.0698833092959	18	0.974760383211	3	1	
4	8	3	49	4	1	1411	1281	[1405,1275,1420,1290]	694.97	-998.67					0.0942739950779	151	1.24490078514	13	8	
4	8	5	42	4	1	1633	1800	[1628,1797,1635,1806]	727.47	-1075.48					0.0574675059266	47	1.01323636759	9	4	
4	8	2	50	4	1	1353	1263	[1349,1260,1356,1267]	686.16	-996					0.0573217	38	0.907327	5	5	
4	8	2	50	4	2	1409	1287	[1403,1282,1416,1294]	694.65	-999.52					0.161817	124	1.40625	5	6	
4	8	8	50	4	1	1358	1240	[1350,1235,1364,1249]	686.89	-992.79					0.117576450414	142	1.25909131705	10	3	
4	8	1	34	3	1	47	130	[43,127,51,135]	493.18	-182.63					0.0469219	58	1.50106	1	1	
4	8	1	34	3	2	39	143	[35,140,42,147]	491.94	-184.49					0.0539552	42	1.42664	1	2	
4	8	5	31	5	1	754	312	[752,310,757,315]	-370.99	-855.37					0.0645161290323	21	1.09496365089	4	3	
4	8	1	51	4	1	1351	1261	[1349,1259,1354,1267]	685.98	-995.79					0.0698609	42	0.94946	6	10	
4	8	1	51	4	2	1408	1286	[1403,1281,1414,1293]	694.44	-999.34					0.200915	109	1.3613	6	11	
4	8	7	61	4	1	260	1001	[258,999,264,1006]	524.81	-957.27					0.0646879216076	34	0.720920207099	10	8	
4	8	8	54	5	1	1947	1668	[1944,1667,1948,1671]	-194.76	-1055.83					0.213603022894	13	1.04154915014	2	1	
4	8	7	64	4	1	1643	199	[1641,197,1649,204]	729.44	-838.82					0.0721003	43	1.15523	17	17	
4	8	7	64	4	2	250	1039	[247,1037,253,1043]	523.18	-962.85					0.0702757	33	0.818996	21	20	
4	8	4	51	1	1	2095	894	[2093,891,2099,902]	-172.66	-295.91					0.0842202	52	1.04226	2	3	
4	8	4	51	1	2	1983	918	[1980,913,1987,922]	-189.36	-299.01					0.0913687	50	1.2208	2	4	
4	8	2	33	3	1	25	166	[23,163,28,171]	489.95	-188.01					0.0534308834941	35	1.35777262643	1	1	
4	8	2	62	1	1	21	228	[18,224,27,233]	-479.24	-197.16					0.0774515927545	61	1.17256060828	3	1	
4	8	2	59	3	1	39	74	[35,70,41,78]	491.92	-174.3					0.0844103854512	34	1.28055543541	1	1	
4	8	2	64	5	1	1324	570	[1322,569,1326,572]	-286.79	-893.52					0.0515369322526	13	0.966876765272	2	4	
4	8	3	50	3	1	68	1387	[64,1385,70,1392]	496.16	-368.59					0.0473259288996	40	1.54501899376	1	3	
4	8	1	62	1	1	10	160	[7,158,12,162]	-481.07	-186.96					0.0828933474129	22	0.886570124305	1	1	
4	8	5	35	4	1	1598	1722	[1594,1717,1601,1726]	722.4	-1063.75					0.0883619	47	1.03436	2	1	
4	8	5	35	4	2	1543	1763	[1540,1755,1547,1766]	714.39	-1069.64					0.0843005	46	0.938917	3	5	
4	8	1	31	4	1	507	105	[503,102,510,117]	561.18	-825.21					0.0730382660242	85	0.924923538094	3	2	
4	8	4	49	1	1	1990	919	[1984,916,1994,926]	-188.45	-299.44					0.0652560304697	75	1.1260826249	1	1	
4	8	2	56	4	1	54	1703	[52,1700,58,1710]	494.29	-1061.22					0.0750495610309	47	1.04077064129	5	8	
4	8	3	39	4	1	490	858	[487,854,497,863]	558.91	-936.04					0.0877389	64	0.927309	5	2	
4	8	3	39	4	2	532	920	[527,914,540,925]	565.06	-945.21					0.0833702	102	1.15707	5	4	
4	8	1	25	4	1	39	806	[36,804,43,809]	492.06	-928.38					0.0723182000804	30	1.30020574579	4	4	
4	8	4	41	1	1	787	1638	[782,1634,792,1646]	-366.07	-405.76					0.142799556586	110	1.18487117761	1	1	
4	8	2	30	5	1	353	78	[349,73,357,83]	-430.27	-820.7					0.0722614078019	59	1.06735162233	1	1	
4	8	8	51	4	1	1368	1216	[1363,1211,1376,1226]	688.6	-989.1					0.088817	123	1.05196	23	14	
4	8	8	51	4	2	1359	1239	[1355,1236,1363,1249]	687.26	-992.73					0.0910472	76	1.34325	23	15	
4	8	7	27	5	1	759	250	[755,246,766,258]	-370.09	-846.36					0.100118953212	77	1.45035906594	3	5	
4	8	2	25	4	1	249	551	[245,546,253,558]	523.04	-890.75					0.0655956	73	1.16624	3	5	
4	8	2	25	4	2	76	737	[74,735,83,740]	497.77	-918.16					0.0437738	48	1.16037	4	9	
4	8	2	25	4	3	87	753	[85,751,91,759]	499.26	-920.65					0.0570024	35	0.943072	4	10	
4	8	2	25	4	4	21	768	[16,762,25,775]	489.29	-922.78					0.0843878	76	1.06476	5	11	
4	8	1	61	1	1	16	203	[14,200,20,206]	-480.07	-193.39					0.0521994134897	31	1.09809248756	1	1	
4	8	4	62	3	1	26	71	[24,68,31,78]	490.26	-174.1					0.056775662925	49	1.20313304227	1	1	
4	8	4	51	4	1	1409	1286	[1403,1279,1416,1293]	694.58	-999.3					0.139772327192	148	1.34170047295	20	12	
4	8	4	29	4	1	515	545	[507,541,519,550]	562.07	-889.91					0.0650213	66	1.00864	2	1	
4	8	4	29	4	2	1497	1678	[1493,1673,1501,1683]	707.51	-1057.23					0.0595055	56	0.979945	4	2	
4	8	8	63	4	1	790	1548	[785,1544,793,1553]	602.95	-1038.11					0.080712865454	53	0.645641350396	13	25	
4	8	2	55	4	1	506	21	[502,15,511,30]	561.1	-812.47					0.0865766	87	0.835867	1	1	
4	8	2	55	4	2	1131	1824	[1129,1822,1135,1827]	653.49	-1078.84					0.0527675	24	1.04179	5	7	
4	8	3	43	5	1	973	16	[969,12,978,21]	-338.58	-811.61					0.0613452956274	62	1.15194615879	1	2	
4	8	3	32	4	1	1617	1754	[1613,1749,1621,1759]	725.24	-1068.47					0.0476788418215	55	1.04407332542	6	3	
4	8	6	34	5	1	731	284	[729,283,732,288]	-374.52	-851.39					0.0771620921802	17	1.06891577929	1	3	
4	8	3	41	1	1	788	1641	[783,1636,791,1646]	-366.12	-405.97					0.101326518194	66	1.16444263219	2	4	
4	8	6	54	5	1	464	527	[461,526,466,531]	-413.98	-887.26					0.0594869929052	19	1.03027164441	5	5	
4	8	6	41	3	1	21	1324	[13,1315,29,1335]	489.21	-359.34					0.135297749635	194	1.08918898713	5	3	
4	8	5	44	5	1	658	1629	[655,1626,663,1633]	-385.17	-1050.05					0.0543449829983	43	1.27460094653	3	1	
4	8	2	64	4	1	411	400	[406,395,416,407]	546.95	-868.41					0.0901615271659	89	1.33844419268	10	19	
4	8	6	52	1	1	2092	892	[2089,890,2096,895]	-173.13	-295.26					0.0604709802332	31	0.969499713969	3	2	
4	8	1	41	5	1	735	350	[733,348,738,353]	-373.83	-860.91					0.056096164854	25	1.06302041231	5	8	
4	8	2	40	5	1	1205	1308	[1203,1306,1208,1313]	-304.25	-1002.75					0.0552014691585	36	0.996509914388	4	4	
4	8	3	43	3	1	898	437	[892,431,904,444]	618.95	-227.93					0.158371040724	151	1.16525117441	1	1	
4	8	4	39	3	1	10	87	[7,84,13,90]	487.72	-176.21					0.0545079855744	30	0.91543067401	1	1	
4	8	8	58	4	1	774	1527	[769,1521,781,1533]	600.78	-1034.75					0.146587632169	103	0.90361514493	9	13	
4	8	1	37	1	1	704	1597	[701,1594,707,1599]	-378.41	-399.32					0.0650298957617	30	1.0421671857	4	4	
4	8	8	59	4	1	763	1458	[758,1455,766,1462]	598.93	-1024.81					0.0735846	44	0.995186	9	7	
4	8	8	59	4	2	766	1463	[759,1461,769,1470]	599.17	-1025.67					0.0838404	56	1.07109	9	8	
4	8	7	52	4	1	1368	1208	[1363,1204,1375,1214]	688.7	-987.75					0.104940960679	92	1.13415709286	18	9	
4	8	6	48	3	1	41	1361	[36,1356,46,1369]	492.22	-364.72					0.0684940657775	94	1.23976624532	3	1	
4	8	1	35	5	1	1055	3	[1051,0,1058,8]	-326.52	-809.63					0.0727549	48	1.02668	1	1	
4	8	1	35	5	2	773	225	[771,223,776,228]	-368.14	-842.42					0.0635555	23	1.16541	4	4	
4	8	8	40	1	1	791	1608	[783,1602,797,1616]	-365.7	-401.15					0.152922578945	163	1.44958164108	2	1	
4	8	2	43	3	1	893	435	[888,431,899,441]	618.37	-227.7					0.104537139278	83	1.18491248303	2	2	
4	8	3	51	3	1	32	39	[29,35,35,42]	490.95	-169.03					0.0640369	38	1.16456	1	1	
4	8	3	51	3	2	11	139	[9,137,13,144]	487.87	-184.07					0.0480046	28	0.885805	1	2	
4	8	3	51	3	3	62	1377	[58,1372,68,1382]	495.44	-366.83					0.0571642	82	1.40139	2	3	
4	8	5	50	1	1	2088	884	[2084,882,2093,888]	-173.76	-294.27					0.0687623	45	0.963502	2	2	
4	8	5	50	1	2	2087	890	[2086,889,2095,893]	-173.41	-295					0.0647372	35	1.07828	2	3	
4	8	2	37	5	1	654	290	[653,289,655,292]	-385.82	-852.07					0.0869050438077	11	1.03525740758	6	9	
4	8	5	30	5	1	396	4	[390,1,400,9]	-424.01	-809.95					0.0810372040586	59	1.03663223055	1	1	
4	8	5	39	1	1	794	1619	[790,1615,798,1623]	-365.16	-402.67					0.0712877552511	58	1.1665438461	1	3	
4	8	3	48	3	1	74	1423	[69,1417,80,1428]	497.18	-373.65					0.0584350823513	96	1.42477224433	4	5	
4	8	2	44	4	1	40	1640	[38,1637,44,1646]	492.29	-1051.84					0.0622262191407	43	1.15820360986	2	2	
4	8	4	40	1	1	786	1635	[782,1628,792,1640]	-366.23	-404.97					0.100966296583	81	1.17288129329	1	5	
4	8	3	37	4	1	535	926	[529,922,543,932]	565.38	-946.23					0.0592575086569	97	1.10272885429	1	1	
4	8	4	48	1	1	2096	884	[2091,881,2100,887]	-172.66	-294.04					0.0599950621348	50	0.968357901589	1	1	
4	8	1	34	5	1	779	348	[777,344,781,350]	-367.32	-860.49					0.0565541429198	23	1.02867245296	5	9	
4	8	2	36	4	1	6	1578	[4,1575,11,1583]	487.23	-1042.55					0.118529350324	45	1.00121049185	1	1	
4	8	1	29	9	1	105	17	[103,14,108,22]	501.77	-1457.65					0.0580051313249	38	1.21338721408	1	1	
4	8	1	42	3	1	29	62	[26,58,33,66]	490.52	-172.56					0.0753069	49	1.10645	1	2	
4	8	1	42	3	2	899	442	[890,437,904,448]	618.92	-228.68					0.103634	111	1.18527	4	4	
4	8	2	64	1	1	39	124	[36,121,41,127]	-476.81	-181.63					0.0607785	25	1.24337	1	1	
4	8	2	64	1	2	39	199	[33,194,43,203]	-476.85	-192.75					0.092479	72	1.39732	2	2	
4	8	3	49	3	1	73	1408	[66,1404,77,1414]	496.8	-371.6					0.0808014544637	97	1.39640193245	5	9	
4	8	2	45	4	1	485	764	[480,761,492,769]	558.02	-922.19					0.0487010203207	68	0.972686957208	6	5	
4	8	3	27	4	1	1028	1394	[1025,1390,1034,1398]	638.32	-1015.23					0.0609522768272	52	1.1071377459	8	2	
4	8	5	51	1	1	2094	896	[2087,892,2098,901]	-173.06	-295.91					0.0768526	75	1.05642	2	4	
4	8	5	51	1	2	1987	913	[1984,910,1990,918]	-188.73	-298.51					0.0489578	36	1.29488	2	5	
4	8	5	51	1	3	1982	916	[1979,913,1987,921]	-189.35	-298.93					0.0705636	53	1.20779	2	6	
4	8	1	39	4	1	532	921	[527,916,539,926]	565.01	-945.29					0.124202	104	1.09129	3	3	
4	8	1	39	4	2	518	924	[515,921,523,927]	562.86	-945.83					0.0534102	40	0.995131	3	4	
4	8	1	39	4	3	795	311	[791,309,797,315]	603.6	-855.28					0.0521944	30	1.04447	6	6	
4	8	2	29	5	1	745	1395	[740,1392,751,1408]	-372.14	-1016					0.13409409986	122	0.847964951944	3	10	
4	8	4	50	3	1	66	1386	[59,1380,71,1391]	495.88	-368.24					0.066759949412	94	1.46885830585	2	1	
4	8	1	28	5	1	743	1399	[736,1390,749,1411]	-372.59	-1016.26					0.159955160817	190	0.817865566278	3	7	
4	8	6	52	4	1	1369	1207	[1365,1204,1375,1211]	688.65	-987.65					0.111961749323	53	1.23463196688	14	4	
4	8	7	28	3	1	33	184	[28,179,37,190]	491.08	-190.68					0.0706939623009	65	1.4234683757	1	1	
4	8	2	50	1	1	1982	914	[1980,912,1987,920]	-189.31	-298.61					0.0830994508847	40	1.21333385452	1	1	
4	8	1	61	4	1	421	415	[417,412,425,422]	548.43	-870.69					0.058932	68	1.24787	14	12	
4	8	1	61	4	2	66	1656	[60,1652,71,1660]	495.99	-1053.92					0.0772492	54	1.09945	23	26	
4	8	8	60	4	1	736	1558	[731,1553,739,1566]	594.94	-1039.74					0.12293144208	76	1.36657032904	11	14	
4	8	2	40	1	1	789	1634	[785,1630,793,1639]	-365.82	-404.89					0.0698221669412	51	1.0469998331	2	2	
4	8	3	52	3	1	38	49	[33,46,41,53]	491.77	-170.63					0.0837696	49	1.32669	1	1	
4	8	3	52	3	2	36	77	[33,73,40,80]	491.62	-174.66					0.0728238	41	1.41952	1	2	
4	8	7	52	1	1	2096	896	[2094,893,2099,901]	-172.53	-295.89					0.0939399454049	34	0.999591181464	2	1	
4	8	4	59	4	1	926	1881	[922,1874,933,1886]	623.25	-1087.13					0.113973518447	91	1.76539951941	21	11	
4	8	5	35	5	1	714	281	[711,279,716,284]	-377	-850.79					0.0568440200091	23	1.07576309502	7	2	
4	8	8	52	4	1	1359	1237	[1354,1232,1364,1244]	687.15	-992.11					0.17081297392	115	1.51200181928	19	14	
4	8	1	48	4	1	1416	1275	[1412,1273,1418,1283]	695.49	-998.08					0.0905343736199	57	1.21153961981	7	3	
4	8	3	39	5	1	1476	1999	[1474,1997,1479,2003]	-264.23	-1104.78					0.0614751029577	28	0.956816741764	2	4	
4	8	6	37	4	1	1203	2081	[1200,2079,1206,2087]	664.05	-1117.1					0.0643325284581	45	0.882118736466	8	8	
4	8	4	59	5	1	1562	913	[1556,908,1567,921]	-251.65	-944.3					0.114725288278	99	1.52502073356	5	9	
4	8	2	31	4	1	1521	1597	[1518,1594,1524,1603]	711.01	-1045.46					0.0619385639801	42	1.04619537742	3	1	
