,Row,Column,Plane,Timepoint,Field,Object No,X,Y,Bounding Box,Position X [µm],Position Y [µm],coloc AR - Relative Spot  Intensity,coloc AR - Corrected Spot  Intensity,coloc AR - Uncorrected Spot  Peak Intensity,coloc AR - Spot Contrast,coloc AR - Spot Background Intensity,coloc AR - Spot Area [px²],coloc AR - Region Intensity,coloc AR - Spot To Region Intensity,coloc AR - Object No in Clustered Nuclei w/o Border Round Selected,coloc AR - Object No in Spots AR
5331,4,8,7,21,4,1,1971,184,"[1964,180,1975,189]",777.55,-836.38,0.0264840338041,23.2308457711,1033,0.0948982475975,853.933333333,67,885.667125803,0.990399387703,1,1
5332,4,8,6,0,5,1,954,137,"[947,127,961,145]",-341.58,-829.31,0.185292816091,1884.49942317,14030,0.257400201039,8285.88636364,197,5230.65935472,1.94437930232,1,11
5333,4,8,5,33,5,1,729,285,"[727,283,732,289]",-374.63,-851.38,0.0284007,6.41435,259,0.0826911,219.438,27,218.124,1.03543,1,2
5334,4,8,5,33,5,2,777,323,"[775,321,779,325]",-367.57,-856.91,0.027668,6.36364,251,0.0576518,223.636,15,218.124,1.05445,1,3
5335,4,8,6,47,1,1,1990,906,"[1986,902,1996,912]",-188.27,-297.44,0.0418950483845,35.650617284,939,0.0705124551103,815.3,81,753.292402149,1.12964184274,3,2
5336,4,8,2,7,1,1,300,512,"[298,509,303,518]",-438.04,-239.33,0.0253695526221,26.83436853,1218,0.0831939356724,1030.9047619,46,948.161085509,1.11556901733,1,1
5337,4,8,4,22,1,1,315,587,"[313,585,317,590]",-435.93,-250.2,0.0253859578467,16.5877192982,708,0.052918577271,636.833333333,19,654.760233633,0.997954700159,2,9
5338,4,8,1,24,5,1,1504,1245,"[1500,1240,1509,1249]",-260.04,-993.11,0.0282877922629,16.2527233115,629,0.0595501762486,558.296296296,51,507.342745098,1.13246720321,4,47
5339,4,8,1,6,3,1,1334,1413,"[1331,1411,1336,1418]",683.4,-372.45,0.0280672,16.0817,609,0.0446965,556.889,34,491.514,1.16573,3,21
5340,4,8,1,6,3,2,1409,1447,"[1402,1444,1414,1452]",694.37,-377.43,0.0376797,20.6549,611,0.0733269,527.516,76,491.514,1.11527,3,27
5341,4,8,1,6,3,3,1305,1465,"[1302,1461,1312,1470]",679.35,-379.9,0.0382875,21.15,629,0.0842491,531.25,70,491.514,1.12387,3,30
5342,4,8,1,6,3,4,1336,1507,"[1330,1504,1340,1514]",683.62,-386.32,0.0342978,19.181,615,0.0648715,540.069,68,491.514,1.13781,3,34
5343,4,8,1,61,5,1,1513,847,"[1509,842,1520,854]",-258.6,-934.47,0.0772966105137,46.4587369237,698,0.114494150034,554.586206897,89,475.763934141,1.2633259915,4,46
5344,4,8,2,10,4,1,258,581,"[253,576,263,585]",524.42,-895.06,0.0288477,40.7261,1524,0.0528372,1371.03,71,1109.16,1.27282,3,17
5345,4,8,2,10,4,2,250,607,"[245,602,255,614]",523.16,-898.97,0.0266063,35.9565,1491,0.0625445,1315.47,96,1109.16,1.21843,3,19
5346,4,8,2,10,4,3,363,608,"[359,601,368,612]",539.84,-898.95,0.0281618,31.8729,1269,0.0713819,1099.9,67,1109.16,1.02039,3,20
5347,4,8,3,61,5,1,419,463,"[416,458,422,466]",-420.62,-877.53,0.0257174828432,5.65576102418,239,0.0545750116117,214.263157895,37,209.561100649,1.04942624484,2,33
5348,4,8,1,19,1,1,688,1639,"[684,1636,693,1643]",-380.76,-405.68,0.02513253562,13.2903448276,584,0.0622817229336,515.52,58,493.393855147,1.07178137569,4,5
5349,4,8,1,62,4,1,421,402,"[416,399,425,409]",548.34,-868.82,0.0444032145533,28.1698360656,722,0.0871529241703,606.24,61,475.048979951,1.3354619478,1,4
5350,4,8,6,3,5,1,998,123,"[994,119,1003,128]",-334.85,-827.43,0.0447554746891,276.065005417,7045,0.0891047899919,5892.23076923,71,6091.04937961,1.01268195186,1,13
5351,4,8,1,14,4,1,1287,828,"[1283,820,1291,835]",676.42,-931.52,0.0467529164705,29.2171518489,719,0.0937776032977,595.709677419,82,538.328947904,1.16086424797,5,32
5352,4,8,3,40,3,1,1259,1048,"[1256,1044,1261,1050]",672.33,-318.11,0.0258332404414,8.91346153846,388,0.0716381840152,336.125,26,324.559163558,1.06309881304,1,2
5353,4,8,8,1,4,1,1842,1822,"[1838,1817,1846,1826]",758.63,-1078.49,0.0271154551177,28.1003584229,1168,0.0734197896457,1008.22222222,62,986.964646951,1.05000982948,10,8
5354,4,8,1,9,4,1,300,1031,"[296,1027,304,1035]",530.57,-961.52,0.0267477140389,17.1361904762,698,0.0563562986451,623.523809524,50,578.364794902,1.10770919262,8,23
5355,4,8,6,27,4,1,1939,312,"[1937,310,1944,318]",773.02,-855.57,0.0290159711489,20.1142857143,761,0.0612927968761,673.1,42,772.821719549,0.896991205319,1,8
5356,4,8,3,55,3,1,1021,1694,"[1019,1691,1024,1696]",637.18,-413.72,0.0293381317478,9.86842105263,366,0.0570397111913,326.5,19,299.598907054,1.12272913262,4,7
5357,4,8,8,29,5,1,940,118,"[933,112,947,127]",-343.53,-826.76,0.091514484934,286.945547945,3735,0.134641892893,2848.575,146,1911.03164942,1.64074757678,1,5
5358,4,8,2,48,4,1,1411,1275,"[1405,1272,1419,1282]",694.89,-997.81,0.0266272,28.219,1237,0.0905602,1031.56,81,859.339,1.23325,9,19
5359,4,8,2,48,4,2,1416,1279,"[1411,1277,1418,1283]",695.39,-998.4,0.0284865,31.4267,1234,0.0703492,1071.79,37,859.339,1.2838,9,20
5360,4,8,5,44,5,1,658,1630,"[655,1626,663,1633]",-385.16,-1050.05,0.0272806837861,34.880952381,1379,0.0515823301923,1243.71428571,42,996.642691146,1.28290233747,5,2
5361,4,8,6,35,5,1,987,114,"[981,108,995,121]",-336.53,-826.15,0.125084,688.704,6937,0.180341,4817.23,158,3488.95,1.57811,1,3
5362,4,8,6,35,5,2,1265,1975,"[1263,1972,1268,1977]",-295.41,-1101.04,0.0257375,12.941,554,0.0614382,489.867,26,459.04,1.09535,5,25
5363,4,8,7,54,4,1,1378,1222,"[1373,1218,1384,1227]",690.11,-989.78,0.0476272213149,69.3431407302,1703,0.102403474702,1386.61290323,91,1089.86385077,1.33590635466,7,5
5364,4,8,1,0,3,1,1027,1636,"[1023,1632,1030,1640]",637.97,-405.21,0.0262313006845,19.3438735178,839,0.0776506305465,718.090909091,46,609.761623455,1.20938208349,2,35
5365,4,8,1,4,5,1,1481,1899,"[1476,1892,1487,1905]",-263.57,-1089.88,0.0381542623832,16.1821112006,483,0.0842466657863,407.941176471,73,393.361356746,1.07820272733,3,79
5366,4,8,3,50,1,1,1984,913,"[1978,911,1988,918]",-189.42,-298.5,0.0329528138301,23.2268518519,834,0.100536082474,681.625,54,569.78648283,1.23704558303,2,2
5367,4,8,4,53,4,1,1401,1242,"[1396,1240,1403,1246]",693.18,-992.91,0.0317106,36.0535,1306,0.0852133,1100.9,43,1076.07,1.05658,11,8
5368,4,8,4,53,4,2,1414,1286,"[1406,1280,1419,1293]",695.06,-999.29,0.111711,168.364,1871,0.165816,1338.77,135,1076.07,1.40059,11,9
5369,4,8,2,12,5,1,1369,828,"[1365,824,1372,831]",-280.11,-931.53,0.0322163378169,22.6118421053,820,0.0938706733132,679.263157895,40,663.425345902,1.05795626341,2,39
5370,4,8,3,52,4,1,1409,1282,"[1404,1277,1414,1289]",694.51,-998.8,0.139512166161,213.625420875,1978,0.200386189141,1317.60606061,108,990.197007129,1.54639073887,12,10
5371,4,8,4,9,4,1,358,651,"[356,648,363,658]",539.31,-905.73,0.0279850856462,32.045410628,1249,0.0575588565538,1113.04347826,45,1166.82406715,0.981372360348,2,9
5372,4,8,1,1,5,1,1591,1090,"[1587,1087,1596,1094]",-247.26,-970.28,0.0259462272128,27.2546583851,1143,0.0553169282646,1023.17391304,49,826.6426778699998,1.27071659805,4,129
5373,4,8,1,62,5,1,1000,213,"[992,207,1007,222]",-334.84,-840.78,0.0382855,196.145,5931,0.0924595,4927.07,141,5294.14,0.967714,1,37
5374,4,8,1,62,5,2,1466,502,"[1463,500,1470,505]",-265.65,-883.41,0.0274694,9.50677,374,0.0526628,336.579,35,345.246,1.00243,4,46
5375,4,8,1,62,5,3,1493,862,"[1490,859,1498,868]",-261.57,-936.72,0.0676146,40.888,704,0.110556,563.833,61,457.494,1.32181,7,53
5376,4,8,7,0,4,1,235,1560,"[229,1554,245,1565]",521.32,-1039.73,0.0253723906211,52.9098297214,2418,0.0866387568296,2032.42105263,136,2016.07746546,1.03435057337,8,16
5377,4,8,1,16,4,1,811,203,"[808,201,814,210]",606.17,-839.43,0.0270076924372,11.7545787546,470,0.0520705644087,423.476190476,39,407.743615855,1.06741283568,1,2
5378,4,8,3,17,3,1,1611,1438,"[1607,1435,1616,1443]",724.55,-376.1,0.0257318040184,20.0347826087,848,0.0556683175016,758.565217391,45,702.674836912,1.10805163228,2,5
5379,4,8,4,55,1,1,1285,147,"[1280,145,1287,153]",-292.72,-185.4,0.0297412004978,20.7111111111,767,0.0633086876155,675.666666667,45,636.333780881,1.0943592792,1,3
5380,4,8,7,32,5,1,948,117,"[944,114,954,123]",-342.26,-826.75,0.0451511813416,135.845714286,3405,0.084768009379,2872.84,70,1949.21399499,1.5435379194,1,4
5381,4,8,2,59,5,1,1545,854,"[1542,849,1549,861]",-253.97,-935.5,0.0328591571059,23.9612676056,811,0.0697444352844,705.25,71,582.418250785,1.25204055097,4,37
5382,4,8,8,25,1,1,1723,1453,"[1718,1447,1728,1459]",-227.82,-378.24,0.0258801063259,48.7888888889,2241,0.0992299014078,1836.4,90,1877.04520387,1.00433856628,3,2
5383,4,8,3,51,4,1,1409,1288,"[1404,1281,1415,1293]",694.56,-999.41,0.117096,174.017,1854,0.171162,1312.09,117,1035.54,1.4351,10,13
5384,4,8,3,51,4,2,1372,1461,"[1369,1458,1375,1464]",689.01,-1025.12,0.0317615,22.5244,790,0.0699916,686.647,35,745.751,0.950949,12,23
5385,4,8,6,61,5,1,927,135,"[920,128,936,142]",-345.39,-829.12,0.139169,915.623,8495,0.199979,5663.59,173,4435.69,1.48324,1,2
5386,4,8,6,61,5,2,902,139,"[897,134,906,155]",-349.21,-830.38,0.0620564,325.19,6267,0.120904,4915.04,134,4435.69,1.18138,1,5
5387,4,8,7,44,3,1,1270,1040,"[1268,1037,1273,1045]",674.12,-317.19,0.0266192411404,11.3980263158,465,0.0546735108034,416.789473684,32,364.390684825,1.17507806273,2,1
5388,4,8,3,27,4,1,1028,1394,"[1025,1390,1034,1398]",638.32,-1015.23,0.0270051239151,29.7980769231,1213,0.0609522768272,1073.625,52,1003.1556284,1.09995203704,7,15
5389,4,8,5,58,3,1,1295,1003,"[1291,1000,1299,1009]",677.71,-311.81,0.0304883910974,12.685,477,0.0836291353117,403.375,50,389.887503476,1.06712832879,2,2
5390,4,8,4,18,3,1,1594,1445,"[1591,1441,1597,1448]",721.83,-376.95,0.027405993899,24.4664031621,958,0.0491313654239,868.272727273,46,736.147391139,1.21271791652,2,2
5391,4,8,2,52,4,1,1408,1282,"[1404,1278,1413,1289]",694.46,-998.84,0.149841,190.116,1656,0.211117,1078.67,92,809.251,1.56785,12,20
5392,4,8,2,52,4,2,1356,1294,"[1352,1290,1359,1298]",686.73,-1000.42,0.0305712,25.5262,918,0.0628383,809.45,42,809.251,1.03179,12,21
5393,4,8,5,49,1,1,2012,878,"[2008,874,2018,882]",-184.98,-293.11,0.0298994,23.2917,843,0.0546014,755.708,67,740.576,1.05188,3,1
5394,4,8,5,49,1,2,2093,891,"[2089,887,2098,896]",-172.99,-295.11,0.0410645,30.86,841,0.0770728,720.64,58,740.576,1.01475,3,2
5395,4,8,5,49,1,3,1992,921,"[1988,917,1995,926]",-188.07,-299.5,0.0318896,29.314,1025,0.0705408,889.92,47,740.576,1.24124,3,3
5396,4,8,5,49,1,4,919,2029,"[917,2028,922,2033]",-346.55,-463.5,0.0272767,25.5159,1215,0.143568,909.929,18,719.347,1.30041,7,6
5397,4,8,2,39,5,1,1455,1956,"[1453,1954,1458,1958]",-267.28,-1098.32,0.0264377376426,10.5952380952,431,0.0497259995941,390.166666667,21,361.12113064,1.10977140565,8,38
5398,4,8,7,48,5,1,465,436,"[455,429,471,446]",-414.02,-873.9,0.0799639264436,57.6003787879,952,0.179145109474,662.729166667,176,267.758231995,2.69022371446,3,16
5399,4,8,5,48,1,1,2098,884,"[2094,876,2102,888]",-172.45,-293.77,0.0353814699236,21.6315789474,717,0.0973789936866,589.75,76,640.627388946,0.954348174144,2,2
5400,4,8,8,28,3,1,1558,2073,"[1552,2068,1563,2078]",716.49,-469.69,0.0286840916294,31.1622710623,1198,0.0633608000355,1055.23333333,91,1093.88854489,0.993150179211,2,2
5401,4,8,2,62,4,1,429,367,"[425,364,434,370]",549.69,-863.46,0.0290270863218,16.380952381,628,0.0680704596072,547.952380952,48,505.811437748,1.11569903568,1,2
5402,4,8,2,7,3,1,714,428,"[710,425,716,434]",591.64,-226.87,0.0273323,26.6756,1065,0.0574393,949.3,41,948.009,1.0295,1,1
5403,4,8,2,7,3,2,1327,1458,"[1321,1453,1331,1464]",682.36,-378.9,0.0293679,16.2693,616,0.0678554,537.714,61,454.343,1.21931,2,6
5404,4,8,2,7,3,3,1412,1496,"[1410,1495,1414,1501]",694.97,-384.79,0.0314278,14.5839,506,0.059174,449.462,22,454.343,1.02136,2,10
5405,4,8,2,7,3,4,1422,1512,"[1418,1508,1425,1517]",696.49,-386.88,0.0267253,12.6827,532,0.0705572,461.875,52,454.343,1.04449,2,12
5406,4,8,7,49,4,1,1362,1244,"[1357,1239,1365,1249]",687.53,-993.13,0.0325365081447,43.7836134454,1484,0.0653676046407,1301.89285714,68,1032.32266563,1.30354250215,8,1
5407,4,8,5,10,4,1,335,584,"[328,579,339,591]",535.54,-895.65,0.0250403367833,27.0544245949,1223,0.0745133681739,1053.37931034,83,1030.14339722,1.04881877402,3,4
5408,4,8,5,22,4,1,1944,184,"[1940,180,1952,189]",773.87,-836.29,0.0287457,22.0531,901,0.0946921,745.125,73,870.41,0.881398,1,1
5409,4,8,5,22,4,2,1938,295,"[1935,291,1942,300]",772.75,-852.9,0.0254254,25.1552,1092,0.0621445,964.217,51,870.41,1.13667,1,7
5410,4,8,3,51,1,1,2092,892,"[2089,888,2097,896]",-173.13,-295.19,0.0342995,20.5986,693,0.0888056,579.955,47,641.494,0.936179,2,1
5411,4,8,3,51,1,2,1987,914,"[1981,909,1991,918]",-188.78,-298.4,0.0503121,41.7463,971,0.104036,788.0,67,641.494,1.29346,2,2
5412,4,8,1,58,5,1,1541,864,"[1538,861,1546,873]",-254.53,-937.27,0.0389607939734,25.7179118774,783,0.104855975088,634.379310345,72,512.580860059,1.28779139772,6,43
5413,4,8,1,41,4,1,1070,1167,"[1068,1165,1073,1171]",644.49,-981.7,0.0273425096115,19.770398482,812,0.0717391304348,703.294117647,31,724.199147541,0.998433260498,9,12
5414,4,8,5,53,1,1,2085,899,"[2078,893,2090,907]",-174.39,-296.28,0.0608862,41.7579,801,0.108592,644.077,115,687.712,0.99727,3,3
5415,4,8,5,53,1,2,1383,1716,"[1378,1713,1388,1719]",-277.94,-416.97,0.0263722,16.9509,709,0.0623253,625.808,58,618.031,1.04001,7,5
5416,4,8,5,53,1,3,969,2055,"[967,2053,972,2058]",-339.17,-467.18,0.0258474,17.7257,753,0.0597756,668.056,32,704.768,0.973059,8,8
5417,4,8,1,39,4,1,795,311,"[791,309,797,315]",603.6,-855.28,0.0250455719277,10.9916666667,475,0.0521943790669,427.875,30,415.954232445,1.05508402712,3,6
5418,4,8,2,36,5,1,767,218,"[764,216,769,222]",-369.14,-841.47,0.036074,9.32328,280,0.0583511,249.125,29,212.381,1.21691,2,31
5419,4,8,2,36,5,2,649,277,"[647,275,653,280]",-386.46,-850.19,0.0259847,6.30699,264,0.0551311,236.412,32,212.381,1.14285,2,32
5420,4,8,2,4,4,1,323,999,"[320,997,327,1003]",534.04,-956.98,0.027113,34.1096,1361,0.0530207,1223.94,37,1019.2,1.23436,3,22
5421,4,8,2,4,4,2,1923,1960,"[1919,1955,1926,1964]",770.53,-1098.78,0.032618,19.2051,661,0.0742873,569.583,52,501.763,1.17344,9,90
5422,4,8,7,24,5,1,929,104,"[922,98,939,112]",-344.96,-824.64,0.136846586475,821.892045455,7761,0.199068790797,5184.04545455,192,3064.2500411,1.96000242129,1,5
5423,4,8,7,13,1,1,1707,1465,"[1703,1462,1718,1471]",-229.77,-380.04,0.0280720119117,69.1032950759,2895,0.0950270651557,2392.54054054,73,2466.37804878,0.998080499798,1,8
5424,4,8,1,19,4,1,992,194,"[990,192,996,199]",633.04,-838.04,0.0259048,22.1171,937,0.0595552,831.667,37,775.029,1.10162,1,8
5425,4,8,1,19,4,2,285,1553,"[281,1550,290,1559]",528.37,-1038.86,0.0286484,24.4727,919,0.0510249,829.769,62,801.652,1.0656,12,34
5426,4,8,8,24,5,1,928,103,"[921,96,941,111]",-344.97,-824.46,0.132329328271,567.510724077,5413,0.185227263338,3721.11320755,234,2164.16308678,1.98165469036,1,2
5427,4,8,3,3,3,1,1343,1373,"[1339,1368,1349,1378]",684.94,-366.33,0.0487711,28.6774,704,0.114521,559.323,77,553.869,1.06162,3,36
5428,4,8,3,3,3,2,1308,1394,"[1303,1390,1312,1405]",679.52,-370.0,0.046803,29.8245,744,0.101072,607.41,115,553.869,1.15052,3,39
5429,4,8,3,3,3,3,1383,1414,"[1376,1411,1386,1418]",690.41,-372.53,0.0373054,21.9259,663,0.0790886,565.815,54,553.869,1.06116,3,41
5430,4,8,3,3,3,4,1357,1489,"[1354,1484,1361,1494]",686.83,-383.47,0.0291909,18.04,688,0.0683562,599.96,55,553.869,1.11579,3,54
5431,4,8,4,51,4,1,1409,1286,"[1403,1279,1416,1293]",694.58,-999.3,0.0954198982496,144.976351351,1821,0.139772327192,1374.375,148,1122.86098498,1.35310726054,9,9
5432,4,8,2,24,4,1,288,651,"[282,643,293,654]",528.72,-905.13,0.0295317471161,20.3673076923,788,0.0814462918976,669.307692308,80,698.870747106,0.986841991678,4,19
5433,4,8,2,9,4,1,283,562,"[277,558,287,567]",528.01,-892.27,0.0275659587076,34.6915254237,1357,0.0516119032858,1223.8,59,1017.72716811,1.23657062999,3,12
5434,4,8,3,13,3,1,1604,1486,"[1598,1483,1607,1496]",723.25,-383.4,0.0292031689807,34.1990740741,1335,0.0801517067004,1136.875,81,1079.44473241,1.08488562584,2,5
5435,4,8,1,4,3,1,842,531,"[838,528,848,536]",610.89,-241.96,0.0278280584742,27.4146853147,1056,0.0487995874477,957.730769231,55,842.864221432,1.16880682499,1,10
5436,4,8,2,52,3,1,1261,1034,"[1258,1032,1265,1038]",672.7,-316.32,0.0259580200441,9.98897058824,414,0.0496644295302,374.823529412,32,349.236600342,1.10186761532,2,5
5437,4,8,3,28,1,1,265,579,"[261,576,268,588]",-443.4,-249.25,0.0352760239599,21.4679802956,683,0.075502945728,587.103448276,70,577.994094957,1.05290250174,2,4
5438,4,8,5,53,5,1,341,466,"[339,465,342,468]",-432.12,-878.1,0.0537792,12.1944,304,0.172488,214.556,12,197.563,1.14774,3,29
5439,4,8,5,53,5,2,1946,1669,"[1945,1668,1949,1671]",-194.7,-1055.92,0.0288393,14.9261,712,0.172367,502.636,16,542.451,0.954119,9,35
5440,4,8,4,13,4,1,2001,1913,"[1996,1909,2005,1918]",782.05,-1092.11,0.0283530944051,15.9224250326,606,0.0523995591624,545.653846154,59,518.395021443,1.08329796382,9,27
5441,4,8,3,39,5,1,1476,1999,"[1474,1996,1479,2003]",-264.2,-1104.75,0.0275518412585,11.0089285714,443,0.0654641112364,388.5625,28,407.781206998,0.979867197689,9,38
5442,4,8,3,8,3,1,745,540,"[742,537,748,544]",596.39,-243.17,0.0254180889467,25.2451219512,1097,0.0624954599385,967.95,41,953.17905517,1.04198168913,1,2
5443,4,8,1,36,4,1,1055,1147,"[1051,1144,1058,1153]",642.2,-978.88,0.0400344030938,24.1553030303,685,0.0836821462707,579.208333333,55,585.68189736,1.03019000431,10,24
5444,4,8,2,56,5,1,341,466,"[339,465,342,468]",-432.17,-878.13,0.0418601475007,9.73015873016,293,0.136288088643,222.714285714,9,214.380002063,1.0842636543,3,37
5445,4,8,2,47,4,1,1380,975,"[1375,973,1382,979]",690.01,-953.41,0.0254627313657,14.5428571429,627,0.0594795539033,556.6,35,586.144653232,0.974405983223,8,8
5446,4,8,8,55,1,1,2078,916,"[2073,912,2082,920]",-175.39,-298.74,0.0262545407507,21.4996047431,874,0.0458352843244,797.391304348,55,778.999233765,1.0512088762,4,3
5447,4,8,1,3,5,1,1580,1264,"[1577,1259,1587,1272]",-248.65,-996.26,0.0437207153053,32.9985221675,879,0.0982292878377,721.75862069,70,812.064681058,0.929429835409,3,70
5448,4,8,6,51,4,1,1359,1244,"[1354,1238,1364,1250]",687.07,-993.07,0.0937830254648,146.730507426,1850,0.132245077507,1417.84375,101,1140.20797842,1.37218322186,10,6
5449,4,8,6,37,5,1,986,117,"[980,110,995,128]",-336.58,-826.81,0.128597893522,710.923997185,6999,0.184630078359,4817.34693878,203,3427.60908878,1.61286505922,1,2
5450,4,8,2,45,3,1,911,540,"[907,536,915,545]",620.92,-243.2,0.0323890155215,28.1509433962,953,0.0624303232999,841.0,53,802.735255874,1.08273672675,1,3
5451,4,8,7,48,1,1,2095,882,"[2091,878,2101,888]",-172.57,-293.91,0.0403682677534,31.0730593607,842,0.0653732602278,738.666666667,73,770.618275088,0.998859942608,3,1
5452,4,8,1,53,1,1,1226,132,"[1223,128,1231,136]",-301.15,-182.89,0.0400678240997,18.7413793103,534,0.0864699898271,449.0,58,450.639933835,1.03794924549,1,2
5453,4,8,5,43,4,1,136,533,"[128,529,141,538]",506.26,-888.08,0.0323292555891,24.4314550042,880,0.0923020951484,731.275862069,82,451.828206153,1.67255453905,3,3
5454,4,8,7,16,5,1,949,118,"[940,112,958,125]",-342.17,-826.8,0.136136756903,1121.62385681,10706,0.201347071971,7117.3255814,178,4237.65836077,1.94422219461,1,3
5455,4,8,2,53,3,1,1854,945,"[1850,942,1860,951]",760.47,-303.18,0.0311299202277,12.5939393939,463,0.0830831611369,391.966666667,66,402.138425332,1.00602325114,3,4
5456,4,8,1,1,3,1,1074,1722,"[1070,1718,1080,1727]",645.12,-417.89,0.0501073884857,33.238323876,731,0.0741284961492,630.103448276,79,549.89905449,1.20629734992,4,71
5457,4,8,3,6,4,1,1927,1947,"[1924,1945,1931,1951]",771.18,-1097.1,0.0288751194334,18.3767676768,690,0.0550092087431,618.045454545,45,553.224858033,1.15038616393,7,34
5458,4,8,4,50,4,1,1410,1287,"[1403,1281,1417,1293]",694.59,-999.4,0.0557511328451,82.7694183865,1692,0.0937815338042,1401.85365854,130,1142.45410184,1.29950347636,9,4
5459,4,8,3,3,1,1,365,495,"[359,490,371,502]",-428.52,-236.53,0.0317958806908,37.4347699476,1363,0.0891314821561,1139.91176471,101,1185.13046199,0.99343200805,1,2
5460,4,8,4,49,1,1,1989,919,"[1984,916,1995,926]",-188.46,-299.45,0.042626128551,31.5028949545,812,0.068738589564,707.548387097,78,654.529594411,1.12913348512,2,1
5461,4,8,8,51,4,1,1368,1216,"[1363,1211,1376,1225]",688.61,-989.04,0.0493377,54.225,1252,0.0901966,1044.83,120,996.793,1.10259,10,7
5462,4,8,8,51,4,2,1359,1239,"[1355,1236,1363,1249]",687.26,-992.73,0.0381915,53.657,1622,0.0910472,1351.29,76,996.793,1.40947,10,8
5463,4,8,2,54,4,1,1352,1432,"[1348,1429,1355,1437]",686.11,-1020.96,0.0280299558737,16.5662878788,644,0.0570767738566,574.454545455,48,598.490351412,0.987519401005,16,20
5464,4,8,8,50,4,1,1358,1240,"[1350,1235,1364,1249]",686.89,-992.79,0.072883375181,93.3559046587,1504,0.117576450414,1187.53846154,142,966.817920689,1.32485583768,7,5
5465,4,8,1,60,5,1,420,491,"[418,490,422,494]",-420.37,-881.86,0.0284349,6.26316,244,0.0655022,214.0,19,209.265,1.05256,3,44
5466,4,8,1,60,5,2,441,547,"[439,544,443,549]",-417.33,-889.97,0.0268523,6.50833,263,0.05439,235.867,24,209.265,1.15822,3,45
5467,4,8,1,60,5,3,2103,892,"[2097,890,2105,896]",-171.76,-941.17,0.0282568,11.1763,445,0.0731296,384.35,38,383.31,1.03187,5,50
5468,4,8,1,60,5,4,1536,844,"[1533,842,1541,848]",-255.15,-934.07,0.0461947,30.0209,775,0.111225,619.857,41,464.486,1.39913,6,51
5469,4,8,4,36,5,1,649,276,"[646,273,655,280]",-386.35,-850.06,0.0395293,10.5051,300,0.0805943,255.25,49,214.743,1.23755,1,3
5470,4,8,4,36,5,2,1698,635,"[1693,633,1700,640]",-231.63,-903.25,0.0272394,15.0207,609,0.063373,536.412,37,548.213,1.00587,2,7
5471,4,8,1,3,4,1,285,953,"[280,950,290,956]",528.38,-950.04,0.0253815318797,26.641509434,1175,0.0691537761601,1023.0,53,1093.00706763,0.960324539998,4,39
5472,4,8,4,59,5,1,1562,913,"[1556,908,1567,921]",-251.65,-944.3,0.0652705617741,57.2851370851,1033,0.114725288278,820.371428571,99,569.014554757,1.54241496693,3,7
5473,4,8,3,20,4,1,252,1540,"[251,1539,253,1542]",523.49,-1036.87,0.0347788378144,40.1,1609,0.182262390242,1112.9,12,943.693170571,1.22179542669,11,32
5474,4,8,4,30,5,1,802,241,"[797,237,807,250]",-363.83,-845.06,0.10034,51.0129,691,0.203427,457.387,85,222.554,2.28439,2,21
5475,4,8,4,30,5,2,796,245,"[792,237,802,251]",-364.75,-845.34,0.0873299,40.8218,671,0.222644,426.622,106,222.554,2.10036,2,22
5476,4,8,4,30,5,3,812,269,"[806,266,817,274]",-362.43,-849.04,0.0510303,14.0928,323,0.104139,262.071,67,222.554,1.24089,2,23
5477,4,8,5,50,4,1,1366,1214,"[1360,1208,1374,1227]",688.42,-988.97,0.0942694,130.985,1733,0.15862,1258.49,194,1158.24,1.19964,8,5
5478,4,8,5,50,4,2,1357,1242,"[1353,1238,1362,1249]",686.96,-992.87,0.0506317,74.4858,1638,0.0795331,1396.65,84,1158.24,1.27014,8,6
5479,4,8,1,17,5,1,1554,1270,"[1549,1265,1558,1275]",-252.79,-996.86,0.0335319,25.5556,849,0.0709073,736.571,63,761.196,1.00122,4,40
5480,4,8,1,17,5,2,1562,1295,"[1558,1292,1569,1298]",-251.39,-1000.53,0.0259961,18.7708,825,0.0796368,703.292,48,761.196,0.948589,4,41
5481,4,8,8,2,5,1,939,69,"[932,63,952,76]",-343.22,-819.46,0.113547,600.039,6499,0.162251,4684.47,203,3011.36,1.75486,1,3
5482,4,8,8,2,5,2,385,318,"[384,316,387,320]",-425.52,-856.2,0.0285876,5.82424,232,0.0792979,197.909,15,192.722,1.05714,2,9
5483,4,8,2,40,1,1,789,1634,"[785,1630,793,1639]",-365.82,-404.88,0.0302487080103,18.0096153846,663,0.0690315428802,577.375,52,559.389017139,1.06434806037,4,3
5484,4,8,5,51,1,1,2094,896,"[2087,892,2098,902]",-173.04,-295.91,0.0434601,35.5368,918,0.0799038,782.152,77,772.486,1.05851,4,5
5485,4,8,5,51,1,2,1987,913,"[1984,910,1990,918]",-188.73,-298.51,0.0255505,25.7222,1082,0.0489578,981.0,36,772.486,1.30322,4,6
5486,4,8,5,51,1,3,1982,916,"[1979,913,1987,921]",-189.35,-298.93,0.0273678,25.6989,1052,0.0705636,913.32,53,772.486,1.21558,4,7
5487,4,8,2,41,4,1,728,310,"[725,308,733,314]",594.06,-855.07,0.0262204765434,16.8841991342,696,0.052116325943,627.047619048,44,629.405755806,1.02307901102,4,12
5488,4,8,1,35,5,1,773,225,"[771,223,776,228]",-368.13,-842.44,0.0327455919395,8.125,275,0.0679611650485,240.0,24,213.133971069,1.16417387034,3,34
5489,4,8,1,58,1,1,761,1962,"[759,1959,764,1965]",-369.96,-453.38,0.0254714670585,9.04347826087,391,0.0610583446404,346.0,23,356.863041134,0.994901229146,9,13
5490,4,8,4,43,3,1,900,434,"[897,430,906,440]",619.34,-227.7,0.0363886253926,38.8792792793,1222,0.085466415977,1029.56666667,74,986.12857679,1.08347529023,1,1
5491,4,8,7,7,5,1,975,68,"[967,61,985,75]",-338.17,-819.26,0.119645206485,699.179191303,7196,0.166232559216,5144.59183673,214,3120.3826823,1.87277383033,1,3
5492,4,8,5,41,1,1,786,1640,"[781,1635,792,1646]",-366.15,-405.92,0.0705481481481,58.4807017544,953,0.105910567848,770.466666667,95,694.819518996,1.19303984093,4,5
5493,4,8,4,24,3,1,1674,1417,"[1670,1413,1677,1421]",733.6,-372.87,0.0259099246959,15.3357142857,649,0.0591163151238,576.55,35,559.145356412,1.05855428736,1,1
5494,4,8,7,29,1,1,1638,1410,"[1630,1399,1644,1425]",-240.45,-372.19,0.0314474873237,71.6266012872,2664,0.094038262276,2206.03076923,251,1873.35619032,1.21581650211,2,2
5495,4,8,5,59,5,1,1562,910,"[1558,907,1568,914]",-251.44,-943.81,0.0377701589863,30.7021857923,948,0.0958481841826,782.166666667,61,522.394723877,1.55604338119,5,28
5496,4,8,7,30,5,1,722,1493,"[716,1487,727,1497]",-375.87,-1029.75,0.0397810140929,44.7163461538,1280,0.0850463785599,1079.34615385,64,851.375245042,1.32029032621,3,26
5497,4,8,2,64,4,1,411,400,"[406,395,416,407]",546.95,-868.41,0.0524561,38.4409,832,0.0901615,694.379,89,544.211,1.34657,1,1
5498,4,8,2,64,4,2,1018,1235,"[1015,1231,1021,1239]",636.76,-991.65,0.0253396,18.7708,807,0.0555919,722.0,48,723.946,1.02324,10,12
5499,4,8,8,54,5,1,1947,1668,"[1944,1667,1948,1671]",-194.76,-1055.83,0.062240043496,35.2230769231,819,0.213603022894,530.7,13,538.057137984,1.05178992522,8,25
5500,4,8,8,0,5,1,952,131,"[944,125,958,141]",-341.83,-828.82,0.121245,537.31,5576,0.177575,3894.31,171,2418.35,1.8325,1,6
5501,4,8,8,0,5,2,482,1481,"[477,1475,487,1489]",-411.25,-1028.18,0.0456249,79.1907,2079,0.113104,1656.5,97,1936.46,0.896322,5,23
5502,4,8,6,59,5,1,931,147,"[924,140,941,154]",-344.68,-830.91,0.1294,777.228,7521,0.17975,5229.16,174,3401.62,1.76574,1,1
5503,4,8,6,59,5,2,1562,912,"[1556,907,1568,921]",-251.58,-944.2,0.0621142,45.6786,833,0.0940963,689.718,116,464.586,1.58291,5,21
5504,4,8,2,30,4,1,846,2029,"[843,2026,850,2035]",611.38,-1109.28,0.0253694327085,40.0982776089,1699,0.0489350130092,1540.47619048,47,1244.3430968,1.27020792911,14,15
5505,4,8,1,13,4,1,353,587,"[347,581,358,591]",538.32,-895.78,0.0421156,37.1428,965,0.0664272,844.781,79,838.597,1.05167,3,8
5506,4,8,1,13,4,2,354,605,"[352,602,358,608]",538.75,-898.63,0.0281978,27.975,1058,0.0464239,964.125,30,838.597,1.18305,3,9
5507,4,8,1,13,4,3,282,630,"[279,628,285,635]",528.0,-902.48,0.0271526,25.5263,1007,0.0480964,914.579,38,838.597,1.12105,3,10
5508,4,8,1,13,4,4,334,639,"[331,635,340,645]",535.68,-903.71,0.0313652,26.6829,964,0.0782797,824.033,74,838.597,1.01445,3,12
5509,4,8,2,37,5,1,655,289,"[652,288,656,292]",-385.79,-852.01,0.0351272,7.57576,255,0.101296,208.091,15,213.476,1.01026,2,6
5510,4,8,2,37,5,2,1467,2005,"[1464,2002,1470,2011]",-265.58,-1105.76,0.0334141,18.4698,594,0.0529248,534.286,45,360.16,1.53475,9,18
5511,4,8,6,54,1,1,2078,904,"[2074,902,2082,909]",-175.36,-297.13,0.033289916008,27.3391405343,918,0.0724895688456,793.904761905,41,742.068078862,1.10669617227,3,4
5512,4,8,7,8,5,1,983,68,"[974,65,988,76]",-337.53,-819.52,0.059177328365,356.167783094,7477,0.138096369259,5662.48484848,95,3347.53902483,1.79793352279,1,3
5513,4,8,5,52,1,1,1226,200,"[1220,197,1230,206]",-301.4,-193.14,0.0347784,25.6291,800,0.0586938,711.296,67,675.43,1.09105,1,5
5514,4,8,5,52,1,2,2096,897,"[2093,894,2099,901]",-172.58,-296.03,0.0251556,14.5458,641,0.0641764,563.688,30,589.196,0.981394,3,6
5515,4,8,8,37,4,1,1243,2087,"[1240,2083,1248,2091]",670.02,-1117.74,0.0294779220339,20.1806966618,762,0.0684067193356,664.423076923,53,582.047607612,1.17619893052,11,6
5516,4,8,4,35,5,1,1946,611,"[1943,609,1950,615]",-194.76,-899.66,0.0251203680082,19.6936507937,857,0.0571908302779,764.277777778,35,681.009558099,1.15119005196,4,29
5517,4,8,2,16,4,1,292,552,"[287,547,296,558]",529.4,-890.93,0.0461928,41.8417,988,0.0669752,863.964,67,784.257,1.15499,4,14
5518,4,8,2,16,4,2,319,591,"[315,587,324,601]",533.4,-896.79,0.0380403,29.4503,909,0.0993295,744.735,97,784.257,0.987158,4,19
5519,4,8,1,43,5,1,956,114,"[953,110,963,119]",-340.94,-826.23,0.067338795428,315.283045977,5614,0.124964587033,4366.75862069,72,4850.07120053,0.965355243888,1,12
5520,4,8,7,52,4,1,1368,1208,"[1363,1204,1375,1214]",688.69,-987.74,0.0430022029759,54.6702898551,1506,0.106268364349,1216.66666667,92,1094.41980961,1.16165382366,7,6
5521,4,8,8,52,4,1,1370,1205,"[1368,1203,1375,1211]",688.89,-987.51,0.026237,26.6667,1158,0.0783587,989.708,48,1015.19,1.00116,8,4
5522,4,8,8,52,4,2,1359,1237,"[1354,1232,1364,1244]",687.15,-992.11,0.116905,187.977,2005,0.170813,1419.97,115,1015.19,1.58388,8,5
5523,4,8,5,47,1,1,1991,909,"[1987,901,1995,915]",-188.17,-297.63,0.0331280149046,26.0966911765,875,0.0692532411739,761.65625,85,684.023085802,1.15164671709,2,2
5524,4,8,5,53,4,1,1401,1244,"[1398,1241,1404,1248]",693.38,-993.07,0.0290831682414,33.9277777778,1291,0.065335341324,1132.65,45,1135.26310302,1.02758362769,12,7
5525,4,8,5,17,5,1,2086,570,"[2081,567,2089,576]",-174.26,-893.63,0.0324412173793,25.6102766798,901,0.0823953409417,763.826086957,55,802.60612642,0.983591250615,1,1
5526,4,8,6,14,3,1,1627,1548,"[1624,1545,1637,1554]",727.2,-392.43,0.0308575732874,37.38125,1392,0.0849439187461,1174.03125,80,1210.12203281,1.00106639426,1,2
5527,4,8,1,33,5,1,777,275,"[776,274,781,277]",-367.46,-849.91,0.025706,5.76136,243,0.053399,218.364,16,215.579,1.03964,2,33
5528,4,8,1,33,5,2,729,285,"[727,284,732,287]",-374.58,-851.37,0.02706,6.28333,276,0.0997842,225.917,15,215.579,1.0771,2,34
5529,4,8,3,42,4,1,136,525,"[131,518,140,531]",506.36,-886.76,0.0488008657505,54.4649350649,1267,0.0882075066564,1061.6,77,843.951991446,1.32242704132,4,10
5530,4,8,1,50,1,1,1186,98,"[1183,93,1192,104]",-306.98,-177.95,0.0295137234617,16.1401985112,607,0.0670362732835,530.730769231,62,556.841627745,0.982094262523,1,1
5531,4,8,2,50,4,1,1352,1263,"[1349,1260,1356,1267]",686.14,-995.96,0.025497,22.7338,967,0.0534373,868.895,35,962.636,0.926236,12,21
5532,4,8,2,50,4,2,1409,1287,"[1403,1282,1416,1294]",694.65,-999.52,0.118501,162.643,1677,0.161817,1209.86,124,962.636,1.42577,12,22
5533,4,8,4,26,4,1,219,614,"[214,610,224,620]",518.71,-900.02,0.0268894135998,30.7482286254,1260,0.0620549338759,1112.75862069,73,817.616198893,1.39858634267,3,4
5534,4,8,7,53,1,1,2085,898,"[2079,892,2090,907]",-174.29,-296.19,0.060129,46.1298,889,0.104313,721.051,127,777.288,0.986997,4,3
5535,4,8,7,53,1,2,1423,1789,"[1420,1785,1427,1792]",-272.1,-427.74,0.0311949,22.3819,799,0.0695364,695.105,39,653.14,1.09852,7,7
5536,4,8,3,4,3,1,1679,992,"[1671,989,1683,997]",734.2,-310.12,0.0350302,33.6904,1126,0.0963639,928.063,85,901.654,1.06665,2,10
5537,4,8,3,4,3,2,1663,1000,"[1660,997,1669,1005]",732.34,-311.36,0.0301027,30.5962,1115,0.0615004,985.8,53,901.654,1.12726,2,11
5538,4,8,3,4,3,3,1310,1378,"[1305,1374,1316,1383]",679.93,-367.06,0.0332278,17.6674,589,0.0679591,514.038,68,549.823,0.967049,3,22
5539,4,8,3,4,3,4,1304,1411,"[1300,1405,1310,1417]",678.98,-371.96,0.0590973,39.9819,789,0.106931,636.563,90,549.823,1.23048,3,27
5540,4,8,3,4,3,5,1298,1419,"[1296,1417,1303,1423]",678.31,-373.19,0.0276956,17.2883,716,0.0824396,606.938,31,549.823,1.13532,3,29
5541,4,8,3,4,3,6,1392,1436,"[1390,1433,1402,1442]",692.49,-375.83,0.0320289,19.9514,695,0.0709058,602.967,61,549.823,1.13294,3,31
5542,4,8,3,4,3,7,1344,1510,"[1339,1507,1349,1514]",684.99,-386.61,0.0290939,16.4846,618,0.0581146,550.115,50,549.823,1.03051,3,40
5543,4,8,5,35,5,1,713,282,"[711,280,716,284]",-376.99,-850.82,0.0265235390392,6.05494505495,249,0.0568070519099,222.230769231,21,214.586914754,1.06383800032,3,23
5544,4,8,6,52,1,1,2092,892,"[2089,890,2096,895]",-173.15,-295.28,0.02664,17.8093,736,0.0615084,650.706,33,687.295,0.972675,3,2
5545,4,8,6,52,1,2,1986,911,"[1981,906,1991,917]",-188.87,-298.01,0.0506712,43.6792,1024,0.111634,818.333,80,687.295,1.25421,3,3
5546,4,8,6,49,1,1,919,2030,"[917,2029,920,2032]",-346.65,-463.43,0.031920279849,30.8222222222,1243,0.141530612245,934.777777778,10,684.585795609,1.41048792744,6,5
5547,4,8,2,55,1,1,1282,149,"[1279,147,1284,155]",-293.07,-185.68,0.0281733220051,13.8166666667,533,0.0558637083994,476.6,36,471.828932018,1.03939507179,1,6
5548,4,8,5,55,3,1,1004,1692,"[1000,1690,1006,1696]",634.62,-413.59,0.0317988668555,12.8285714286,437,0.0560657322378,390.6,28,355.727556702,1.1340942354,3,4
5549,4,8,1,61,4,1,421,415,"[417,412,425,422]",548.43,-870.69,0.0316090697601,21.2626774848,733,0.0589319517784,651.413793103,68,534.461326335,1.25860644623,1,1
5550,4,8,2,49,4,1,1413,1282,"[1404,1276,1419,1291]",694.92,-998.82,0.0891826,114.36,1576,0.148707,1167.96,171,1011.82,1.26734,10,18
5551,4,8,2,49,4,2,1255,1411,"[1251,1407,1259,1415]",671.71,-1017.77,0.0256109,20.2262,873,0.0629983,769.524,44,743.15,1.06271,14,25
5552,4,8,4,53,3,1,1249,1039,"[1246,1036,1252,1045]",670.9,-317.04,0.026169552856,11.5714285714,489,0.0635058721183,430.6,35,390.578452075,1.13209376048,2,3
5553,4,8,5,21,4,1,1923,259,"[1920,255,1926,262]",770.55,-847.38,0.034155597723,26.0,822,0.0557260078487,735.222222222,36,735.856560094,1.03447093293,2,13
5554,4,8,3,40,1,1,818,1593,"[814,1589,822,1600]",-361.52,-399.02,0.0260643,17.6014,738,0.057531,657.704,59,645.065,1.04688,3,3
5555,4,8,3,40,1,2,788,1636,"[784,1633,792,1641]",-366.04,-405.28,0.0400666,28.538,821,0.0912276,683.727,49,645.065,1.10418,3,4
5556,4,8,4,50,1,1,2087,886,"[2081,882,2093,891]",-173.98,-294.42,0.0394165,25.2741,735,0.0881384,615.931,78,676.936,0.947217,3,1
5557,4,8,4,50,1,2,1984,915,"[1977,910,1991,923]",-189.27,-298.71,0.0789565,65.3348,977,0.123542,762.143,134,676.936,1.22239,3,3
5558,4,8,2,39,4,1,694,342,"[691,339,698,345]",588.86,-859.69,0.0253383838384,14.6695906433,627,0.0526512148487,564.277777778,38,538.667295271,1.07477727626,3,11
5559,4,8,2,44,3,1,1319,1008,"[1318,1007,1322,1011]",681.3,-312.49,0.0255235704761,8.70053475936,373,0.0578832022689,332.181818182,17,333.139893274,1.02324086614,3,9
5560,4,8,3,7,4,1,311,1019,"[306,1016,315,1023]",532.11,-959.8,0.0269917306714,28.6534090909,1155,0.0558025512112,1032.90909091,48,861.083044983,1.23282243935,5,22
5561,4,8,1,0,4,1,340,1024,"[335,1019,347,1030]",536.53,-960.64,0.0529193548597,70.5480519481,1524,0.0938155877203,1262.57575758,105,1397.03331084,0.954253416281,5,72
5562,4,8,2,42,3,1,897,440,"[892,437,904,445]",618.92,-228.47,0.0411494,37.4651,1046,0.0901511,873.0,86,799.034,1.13946,1,1
5563,4,8,2,42,3,2,894,548,"[887,542,900,554]",618.28,-244.32,0.073069,67.5835,1122,0.133709,857.344,110,799.034,1.15756,1,4
5564,4,8,8,34,5,1,1005,146,"[996,140,1015,153]",-333.97,-830.91,0.109389592262,331.332235397,3828,0.173227795601,2697.58695652,198,1421.29775607,2.13109405049,1,4
5565,4,8,2,0,4,1,295,942,"[291,938,302,950]",530.04,-948.62,0.0362178963513,52.1584440228,1589,0.0675281820248,1387.97058824,93,1406.77360479,1.02371058666,4,48
5566,4,8,4,17,5,1,2086,570,"[2081,567,2090,575]",-174.19,-893.55,0.0301821451369,23.7825567503,925,0.0952025960358,764.185185185,62,796.625875865,0.989131492974,2,21
5567,4,8,7,57,3,1,1136,1772,"[1129,1768,1141,1777]",654.05,-425.2,0.0461883189634,71.8333333333,1907,0.124943020834,1483.39393939,88,1596.60682711,0.974082815079,4,4
5568,4,8,4,51,1,1,2095,894,"[2092,891,2099,902]",-172.64,-295.88,0.0312411,23.5814,870,0.0866578,731.24,56,723.86,1.04277,3,4
5569,4,8,4,51,1,2,1982,918,"[1979,913,1987,922]",-189.4,-299.01,0.0328935,29.0139,1040,0.0987608,853.042,54,723.86,1.21854,3,5
5570,4,8,4,5,4,1,1946,1906,"[1943,1903,1952,1910]",774.16,-1090.99,0.0335236595838,22.4194711538,756,0.0781931378733,646.346153846,64,603.745341053,1.10769488313,7,38
5571,4,8,4,52,4,1,1409,1281,"[1404,1276,1414,1289]",694.52,-998.69,0.119249557236,195.379428571,1977,0.156130692308,1443.02857143,125,1100.56174402,1.48870157345,11,14
5572,4,8,3,29,4,1,505,1068,"[501,1064,508,1074]",560.92,-967.08,0.0293389848469,25.6362962963,964,0.0639237153452,848.16,54,836.14792954,1.04502596422,7,18
5573,4,8,2,57,5,1,1529,874,"[1527,871,1534,878]",-256.26,-938.52,0.0347086898811,20.4833333333,665,0.0772138228942,569.666666667,40,493.294751068,1.19634356279,5,43
5574,4,8,2,14,5,1,1490,1286,"[1484,1281,1495,1291]",-262.33,-999.27,0.0326729713428,35.4348713761,1192,0.0637648616749,1049.09677419,79,1069.48726778,1.01406690687,1,2
5575,4,8,8,52,1,1,2094,895,"[2087,892,2099,899]",-173.02,-295.79,0.0276133,21.8425,919,0.0887514,769.172,67,777.684,1.01714,4,2
5576,4,8,8,52,1,2,1983,911,"[1980,903,1989,917]",-189.17,-298.03,0.028023,25.6417,1026,0.0713266,889.382,83,777.684,1.1766,4,3
5577,4,8,5,15,3,1,1626,1465,"[1622,1462,1633,1470]",726.77,-379.92,0.0260000566486,27.9659498208,1254,0.0896553657272,1047.64516129,72,1077.22390831,0.998502820827,2,4
5578,4,8,3,32,3,1,1253,1108,"[1251,1106,1260,1111]",671.71,-327.26,0.0268208092486,11.6,487,0.0728053750413,420.9,36,404.668946648,1.06877486791,1,2
5579,4,8,4,41,1,1,787,1641,"[782,1634,792,1646]",-366.07,-405.75,0.08449094945,66.9355246523,972,0.145358134837,725.285714286,113,661.77504197,1.1971156189,3,3
5580,4,8,7,50,4,1,1366,1214,"[1361,1209,1373,1220]",688.32,-988.67,0.0489957,57.0599,1338,0.0942416,1107.53,112,1070.13,1.08827,7,4
5581,4,8,7,50,4,2,1358,1241,"[1350,1236,1364,1251]",686.97,-992.92,0.0819883,117.446,1735,0.137696,1315.02,151,1070.13,1.3386,7,5
5582,4,8,7,50,4,3,1356,1255,"[1352,1252,1359,1260]",686.68,-994.79,0.0310511,38.6964,1322,0.0452569,1207.52,55,1070.13,1.16455,7,6
5583,4,8,8,30,5,1,370,425,"[367,424,371,428]",-427.91,-872.13,0.0275281,5.44444,217,0.0602606,192.333,18,191.224,1.03427,2,9
5584,4,8,8,30,5,2,741,1439,"[736,1433,746,1444]",-372.88,-1021.81,0.0480197,40.6595,994,0.104404,806.067,84,864.001,0.980006,5,25
5585,4,8,8,30,5,3,729,1479,"[724,1474,734,1488]",-374.67,-1027.99,0.0588958,54.72,1178,0.147936,874.378,122,864.001,1.07534,5,27
5586,4,8,5,54,1,1,1289,148,"[1286,145,1293,153]",-291.89,-185.26,0.0312817742755,21.8777777778,776,0.0677674578603,677.5,45,685.805937299,1.01978962231,1,3
5587,4,8,3,49,4,1,1411,1281,"[1405,1275,1420,1290]",694.97,-998.67,0.0604364564637,84.5461999369,1588,0.0942739950779,1314.38095238,151,1112.49214061,1.25747149238,9,12
5588,4,8,7,5,5,1,977,56,"[967,50,987,63]",-337.98,-817.56,0.114768969967,766.826530612,8172,0.16024721621,5914.65306122,196,3641.70487634,1.83471198758,1,2
5589,4,8,6,37,4,1,1203,2081,"[1200,2079,1206,2087]",664.05,-1117.09,0.0281488,14.2727,561,0.0647457,492.773,44,569.695,0.890029,10,11
5590,4,8,6,37,4,2,1243,2088,"[1238,2083,1247,2093]",669.97,-1117.9,0.0268859,17.3013,763,0.0984685,626.207,61,569.695,1.12957,10,12
5591,4,8,2,56,1,1,236,558,"[233,555,241,561]",-447.54,-245.8,0.0313692737642,14.4966261808,519,0.0738320810193,447.631578947,39,463.400037126,0.997255433974,2,3
5592,4,8,5,39,5,1,755,247,"[754,246,758,249]",-370.78,-845.77,0.0278293135436,6.0,242,0.0717449069973,209.6,15,209.471818937,1.02925539623,2,4
5593,4,8,6,11,4,1,296,639,"[291,635,300,647]",529.96,-903.67,0.0258257846098,26.6993243243,1148,0.0653674380836,1007.125,74,1035.5146298,0.998367666251,3,6
5594,4,8,6,58,5,1,938,144,"[932,138,948,152]",-343.56,-830.61,0.136952808349,807.375825292,7558,0.195327270767,5087.90909091,179,3635.85954482,1.62142812271,1,1
5595,4,8,1,0,1,1,1132,1065,"[1128,1062,1137,1071]",-315.11,-320.94,0.0318827,39.9462,1382,0.0651399,1212.96,67,1162.93,1.07738,1,1
5596,4,8,1,0,1,2,1028,1125,"[1025,1119,1033,1129]",-330.51,-329.55,0.0274305,35.1866,1440,0.0715994,1247.57,62,1162.93,1.10304,1,10
5597,4,8,1,0,1,3,1099,1144,"[1094,1141,1104,1151]",-320.08,-332.7,0.0335492,43.0738,1414,0.0652293,1240.83,71,1162.93,1.10403,1,12
5598,4,8,1,0,1,4,800,1612,"[792,1608,804,1617]",-364.46,-401.78,0.0353964,42.6908,1459,0.112727,1163.39,77,956.174,1.26136,3,41
5599,4,8,8,33,5,1,970,113,"[961,107,980,119]",-338.9,-825.82,0.0872475265807,197.094599628,2661,0.126842075546,2061.93333333,179,1402.54090217,1.61066813058,1,1
5600,4,8,4,31,3,1,1297,955,"[1296,954,1300,959]",678.15,-304.69,0.0268035825596,8.25252525253,327,0.0436674887567,299.636363636,18,383.337632669,0.803179397612,1,1
5601,4,8,7,26,5,1,959,138,"[956,134,963,145]",-340.68,-829.67,0.0320662580331,91.5796296296,3346,0.0951872954297,2764.37037037,60,1709.6000168,1.67053695129,1,4
5602,4,8,5,40,5,1,1455,2004,"[1452,2002,1460,2007]",-267.21,-1105.46,0.0258361430236,11.5342624855,491,0.0605842419255,434.904761905,41,466.539976825,0.956914833812,6,9
5603,4,8,3,48,1,1,921,2067,"[918,2063,924,2076]",-346.4,-469.18,0.0401389078732,20.2086021505,554,0.0682009018815,483.258064516,75,534.492814732,0.941952169964,7,9
5604,4,8,5,37,5,1,741,251,"[740,250,744,256]",-372.84,-846.56,0.0267622702484,5.76086956522,233,0.0531073446328,209.5,23,211.477571227,1.01788983256,2,3
5605,4,8,7,38,4,1,1236,2098,"[1233,2095,1241,2103]",669.11,-1119.43,0.0336255291736,24.3583333333,807,0.0709723796621,700.041666667,60,555.121426357,1.30493972239,10,6
5606,4,8,3,60,5,1,1538,843,"[1533,840,1543,848]",-255.18,-933.84,0.0410224,28.4647,795,0.0887304,665.417,59,581.045,1.1942,4,36
5607,4,8,3,60,5,2,1528,852,"[1526,848,1535,856]",-256.27,-935.22,0.0257139,17.9758,776,0.065136,681.091,45,581.045,1.20312,4,37
5608,4,8,1,42,3,1,899,441,"[890,437,904,448]",618.93,-228.67,0.0667881839923,51.6844272844,888,0.102988146781,722.171428571,111,645.033827531,1.19971360079,1,1
5609,4,8,8,40,1,1,791,1608,"[783,1602,797,1616]",-365.7,-401.15,0.0869000290564,76.5471243601,1094,0.152599863807,804.317073171,162,587.526231536,1.49927637312,3,4
5610,4,8,5,36,5,1,772,219,"[770,217,776,223]",-368.27,-841.62,0.0268428963534,6.84583333333,281,0.062005432857,248.1875,30,215.101898582,1.18563962017,2,6
5611,4,8,7,51,4,1,1366,1213,"[1359,1208,1376,1219]",688.33,-988.46,0.0580975,69.1774,1582,0.17032,1121.53,146,1090.1,1.0923,7,5
5612,4,8,7,51,4,2,1359,1241,"[1354,1238,1364,1246]",687.21,-992.66,0.0421065,64.7949,1884,0.122084,1474.04,60,1090.1,1.41165,7,7
5613,4,8,1,41,3,1,894,544,"[889,540,899,550]",618.52,-243.84,0.0576213735139,34.8271264368,675,0.0846978638517,569.586206897,75,517.808733747,1.16725210284,1,5
5614,4,8,1,53,4,1,503,687,"[500,682,507,691]",560.55,-910.67,0.0252045127652,28.7564102564,1225,0.0482778292805,1112.16666667,52,994.752633879,1.14694149889,6,10
5615,4,8,4,56,4,1,474,310,"[470,307,476,314]",556.2,-855.16,0.0303031254809,14.5082706767,543,0.078169087679,464.263157895,35,589.982334242,0.811501295521,3,7
5616,4,8,6,60,5,1,1547,908,"[1541,905,1552,912]",-253.86,-943.34,0.0436979627908,35.221182266,914,0.0849996929941,770.793103448,70,520.257946101,1.54925896232,4,25
5617,4,8,2,33,1,1,812,121,"[810,116,816,124]",-362.32,-181.12,0.0251525032871,16.5984962406,716,0.053471173578,643.315789474,35,613.051745416,1.07644141078,1,4
5618,4,8,5,61,4,1,949,1376,"[946,1373,952,1382]",626.5,-1012.69,0.0262848001422,26.8863636364,1115,0.0563713879678,996.0,44,1091.3791079,0.937242023631,10,5
5619,4,8,7,42,1,1,789,1645,"[785,1642,792,1653]",-365.92,-406.88,0.0318993268949,24.9791666667,863,0.064720094587,758.083333333,64,686.174285118,1.14120059143,2,2
5620,4,8,1,41,5,1,735,350,"[733,348,738,353]",-373.83,-860.91,0.0262769412459,5.93333333333,246,0.056096164854,219.866666667,25,212.253545533,1.06382204091,2,34
5621,4,8,6,52,4,1,1369,1207,"[1365,1204,1375,1211]",688.65,-987.64,0.032539624213,46.4440559441,1724,0.110515759732,1380.86363636,52,1136.45502307,1.25592976698,9,5
5622,4,8,1,2,4,1,1966,298,"[1961,294,1974,303]",777.02,-853.2,0.0339871,18.2531,627,0.0944257,518.806,84,566.168,0.948587,1,15
5623,4,8,1,2,4,2,1920,305,"[1914,302,1924,309]",770.05,-854.33,0.0391442,24.3064,721,0.0943809,596.64,56,566.168,1.09675,1,17
5624,4,8,2,11,4,1,1360,801,"[1357,798,1364,804]",687.33,-927.59,0.030712447259,18.8962848297,682,0.0669850549632,596.368421053,34,524.436678949,1.17319159887,6,57
5625,4,8,3,58,5,1,1569,924,"[1566,920,1575,930]",-250.37,-945.9,0.0380450804269,31.0319088319,915,0.0767051645239,784.62962963,65,591.034131281,1.38005826617,5,8
5626,4,8,6,44,4,1,145,532,"[136,526,152,537]",507.55,-887.79,0.027202080434,18.8400562852,800,0.0856613266252,673.756097561,104,400.948053521,1.72739622444,4,2
5627,4,8,3,56,3,1,1299,1162,"[1296,1160,1303,1164]",678.33,-335.13,0.0282622553374,10.9716024341,444,0.0812979012965,377.235294118,29,368.28116363,1.05410467569,2,2
5628,4,8,4,56,1,1,1350,1743,"[1346,1739,1356,1749]",-282.81,-421.15,0.0292382126933,15.41,579,0.061761901269,511.64,60,480.507521556,1.09686108199,8,9
5629,4,8,1,37,1,1,703,1595,"[701,1592,708,1599]",-378.42,-399.24,0.0337652861293,17.7724039829,592,0.0757974271914,508.578947368,37,502.371411834,1.04773348752,7,6
5630,4,8,4,60,5,1,1546,904,"[1542,902,1549,907]",-254.06,-942.88,0.0387826350941,33.3986928105,994,0.0912417662845,827.777777778,34,587.371205513,1.46615370741,3,8
5631,4,8,2,22,4,1,1984,246,"[1981,244,1988,250]",779.59,-845.57,0.025929832418,14.9422750424,634,0.0608075381973,561.315789474,31,666.6732613,0.864378546385,2,15
5632,4,8,4,52,1,1,1198,114,"[1193,110,1203,119]",-305.45,-180.23,0.0368219793009,23.9432432432,737,0.0812000293406,626.3,74,617.334911497,1.05330709657,1,4
5633,4,8,3,10,4,1,1964,1928,"[1962,1925,1970,1931]",776.71,-1094.23,0.0269187464815,15.5081081081,646,0.0707773910161,560.6,37,484.559538447,1.18893151903,8,20
5634,4,8,1,49,4,1,1411,1282,"[1408,1278,1417,1287]",695.0,-998.74,0.0790396435791,87.5885714286,1297,0.119275103248,1020.57142857,75,807.934330299,1.37159662418,10,20
5635,4,8,5,52,4,1,1368,1208,"[1363,1201,1378,1217]",688.83,-987.93,0.0954889,132.503,1702,0.151117,1255.13,168,1142.35,1.21472,10,4
5636,4,8,5,52,4,2,1409,1277,"[1406,1274,1415,1287]",694.9,-998.19,0.0322402,49.7695,1759,0.0814834,1493.94,79,1142.35,1.35134,10,7
5637,4,8,2,46,5,1,943,136,"[938,130,949,142]",-343.05,-829.31,0.238205853355,2572.03636364,15136,0.295807204161,8225.5,110,5467.11553462,1.97499692393,1,22
5638,4,8,1,30,3,1,1266,1029,"[1261,1027,1269,1032]",673.38,-315.49,0.0256726032588,8.21212121212,357,0.0677966101695,311.666666667,33,334.97736151,0.954926585,2,4
5639,4,8,5,60,4,1,339,1604,"[335,1600,343,1610]",536.39,-1046.41,0.0293347481997,28.2162561576,1040,0.0538821720595,933.655172414,70,887.417904985,1.08389905496,12,2
5640,4,8,6,49,3,1,1240,1048,"[1235,1045,1243,1053]",669.42,-318.43,0.0316979648019,14.0173913043,485,0.0621988611476,428.2,46,408.332200233,1.08298437168,2,2
5641,4,8,3,36,5,1,650,276,"[645,273,653,284]",-386.46,-850.33,0.0602369165488,15.8711180124,313,0.11664649296,247.607142857,69,213.989036218,1.23126990768,3,30
5642,4,8,3,55,1,1,977,2099,"[974,2097,981,2102]",-337.96,-473.7,0.0290662950428,15.3684210526,575,0.056627496494,513.368421053,38,487.721536005,1.08409574536,8,14
5643,4,8,1,10,3,1,757,508,"[754,503,760,511]",598.23,-238.33,0.0255481811308,19.8326086957,901,0.0872122839301,756.45,46,779.958037391,0.995287658414,1,2
5644,4,8,1,31,1,1,876,38,"[873,34,880,41]",-352.93,-168.88,0.0303243978394,19.2129742962,694,0.0608632688362,614.368421053,43,621.082638828,1.0201241441,1,2
5645,4,8,1,50,4,1,203,289,"[198,284,207,295]",516.18,-852.03,0.0316364,22.5542,798,0.0723186,690.364,73,782.868,0.910649,2,7
5646,4,8,1,50,4,2,1393,1245,"[1389,1238,1399,1249]",692.35,-993.03,0.0328857,24.7196,832,0.0673762,726.963,63,724.313,1.03779,11,22
5647,4,8,1,50,4,3,1352,1263,"[1349,1260,1357,1267]",686.2,-995.92,0.0380413,27.2827,798,0.0726493,689.905,48,724.313,0.990162,11,25
5648,4,8,1,50,4,4,1410,1286,"[1405,1282,1415,1293]",694.66,-999.47,0.115463,123.086,1338,0.173203,942.935,94,724.313,1.47177,11,26
5649,4,8,1,9,3,1,679,488,"[675,484,686,496]",586.83,-235.65,0.0407762061848,36.6757703081,1024,0.0854559625877,862.764705882,84,872.774891063,1.03055264926,1,6
5650,4,8,3,14,4,1,1287,826,"[1283,819,1291,831]",676.43,-931.21,0.0420142026847,39.3773676542,1059,0.0823450633491,897.862068966,71,847.064673958,1.10645558177,3,4
5651,4,8,2,3,4,1,1917,1944,"[1915,1939,1922,1953]",769.72,-1096.88,0.0302262,18.0116,685,0.08482,577.882,66,565.26,1.05419,8,81
5652,4,8,2,3,4,2,1945,1951,"[1943,1950,1947,1953]",773.78,-1097.65,0.0274107,19.5284,1141,0.244336,692.909,16,565.26,1.26037,8,82
5653,4,8,2,51,4,1,1409,1287,"[1404,1282,1414,1293]",694.53,-999.45,0.14042581016,182.022137887,1706,0.209846041223,1114.19354839,102,878.134757774,1.47610110498,11,17
5654,4,8,7,63,4,1,327,1587,"[324,1583,334,1591]",534.73,-1043.79,0.0302948562924,27.6016949153,1017,0.0702446724546,883.5,59,825.821318267,1.10326734702,8,8
5655,4,8,6,30,5,1,935,115,"[929,109,942,124]",-344.29,-826.29,0.113111127784,519.588690476,5688,0.165332130096,4074.02380952,160,2865.44788087,1.60310453757,1,4
5656,4,8,1,46,4,1,1986,218,"[1983,216,1989,221]",779.86,-841.45,0.0264957898116,12.7738095238,513,0.0444519850696,469.333333333,28,468.084685361,1.02995709523,1,6
5657,4,8,5,16,3,1,1631,1524,"[1627,1522,1637,1528]",727.47,-388.78,0.0268271220492,27.8191666667,1214,0.0921391172925,1009.16,48,1056.01711602,0.981971931079,1,2
5658,4,8,1,4,4,1,367,1038,"[361,1031,375,1043]",540.57,-962.55,0.0253108295351,25.2703818369,1126,0.0728246016523,973.131578947,102,1018.78556273,0.979992254808,3,20
5659,4,8,2,60,4,1,1953,1063,"[1948,1059,1958,1069]",774.96,-966.47,0.0634587769051,28.9963343109,527,0.103739485863,427.935483871,88,439.762883613,1.03904134525,7,7
5660,4,8,1,2,5,1,1437,1645,"[1435,1643,1442,1649]",-269.85,-1052.46,0.0255590222642,19.5533428165,848,0.0643413925221,745.473684211,37,688.243058796,1.11156519089,4,104
5661,4,8,7,52,1,1,2097,895,"[2094,893,2099,901]",-172.51,-295.9,0.030735626804,23.1764705882,884,0.0948165956362,730.882352941,34,751.367838749,1.00358144792,3,1
5662,4,8,3,2,4,1,297,997,"[292,992,300,1004]",530.11,-956.7,0.0264460143391,34.5539215686,1497,0.0812452866262,1272.02941176,72,1165.11232269,1.12142263702,3,19
5663,4,8,5,36,4,1,748,2133,"[743,2129,754,2139]",596.99,-1124.57,0.0268746369621,38.2898706897,1536,0.0511660732044,1386.46875,87,1351.64012553,1.05409612646,12,7
5664,4,8,1,24,1,1,252,549,"[248,546,255,555]",-445.31,-244.66,0.0313646055437,19.3552631579,709,0.0851348766023,597.75,57,561.756354531,1.0985283178,3,23
5665,4,8,4,49,4,1,291,987,"[286,985,294,992]",529.16,-955.29,0.0321299834675,15.7541528239,540,0.0644888763729,474.571428571,43,511.909889813,0.957835726859,6,3
5666,4,8,4,13,3,1,1635,1483,"[1631,1480,1640,1488]",728.08,-382.62,0.0350450816343,43.6680161943,1400,0.075936271467,1202.38461538,57,1214.5789849,1.02591321526,1,1
5667,4,8,6,53,1,1,2086,897,"[2080,894,2090,902]",-174.21,-296.03,0.0419761078444,33.0107744108,887,0.0814386669978,753.407407407,55,752.743956461,1.0447352982,4,5
5668,4,8,4,45,1,1,909,2064,"[907,2062,913,2069]",-348.01,-468.65,0.0271685643475,16.7716186253,679,0.0613143872114,600.545454545,41,698.059580347,0.884332928808,5,10
5669,4,8,7,56,3,1,1087,1796,"[1080,1791,1099,1802]",647.22,-428.74,0.0564324175518999,87.9292573624,2065,0.168249233361,1470.20454545,142,1744.08926598,0.893379618355,4,2
5670,4,8,6,45,4,1,141,529,"[137,523,146,534]",507.27,-887.36,0.0332680379639,26.5358959864,914,0.084799869035,771.103448276,61,407.237619739,1.95865830071,2,3
5671,4,8,1,44,3,1,939,507,"[936,504,947,512]",625.37,-238.39,0.0254828125649,19.920995671,860,0.0605359934818,761.821428571,66,682.557918742,1.14531295115,1,2
5672,4,8,4,40,1,1,786,1635,"[782,1628,792,1640]",-366.23,-404.97,0.0477651344025,39.1585648148,956,0.100966296583,780.65625,81,689.901872399,1.18830640648,3,8
5673,4,8,6,63,5,1,915,132,"[909,126,924,140]",-347.11,-828.83,0.118117823113,759.67284932,7986,0.169440712076,5671.81081081,153,4389.47835269,1.46520455128,1,2
5674,4,8,1,15,1,1,720,1595,"[715,1591,726,1600]",-375.92,-399.11,0.0416678,26.5904,736,0.0923427,611.563,85,601.423,1.06107,4,10
5675,4,8,1,15,1,2,711,1598,"[707,1594,715,1604]",-377.4,-399.67,0.0262073,16.4663,725,0.0846424,611.846,64,601.423,1.04471,4,11
5676,4,8,8,49,5,1,460,483,"[458,481,463,485]",-414.48,-880.54,0.0329085079887,6.64171122995,219,0.0575065847234,195.181818182,17,248.238498301,0.813022680981,3,18
5677,4,8,4,43,4,1,138,537,"[134,534,144,542]",506.76,-888.55,0.0337104887792,29.6473214286,1011,0.086616893461,849.821428571,64,580.804066648,1.5142262262,2,2
5678,4,8,7,61,3,1,1165,1894,"[1162,1891,1169,1897]",658.47,-443.22,0.0254030853311,41.3444075305,1896,0.088969723491,1586.19047619,43,1664.72118454,0.977662144771,5,10
5679,4,8,1,51,4,1,1351,1264,"[1348,1259,1354,1267]",685.97,-995.83,0.0316806,20.3942,719,0.0712556,623.35,43,671.849,0.958168,12,16
5680,4,8,1,51,4,2,1408,1286,"[1403,1281,1414,1293]",694.44,-999.34,0.13082,120.98,1208,0.200915,803.8,109,671.849,1.37647,12,17
5681,4,8,3,50,4,1,1410,1287,"[1404,1280,1416,1295]",694.71,-999.46,0.0958129342275,142.231243001,1790,0.142953161101,1342.23684211,141,1081.10196412,1.37310645468,11,9
5682,4,8,3,44,4,1,728,301,"[721,297,731,304]",593.67,-853.59,0.0262964,16.4615,692,0.063357,609.538,51,647.28,0.967124,1,1
5683,4,8,3,44,4,2,534,838,"[529,835,537,842]",565.08,-933.13,0.0250102,33.8127,1442,0.0448735,1318.14,45,1318.95,1.02502,4,7
5684,4,8,3,44,4,3,991,1119,"[985,1116,999,1122]",632.85,-974.53,0.0256355,27.6833,1204,0.0672813,1052.2,60,1135.01,0.951428,8,10
5685,4,8,7,51,1,1,1230,161,"[1229,160,1232,163]",-300.6,-187.19,0.0477916,37.1966,974,0.135786,741.111,13,527.022,1.4768,1,1
5686,4,8,7,51,1,2,2034,904,"[2030,898,2039,908]",-181.75,-296.88,0.0318259,32.0746,1086,0.0534787,975.741,65,767.4,1.31329,4,3
5687,4,8,6,34,5,1,731,284,"[729,283,732,288]",-374.52,-851.39,0.0252895752896,5.77941176471,260,0.0771620921802,222.75,17,214.740742877,1.06421077204,2,17
5688,4,8,8,44,5,1,384,421,"[383,420,386,425]",-425.67,-871.57,0.028119028119,5.61818181818,226,0.0757247944613,194.181818182,15,194.562417342,1.02691980666,2,5
5689,4,8,3,1,4,1,1987,1913,"[1983,1910,1992,1920]",780.07,-1092.14,0.0302981,24.8854,977,0.101797,796.467,71,773.421,1.06197,9,92
5690,4,8,3,1,4,2,1967,1927,"[1963,1923,1972,1932]",777.05,-1094.07,0.049595,44.4961,1004,0.0814931,852.692,69,773.421,1.16003,9,94
5691,4,8,3,1,4,3,1919,1961,"[1916,1957,1922,1966]",769.91,-1099.1,0.0266891,23.6404,964,0.0557844,862.13,48,773.421,1.14526,9,100
5692,4,8,3,1,4,4,1964,1967,"[1961,1964,1967,1971]",776.62,-1100.05,0.025922,19.6605,838,0.0629193,738.789,40,773.421,0.980643,9,103
5693,4,8,3,45,3,1,1318,1017,"[1316,1015,1323,1020]",681.23,-313.72,0.0253375166381,9.18965517241,409,0.0727868852459,353.5,29,366.407469825,0.98985333281,3,5
5694,4,8,2,18,4,1,1099,1655,"[1094,1652,1104,1660]",648.69,-1053.82,0.0309883074556,36.9766708701,1283,0.0519543999622,1156.26923077,61,1123.15824533,1.0624022987,8,20
5695,4,8,4,15,4,1,1350,744,"[1344,740,1353,749]",685.67,-919.22,0.0286787,24.2345,942,0.0687543,820.8,58,871.804,0.969294,3,3
5696,4,8,4,15,4,2,1925,1879,"[1923,1876,1933,1883]",771.28,-1087.02,0.0259801,15.506,652,0.0572973,581.333,56,510.047,1.17017,8,13
5697,4,8,2,61,5,1,1513,845,"[1510,842,1519,848]",-258.71,-934.09,0.0378664369867,25.6458333333,800,0.102213037114,651.625,48,559.586570284,1.21030573159,4,37
5698,4,8,2,48,5,1,1022,1530,"[1016,1526,1025,1535]",-331.54,-1035.39,0.0253721841949,24.396969697,1049,0.0563061173114,937.166666667,55,975.898738493,0.985310871339,5,34
5699,4,8,1,60,4,1,420,416,"[416,414,424,418]",548.35,-870.64,0.0260256006715,17.7813620072,750,0.0597378130152,665.444444444,31,537.041750301,1.27220240525,1,2
5700,4,8,3,28,4,1,1026,1398,"[1023,1394,1030,1404]",637.95,-1016.02,0.0250949813301,32.5783898305,1426,0.0595829656806,1265.625,59,1034.14002701,1.25534584864,6,4
5701,4,8,3,53,4,1,1412,1287,"[1407,1282,1418,1293]",695.03,-999.39,0.137959052644,196.60874229,1830,0.196659103744,1228.51515152,113,955.034299517,1.49222273433,13,17
5702,4,8,3,43,3,1,898,437,"[892,431,904,444]",618.96,-227.93,0.0955077158967,101.630263158,1328,0.159584802279,962.475,152,906.023210015,1.17447903254,1,1
5703,4,8,5,58,5,1,1572,916,"[1566,913,1575,922]",-250.32,-944.88,0.0363582076348,28.3105625718,855,0.0651908287213,750.346153846,67,541.62349665,1.43763466916,6,28
5704,4,8,7,53,4,1,1376,1213,"[1370,1207,1384,1225]",689.68,-988.76,0.0983831414255,142.76267044,1752,0.144976025573,1308.32608696,169,1107.98712631,1.30966210974,9,4
5705,4,8,2,2,4,1,1157,1196,"[1153,1192,1160,1201]",657.14,-985.92,0.0314736540761,42.4772727273,1536,0.0804968904379,1307.13636364,44,1257.25415228,1.07346126789,8,65
5706,4,8,7,40,4,1,1885,1287,"[1881,1283,1891,1292]",765.04,-999.5,0.0355351,45.3157,1408,0.0675065,1229.92,67,1073.51,1.18792,7,2
5707,4,8,7,40,4,2,1836,1340,"[1832,1336,1840,1346]",757.7,-1007.35,0.0370567,49.4518,1490,0.0738584,1285.04,61,1073.51,1.24311,7,3
5708,4,8,5,40,1,1,788,1633,"[783,1627,794,1639]",-365.98,-404.74,0.0604964205545,50.8756377551,983,0.108796418689,790.09375,98,700.146722164,1.20113307844,5,3
5709,4,8,4,32,5,1,760,323,"[758,321,762,325]",-370.17,-856.95,0.0275200989487,6.66310160428,274,0.0756602426838,235.454545455,17,218.970916977,1.10570686921,2,3
5710,4,8,4,20,4,1,1346,746,"[1341,742,1350,752]",685.16,-919.59,0.026374724212,14.7044159544,613,0.0607235556125,542.814814815,52,625.388560796,0.891476540696,6,32
5711,4,8,8,3,5,1,961,122,"[954,115,969,131]",-340.44,-827.4,0.151644611671,986.777012484,8600,0.218096554782,5520.39130435,202,3404.17767324,1.91152429204,1,8
5712,4,8,7,8,1,1,1703,1428,"[1698,1424,1708,1438]",-230.73,-374.7,0.0271718321832,74.5441008018,3160,0.0842546702249,2668.88888889,97,2513.68367012,1.09139945583,1,3
5713,4,8,1,57,5,1,1009,182,"[1005,177,1013,186]",-333.34,-835.94,0.0484634,217.964,5293,0.105872,4279.54,60,4915.12,0.915033,1,26
5714,4,8,1,57,5,2,427,521,"[425,519,429,525]",-419.37,-886.28,0.0281421,6.06857,243,0.0738636,209.571,25,208.969,1.03192,3,48
5715,4,8,1,57,5,3,1575,917,"[1572,913,1579,922]",-249.59,-944.7,0.0275198,12.7085,507,0.060573,449.087,44,401.586,1.14993,6,55
5716,4,8,1,57,5,4,1573,936,"[1568,932,1577,940]",-250.1,-947.53,0.0326329,14.6522,494,0.0642563,434.348,51,401.586,1.11807,6,56
5717,4,8,1,48,4,1,1416,1275,"[1412,1273,1418,1283]",695.48,-998.06,0.0397354292832,31.9020689655,926,0.0913633792193,770.96,58,653.69324363,1.22819392244,11,25
5718,4,8,8,6,5,1,975,58,"[966,53,981,63]",-338.44,-817.84,0.0572058,310.448,6283,0.102338,5116.41,107,2672.7,2.03048,1,3
5719,4,8,8,6,5,2,331,396,"[330,395,333,398]",-433.5,-867.77,0.0314579,6.26496,232,0.0920502,192.889,13,192.317,1.03555,2,9
5720,4,8,1,34,5,1,779,348,"[777,344,781,350]",-367.32,-860.49,0.0250935591885,5.53913043478,241,0.0565541429198,215.2,23,214.453817908,1.02930846645,3,34
5721,4,8,2,62,5,1,435,438,"[432,436,439,442]",-418.06,-874.04,0.0269452187323,5.90966386555,248,0.074961754207,213.411764706,28,208.537747461,1.05171093119,2,33
5722,4,8,3,27,3,1,1710,1000,"[1708,997,1716,1006]",739.17,-311.31,0.0272130834058,12.0747474747,494,0.0673737968965,431.636363636,45,448.299804807,0.989764229994,1,1
5723,4,8,5,51,4,1,1406,1287,"[1402,1281,1413,1292]",694.16,-999.42,0.0353740658619,52.2121212121,1632,0.0681369680983,1423.78787879,89,1154.49782303,1.27847794128,9,8
5724,4,8,7,31,5,1,967,153,"[957,146,976,161]",-339.7,-831.83,0.149462231842,500.661111111,4467,0.221144266518,2849.08888889,208,1962.78530107,1.70663087714,1,8
5725,4,8,2,6,4,1,1177,1273,"[1171,1269,1183,1280]",660.29,-997.54,0.0432008418064,65.7768817204,1746,0.0902937947566,1456.80645161,84,1403.39358551,1.08492966553,5,48
5726,4,8,7,52,5,1,1947,1668,"[1943,1667,1948,1671]",-194.89,-1055.87,0.0335251246644,18.2083333333,795,0.204621503883,524.916666667,16,519.289162904,1.04590089453,6,11
5727,4,8,3,0,4,1,1912,1950,"[1909,1947,1915,1958]",768.82,-1097.81,0.0276157,20.3846,832,0.0737082,717.769,52,755.618,0.976888,10,112
5728,4,8,3,0,4,2,1959,1962,"[1955,1959,1962,1968]",775.77,-1099.31,0.0295839,22.75,870,0.0765661,746.25,53,755.618,1.01771,10,115
5729,4,8,3,35,4,1,1280,2002,"[1277,1999,1283,2007]",675.46,-1105.2,0.027124581259,14.1209103841,569,0.0581383967897,506.473684211,37,526.633201154,0.988533562742,12,11
5730,4,8,6,48,1,1,2093,881,"[2089,875,2098,887]",-173.09,-293.58,0.0306098,21.5474,820,0.091592,682.393,67,729.06,0.965545,3,2
5731,4,8,6,48,1,2,773,1663,"[770,1660,778,1669]",-368.1,-409.28,0.0262864,19.2007,815,0.0679841,711.24,59,711.113,1.02718,4,5
5732,4,8,5,14,3,1,1601,1477,"[1591,1473,1606,1484]",722.82,-381.83,0.0332544666162,38.9928719929,1335,0.0815989139122,1133.56756757,91,1126.75307443,1.04065430676,2,6
5733,4,8,1,2,3,1,1334,1368,"[1330,1365,1341,1372]",683.65,-365.64,0.0325538,21.02,738,0.0831597,624.68,60,590.722,1.09307,3,46
5734,4,8,1,2,3,2,1326,1423,"[1324,1421,1330,1428]",682.36,-373.91,0.0301194,22.3459,816,0.0628008,719.565,45,590.722,1.25594,3,55
5735,4,8,1,2,3,3,1392,1475,"[1389,1472,1397,1479]",692.21,-381.48,0.0401755,25.1875,702,0.0768936,601.75,48,590.722,1.06131,3,58
5736,4,8,5,60,5,1,1546,903,"[1542,900,1552,910]",-253.75,-942.83,0.0469924776494,38.8998435055,1030,0.132559560171,788.888888889,71,565.884552702,1.46282263483,4,5
5737,4,8,1,12,3,1,968,1834,"[963,1828,973,1838]",629.28,-434.32,0.0300379357708,12.7569444444,461,0.0562039092146,411.9375,72,384.274329579,1.10518557123,2,8
5738,4,8,5,9,4,1,293,651,"[289,647,297,656]",529.58,-905.38,0.0255475687104,31.6957377049,1365,0.0606225426969,1208.96,61,1145.81997823,1.0827667184,3,6
5739,4,8,5,39,1,1,794,1619,"[790,1615,798,1623]",-365.16,-402.66,0.0321266334144,26.4189830508,917,0.0706863134297,795.92,59,696.816387727,1.18013726074,4,3
5740,4,8,4,47,1,1,2097,882,"[2093,880,2100,888]",-172.63,-293.95,0.0257735996866,14.9545454545,639,0.0612214086208,565.272727273,44,568.620253165,1.02041260314,2,1
5741,4,8,4,34,4,1,1139,1604,"[1132,1599,1144,1609]",654.43,-1046.32,0.0335704496509,34.6397306397,1154,0.072883504719,997.212121212,81,970.112588149,1.0636413386,11,10
5742,4,8,2,53,4,1,1412,1286,"[1407,1282,1417,1293]",695.0,-999.43,0.141348190227,165.089032258,1471,0.189229364976,1002.87096774,100,775.844608808,1.5054045446,13,14
5743,4,8,8,50,1,1,2037,894,"[2032,890,2042,906]",-181.43,-296.0,0.0369791399723,36.075,1108,0.0823086972979,939.475,100,757.992374798,1.28701822398,2,1
5744,4,8,1,52,5,1,1657,1633,"[1655,1629,1663,1639]",-237.38,-1050.74,0.0252630072282,14.12,634,0.0756701730573,544.8,50,472.365357821,1.18323664245,8,41
5745,4,8,3,58,1,1,1158,96,"[1154,94,1160,98]",-311.42,-177.49,0.0252580061709,13.043956044,571,0.062934058853,503.384615385,21,543.117863622,0.950859115524,1,2
5746,4,8,4,8,4,1,1940,1892,"[1938,1888,1946,1898]",773.18,-1088.96,0.0255869564906,12.7044159544,591,0.0997243280496,483.814814815,52,500.602216066,0.991843852931,8,34
5747,4,8,8,40,5,1,379,444,"[377,443,381,447]",-426.51,-874.92,0.0267462422635,5.33823529412,222,0.0666666666667,194.25,17,191.999556073,1.03952446233,1,2
5748,4,8,7,40,1,1,790,1608,"[784,1603,798,1617]",-365.55,-401.16,0.0912766975406,86.1457390649,1121,0.133100936929,857.641025641,136,645.173468663,1.46284187206,3,1
5749,4,8,3,12,4,1,359,647,"[355,643,368,652]",539.5,-904.83,0.0386063165626,40.4326923077,1209,0.0912167879506,1006.875,78,1036.25115702,1.01066974469,3,37
5750,4,8,4,64,1,1,1235,1364,"[1232,1359,1241,1367]",-299.75,-364.95,0.026446394485,14.5563114135,625,0.0767954567208,535.851851852,49,564.050672505,0.975813326878,4,6
5751,4,8,1,18,3,1,767,495,"[762,491,770,501]",599.51,-236.67,0.0260713752426,14.0806451613,605,0.0698496905393,526.0,62,518.668423154,1.04128306458,1,1
5752,4,8,3,60,4,1,1953,1064,"[1949,1060,1958,1070]",774.91,-966.43,0.0432571049877,25.4739819005,646,0.0682779456193,563.423076923,68,565.179362983,1.04196490069,9,4
5753,4,8,4,54,4,1,281,1958,"[276,1954,284,1970]",527.68,-1099.23,0.0485935,69.5167,1609,0.0834796,1361.06,97,1249.66,1.14478,17,26
5754,4,8,4,54,4,2,260,1984,"[255,1980,264,1991]",524.65,-1102.61,0.0464916,60.1596,1461,0.0842994,1233.83,78,1249.66,1.03547,17,29
5755,4,8,1,47,4,1,1318,819,"[1315,815,1322,823]",681.17,-930.16,0.0275525,13.3585,561,0.0867057,471.478,49,477.463,1.01544,5,10
5756,4,8,1,47,4,2,1243,1046,"[1240,1044,1246,1053]",669.94,-964.14,0.026065,13.0155,550,0.0614345,486.333,43,463.574,1.07717,7,17
5757,4,8,3,59,5,1,436,543,"[435,542,439,546]",-417.88,-889.56,0.0252101,5.5,236,0.0520059,212.667,18,225.369,0.968044,2,35
5758,4,8,3,59,5,2,1564,910,"[1559,908,1566,914]",-251.44,-943.91,0.0263794,22.2404,980,0.0883706,820.857,41,589.176,1.43098,4,36
5759,4,8,8,3,4,1,252,1539,"[251,1538,254,1542]",523.53,-1036.81,0.0260962236899,51.6944444444,2443,0.11750952986,1929.22222222,12,1237.73171193,1.60044107101,11,12
5760,4,8,7,4,5,1,981,113,"[973,106,987,126]",-337.51,-826.38,0.193783460501,1450.66210046,10827,0.28416391563,6035.33333333,219,4008.57326948,1.86749622136,1,9
5761,4,8,1,48,5,1,1665,1655,"[1662,1650,1669,1658]",-236.34,-1053.69,0.0300910746812,17.2083333333,638,0.0698714365567,554.666666667,40,480.553809646,1.19003322525,8,36
5762,4,8,2,60,5,1,1537,843,"[1534,841,1544,845]",-255.05,-933.76,0.0286450202935,19.3157894737,798,0.0984170681349,655.0,38,542.426937959,1.2431458364,4,35
5763,4,8,8,48,4,1,1398,1255,"[1394,1252,1402,1261]",692.92,-994.81,0.0274337,25.5513,1011,0.0548648,905.833,52,1022.53,0.910864,9,4
5764,4,8,8,48,4,2,280,1715,"[277,1712,282,1719]",527.6,-1062.86,0.0263676,18.5404,844,0.10427,684.611,33,599.609,1.17268,12,6
5765,4,8,8,48,4,3,275,1726,"[270,1721,281,1731]",526.94,-1064.31,0.0448038,32.2036,840,0.100509,686.567,74,599.609,1.19873,12,7
5766,4,8,3,3,4,1,1952,1940,"[1949,1934,1956,1948]",774.84,-1096.12,0.0448905,34.7731,865,0.0779834,739.848,74,745.901,1.0385,8,40
5767,4,8,3,3,4,2,2018,1966,"[2014,1961,2021,1970]",784.46,-1099.7,0.026345,20.5169,842,0.0523284,758.261,45,745.901,1.04408,8,45
5768,4,8,7,0,5,1,952,133,"[945,125,962,143]",-341.72,-828.99,0.161575655532,888.97538758,7456,0.235568451988,4612.93877551,233,3074.09780383,1.78976549029,1,11
5769,4,8,3,37,5,1,772,219,"[769,217,774,221]",-368.48,-841.57,0.030461147934,7.01298701299,259,0.0742112279662,223.214285714,22,213.093978883,1.08040252443,2,3
5770,4,8,2,58,4,1,1945,1066,"[1942,1064,1948,1069]",773.8,-966.78,0.0251139704891,11.9358974359,509,0.0469660610216,463.333333333,26,443.43235792,1.07179645842,8,8
5771,4,8,6,40,4,1,1883,1288,"[1881,1286,1887,1290]",764.65,-999.51,0.0318026700459,36.6794871795,1276,0.0665923655614,1116.66666667,26,1004.47895792,1.14820339914,9,2
5772,4,8,5,23,4,1,1947,184,"[1943,181,1952,188]",774.1,-836.34,0.0283152,23.3579,907,0.0617095,801.565,52,821.038,1.00473,1,1
5773,4,8,5,23,4,2,1925,253,"[1920,250,1928,261]",770.67,-846.94,0.0304018,24.9795,942,0.083589,796.667,65,821.038,1.00074,1,4
5774,4,8,7,58,5,1,993,1523,"[988,1520,998,1529]",-335.6,-1034.45,0.0288736343512,28.1974741676,1091,0.0699305974653,948.384615385,67,767.401466884,1.2725830373,4,1
5775,4,8,5,64,4,1,408,365,"[405,361,414,371]",546.8,-863.26,0.0265528722875,19.9367816092,843,0.0712266941262,730.896551724,66,538.472425727,1.39437656872,1,2
5776,4,8,8,53,5,1,952,137,"[941,129,961,148]",-341.94,-829.48,0.111016,354.907,3839,0.149232,2841.98,251,2151.66,1.48578,1,1
5777,4,8,8,53,5,2,955,182,"[950,177,964,190]",-341.18,-836.16,0.0829084,330.265,4834,0.139123,3653.23,131,2151.66,1.85136,1,4
5778,4,8,6,53,5,1,340,466,"[339,464,342,467]",-432.15,-877.97,0.0758689839572,17.025,308,0.195246179966,207.375,10,195.160014171,1.14982570048,2,16
5779,4,8,8,7,1,1,1691,1771,"[1686,1768,1696,1775]",-232.56,-425.31,0.027039915191,36.2175283733,1479,0.0631903451899,1303.19230769,61,1028.63848091,1.30211912244,4,2
5780,4,8,6,50,4,1,1366,1210,"[1360,1205,1375,1216]",688.34,-988.14,0.0412627,49.1602,1543,0.149247,1142.24,136,1129.76,1.05456,9,5
5781,4,8,6,50,4,2,1358,1241,"[1351,1236,1363,1250]",686.95,-992.97,0.0733702,108.141,1730,0.117657,1365.76,123,1129.76,1.30462,9,7
5782,4,8,1,55,5,1,1021,201,"[1014,194,1026,206]",-331.59,-838.83,0.0300501663099,152.696581197,5914,0.0908729736441,4928.69230769,108,5460.35775701,0.93059632995,1,32
5783,4,8,3,49,1,1,927,2060,"[923,2057,932,2067]",-345.38,-467.99,0.0272591384699,16.1774193548,686,0.0860528062918,577.290322581,62,650.011767782,0.913010765882,6,8
5784,4,8,7,54,1,1,2079,906,"[2073,900,2084,913]",-175.18,-297.35,0.0628451,51.8593,970,0.112811,773.333,109,772.921,1.06763,3,2
5785,4,8,7,54,1,2,920,2030,"[917,2028,924,2033]",-346.48,-463.54,0.043995,32.2977,1033,0.190899,701.824,33,672.533,1.09158,8,4
5786,4,8,6,56,3,1,1677,1913,"[1669,1905,1685,1921]",734.12,-446.12,0.0280800992887,29.2298136646,1193,0.0822263979784,1011.71428571,161,1138.79002766,0.914079043631,5,16
5787,4,8,1,13,5,1,1374,830,"[1368,826,1379,835]",-279.36,-931.89,0.0391515672917,24.9384902144,773,0.116217696559,612.034482759,74,574.756127545,1.10824912071,2,34
5788,4,8,1,12,5,1,1338,762,"[1333,757,1343,770]",-284.73,-921.96,0.0372206,21.3003,665,0.0937757,550.971,92,548.503,1.04333,2,48
5789,4,8,1,12,5,2,1336,793,"[1333,790,1341,797]",-284.8,-926.45,0.0264852,18.1214,789,0.0844713,666.087,48,548.503,1.24741,2,49
5790,4,8,1,12,5,3,1375,829,"[1370,826,1379,832]",-279.27,-931.74,0.0406139,23.7671,684,0.0984171,561.429,46,548.503,1.0669,2,52
5791,4,8,8,59,5,1,1564,909,"[1559,905,1567,912]",-251.38,-943.43,0.0256140538382,11.9828947368,502,0.0481894609594,455.842105263,40,345.65409354,1.35344845828,3,3
5792,4,8,3,35,3,1,1279,962,"[1275,959,1283,968]",675.29,-305.72,0.040459514924,14.9326145553,416,0.080319050269,354.142857143,53,380.790561839,0.969234820094,1,1
5793,4,8,4,22,4,1,1867,246,"[1863,234,1871,252]",762.24,-845.27,0.0301007741126,24.8054597701,918,0.0691356946325,799.275,87,862.098981151,0.955900050676,1,4
5794,4,8,3,54,4,1,87,1251,"[83,1249,89,1256]",498.96,-994.3,0.0262083,39.3731,1600,0.0447475,1462.94,35,1244.33,1.20733,10,9
5795,4,8,3,54,4,2,280,1960,"[275,1956,285,1970]",527.59,-1099.23,0.0504203,68.0758,1529,0.0878339,1282.09,102,1226.63,1.10071,16,22
5796,4,8,8,6,1,1,1012,1340,"[1008,1333,1020,1350]",-332.69,-361.53,0.027907723325,29.4446736684,1283,0.111482708948,1025.62790698,124,841.686722976,1.25352171045,2,2
5797,4,8,1,54,4,1,990,1122,"[987,1119,1003,1130]",633.11,-975.36,0.0313757039421,23.4,892,0.105054509415,722.4,100,767.015249155,0.972340511902,9,11
5798,4,8,3,41,1,1,788,1642,"[782,1636,792,1647]",-366.14,-406.04,0.0689257555086,46.5457950289,808,0.124754814081,628.757575758,89,592.998736487,1.13879394548,3,10
5799,4,8,5,41,4,1,1169,2128,"[1165,2124,1174,2133]",659.14,-1123.78,0.0291368278405,16.7485065711,627,0.0581617026596,558.074074074,62,575.821536671,0.998265163837,14,7
5800,4,8,2,44,1,1,2022,875,"[2021,874,2025,877]",-183.46,-292.75,0.029009289251,11.5511363636,447,0.0724100327154,386.636363636,16,362.34258089,1.09892549482,5,2
5801,4,8,2,50,1,1,1982,914,"[1980,912,1986,920]",-189.29,-298.62,0.0293096726321,16.2404181185,634,0.0820431549433,537.857142857,41,455.221583861,1.21720406198,3,5
5802,4,8,4,56,3,1,1106,1891,"[1101,1888,1110,1895]",649.68,-442.98,0.0254942643087,33.5790229885,1480,0.0710893328308,1283.54166667,58,1115.97785627,1.1802390901,4,11
5803,4,8,1,18,1,1,698,1605,"[695,1598,704,1610]",-379.08,-400.54,0.0270538903556,15.0172413793,638,0.0831284392928,540.068965517,58,536.505488239,1.0346328585,4,5
5804,4,8,3,30,4,1,1951,1855,"[1945,1851,1957,1865]",774.54,-1083.68,0.031440398121,13.7959183673,504,0.0850376749193,425.0,98,389.600392693,1.12627175587,11,19
5805,4,8,2,15,4,1,1353,901,"[1348,897,1357,906]",686.17,-942.5,0.0270967741935,15.75,648,0.0679851668727,565.5,60,641.347381657,0.906295116537,4,29
5806,4,8,6,63,4,1,338,1590,"[334,1586,342,1597]",536.18,-1044.4,0.0252270835211,19.3002028398,885,0.0853844201979,745.75862069,68,859.161927214,0.890471050097,9,7
5807,4,8,6,42,1,1,784,1649,"[781,1646,789,1655]",-366.44,-407.31,0.0264770655237,21.6266924565,890,0.056265846685,795.181818182,47,700.335687089,1.16630999347,1,1
5808,4,8,2,49,1,1,926,2061,"[924,2059,930,2065]",-345.4,-468.13,0.0252436194896,12.3636363636,554,0.0742585165925,477.409090909,44,536.722559917,0.912524950225,7,8
5809,4,8,5,43,3,1,895,431,"[889,428,904,437]",618.83,-227.26,0.0357676980527,32.7407614782,1055,0.0889583050387,882.631578947,94,999.473728774,0.915854328206,1,1
5810,4,8,4,10,4,1,335,586,"[328,579,341,594]",535.78,-895.94,0.0302366,34.7621,1377,0.105177,1114.91,146,1111.64,1.03421,3,5
5811,4,8,4,10,4,2,1947,1888,"[1945,1886,1955,1894]",774.43,-1088.49,0.0254127,17.4574,758,0.0619965,669.5,47,606.09,1.13343,8,14
5812,4,8,4,10,4,3,1951,1954,"[1949,1951,1953,1956]",774.62,-1097.96,0.0259474,17.3725,739,0.0624274,652.154,19,606.09,1.10467,8,19
5813,4,8,7,26,1,1,1636,1383,"[1629,1379,1641,1391]",-240.69,-367.93,0.0346080854423,75.2923156802,2606,0.107456942854,2100.27777778,107,1984.31076506,1.09638577372,2,2
5814,4,8,6,53,4,1,1374,1210,"[1370,1208,1380,1214]",689.51,-988.14,0.0483826,75.6494,1893,0.119815,1487.92,53,1138.39,1.37349,11,10
5815,4,8,6,53,4,2,1376,1217,"[1372,1213,1382,1223]",689.91,-989.13,0.0505099,81.3877,1889,0.105023,1529.93,81,1138.39,1.41544,11,11
5816,4,8,8,21,5,1,909,85,"[902,78,918,93]",-348.05,-821.78,0.105466801816,406.836932447,4798,0.163341716193,3450.65116279,168,1904.34733174,2.02562212835,1,3
5817,4,8,8,51,1,1,2034,906,"[2031,902,2040,909]",-181.67,-297.18,0.033959717608,35.6836363636,1171,0.0713240137598,1015.08,55,731.398595893,1.43664978613,4,4
5818,4,8,5,35,4,1,947,1191,"[939,1184,954,1201]",626.22,-985.39,0.046286764062,52.5769549599,1300,0.0909155834881,1083.31914894,154,1050.02189227,1.0817832583,5,2
5819,4,8,7,2,5,1,939,70,"[934,65,948,77]",-343.33,-819.62,0.110470414373,871.757575758,9318,0.140684124206,7019.56410256,143,4416.23882856,1.78688743627,1,3
5820,4,8,8,55,5,1,965,202,"[959,195,973,210]",-339.83,-839.15,0.0974803045166,479.146633562,5775,0.131114179115,4436.17073171,167,2250.71977731,2.18388686803,1,6
5821,4,8,1,43,3,1,893,435,"[887,430,905,440]",618.57,-227.52,0.0592859337242,41.5055432373,856,0.130342362073,658.585365854,121,617.10496955,1.13447621334,1,1
5822,4,8,1,6,4,1,319,1008,"[314,1004,323,1018]",533.41,-958.41,0.04477,44.202,1122,0.0866243,943.111,99,883.612,1.11736,6,59
5823,4,8,1,6,4,2,1182,1267,"[1176,1264,1185,1280]",660.81,-997.13,0.0298415,32.6297,1261,0.0862236,1060.81,85,1104.39,0.990084,11,108
5824,4,8,1,37,4,1,682,353,"[680,351,685,356]",587.15,-861.42,0.026695908644,13.5769230769,542,0.0453230472517,495.0,26,451.125336538,1.12735171777,4,12
5825,4,8,1,54,5,1,956,96,"[952,93,960,100]",-341.16,-823.35,0.0331030318419,141.8591692,4980,0.0916834556406,4143.52380952,47,4504.59418439,0.95133608119,1,1
5826,4,8,5,42,4,1,129,531,"[123,527,134,537]",505.31,-887.71,0.0377510259172,34.6125,1084,0.102606484425,882.25,80,586.632119356,1.56292584355,2,2
5827,4,8,5,42,3,1,891,582,"[885,579,896,586]",617.88,-249.44,0.026341791748,30.6949019608,1251,0.0488103422257,1134.56,51,996.894230769,1.16888518962,1,3
5828,4,8,3,13,5,1,1546,1393,"[1543,1390,1550,1398]",-253.89,-1015.18,0.0269527396261,29.1447124304,1185,0.0593685237108,1052.18181818,49,1124.37596277,0.961712600068,2,7
5829,4,8,6,38,4,1,1236,2101,"[1231,2093,1241,2107]",668.99,-1119.58,0.0464621615416,32.5226833977,778,0.0764743278112,667.459459459,112,582.410358807,1.20187103865,9,4
5830,4,8,1,64,4,1,409,404,"[403,398,417,409]",546.9,-868.81,0.0868484438236,58.3515468059,807,0.136198592071,613.526315789,131,500.116334346,1.34344314803,1,1
5831,4,8,5,41,3,1,1256,1049,"[1254,1047,1258,1053]",671.96,-318.59,0.0262885903024,10.4464285714,440,0.064178975555,386.928571429,24,401.250058175,0.990342535544,1,2
5832,4,8,2,43,3,1,893,435,"[888,431,899,441]",618.37,-227.7,0.0412272197702,38.9393574297,1117,0.104537139278,905.566666667,83,788.598142241,1.19770257309,1,1
5833,4,8,6,57,5,1,1572,918,"[1567,913,1577,925]",-250.02,-945.06,0.0558959333298,43.3741374137,876,0.0891417376234,732.606060606,101,556.757819442,1.39374818085,5,24
5834,4,8,2,1,3,1,1377,1445,"[1375,1443,1382,1448]",689.9,-377.06,0.0251587,18.4556,793,0.0516467,715.111,30,681.673,1.07613,2,47
5835,4,8,2,1,3,2,1372,1449,"[1369,1444,1375,1453]",689.06,-377.51,0.0274622,21.2763,857,0.0642831,753.474,40,681.673,1.13654,2,48
5836,4,8,2,1,3,3,1321,1471,"[1318,1467,1325,1476]",681.63,-380.84,0.0251921,22.3162,939,0.0418725,863.524,50,681.673,1.29951,2,54
5837,4,8,2,21,4,1,256,602,"[251,595,260,611]",524.04,-898.08,0.0321380950086,26.4092409241,957,0.0922579417919,795.333333333,101,711.838534362,1.15439461983,5,20
5838,4,8,5,56,5,1,1573,919,"[1569,916,1577,923]",-249.91,-945.1,0.0342896565106,23.1345454545,761,0.0774874501223,651.545454545,50,572.082900394,1.17933956693,6,31
5839,4,8,7,60,5,1,1544,903,"[1540,899,1551,907]",-254.02,-942.61,0.0288057697669,19.6227483273,770,0.0757298390982,661.586206897,67,457.338600763,1.48950679888,4,20
5840,4,8,8,52,5,1,1947,1668,"[1944,1667,1948,1671]",-194.82,-1055.84,0.0369712900693,19.6909090909,760,0.194115126411,512.909090909,15,480.523199714,1.10837520502,4,1
5841,4,8,2,61,4,1,420,416,"[417,413,425,421]",548.44,-870.78,0.0264014289559,17.9833333333,766,0.0719533527697,663.166666667,60,562.616468909,1.21068265442,1,2
5842,4,8,4,0,4,1,290,1027,"[287,1024,294,1036]",529.18,-961.3,0.0270149,37.8417,1512,0.0518522,1362.93,74,1123.93,1.24631,4,29
5843,4,8,4,0,4,2,1942,1912,"[1938,1910,1945,1917]",773.3,-1091.95,0.032395,31.6143,1166,0.105064,944.286,40,987.124,0.98863,10,96
5844,4,8,4,0,4,3,1987,1917,"[1983,1912,1991,1921]",779.9,-1092.46,0.0347223,39.0927,1239,0.0654523,1086.77,52,987.124,1.14055,10,97
5845,4,8,4,0,4,4,1937,1917,"[1934,1915,1940,1924]",772.55,-1092.85,0.0252052,26.6124,1159,0.0593097,1029.22,47,987.124,1.0696,10,98
5846,4,8,4,0,4,5,1942,1928,"[1938,1925,1945,1935]",773.26,-1094.43,0.0331177,39.0437,1295,0.0637018,1139.89,63,987.124,1.19431,10,101
5847,4,8,3,57,5,1,1590,920,"[1588,917,1594,923]",-247.38,-945.23,0.0276456550362,14.4806034483,571,0.0571015331212,509.3125,29,558.894511262,0.937194931948,5,37
5848,4,8,1,1,4,1,346,1033,"[341,1026,352,1041]",537.54,-962.12,0.0369173618443,46.883669454,1493,0.099378942167,1223.07894737,107,1286.22111365,0.987359485356,3,35
5849,4,8,3,52,1,1,1213,94,"[1210,91,1216,97]",-303.17,-177.21,0.0268348,12.4569,507,0.0576271,451.75,29,545.875,0.850391,1,2
5850,4,8,3,52,1,2,1214,120,"[1212,118,1220,123]",-302.77,-181.18,0.0281202,14.6557,586,0.0727455,506.524,39,545.875,0.95476,1,3
5851,4,8,3,52,1,3,1238,142,"[1235,137,1241,146]",-299.39,-184.24,0.0338814,20.1574,675,0.0801879,574.783,50,545.875,1.08988,1,4
5852,4,8,5,50,1,1,2088,890,"[2086,889,2095,893]",-173.38,-295.01,0.0303155716503,24.8606060606,905,0.0645806375721,795.2,33,752.211432241,1.09019960467,3,3
5853,4,8,2,41,3,1,895,546,"[890,539,900,551]",618.5,-243.91,0.0671120311925,55.04375,929,0.0967259562411,765.133333333,96,673.344827586,1.21806398406,1,1
5854,4,8,6,46,1,1,727,1689,"[720,1686,734,1696]",-374.95,-413.33,0.0283549379046,19.4069767442,785,0.0827412551523,665.023255814,86,700.233432794,0.977431525694,2,4
5855,4,8,1,30,1,1,868,1280,"[864,1277,871,1283]",-354.21,-352.47,0.0339506087724,15.8035943517,518,0.0705971935168,449.684210526,41,511.62788062,0.909817120041,5,10
5856,4,8,5,31,5,1,754,312,"[752,310,757,315]",-371.0,-855.37,0.0305119014796,7.2967032967,264,0.0648464163823,231.846153846,21,220.463399426,1.08472815789,3,21
5857,4,8,6,60,4,1,339,1606,"[333,1601,344,1613]",536.26,-1046.66,0.0316648097674,28.7791116447,1006,0.0667581517925,880.088235294,98,875.369845836,1.0382666838,10,6
