,Row,Column,Plane,Timepoint,Field,Object No,X,Y,Bounding Box,Position X [µm],Position Y [µm],Compound,Concentration,Cell Type,Cell Count,coloc AR - Relative Spot  Intensity,coloc AR - Corrected Spot  Intensity,coloc AR - Uncorrected Spot  Peak Intensity,coloc AR - Spot Contrast,coloc AR - Spot Background Intensity,coloc AR - Spot Area [px²],coloc AR - Region Intensity,coloc AR - Spot To Region Intensity,coloc AR - Object No in Nuclei Selected,coloc AR - Object No in Spots AR,Unnamed: 25
1814,3,8,1,35,1,1,25,927,"[22,923,28,933]",-155.9,345.35,,,,,0.027821164532,15.3339130435,611,0.0655495317891,535.826086957,50,520.821189591,1.05825187418,1,1,
1815,3,8,1,48,1,1,1465,79,"[1460,75,1468,86]",56.91,470.56,,,,,0.0289205219454,19.9836065574,778,0.0738440303658,671.0,61,810.013449275,0.853052016822,2,1,
1816,3,8,1,62,1,1,1351,195,"[1348,192,1360,201]",40.54,453.39,,,,,0.0264888672308,25.5800653595,1100,0.0783726376559,940.111111111,68,1023.95502274,0.943099213367,2,2,
1817,3,8,2,38,1,1,39,936,"[35,929,42,944]",-153.76,344.03,,,,,0.0319373422228,23.4952380952,846,0.0858882206249,712.171428571,81,574.373546512,1.28081571851,1,2,
1818,3,8,2,40,1,1,21,953,"[17,951,24,958]",-156.51,341.43,,,,,0.0297074,17.4211,646,0.0633745,569.0,38,551.535,1.06325,1,2,
1819,3,8,2,40,1,2,1388,146,"[1384,143,1393,151]",45.64,460.76,,,,,0.0250011,15.5628,720,0.0852199,606.92,58,672.787,0.92523,2,3,
1820,3,8,3,28,1,1,226,1236,"[219,1233,229,1241]",-126.49,299.66,,,,,0.0330283201102,23.9990286547,886,0.115433036683,702.620689655,71,853.99263105,0.850850103257,3,1,
1821,3,8,3,38,1,1,24,959,"[23,958,28,961]",-155.78,340.62,,,,,0.0329204980421,19.4350649351,660,0.0723611675274,570.928571429,22,559.617526377,1.05494129211,1,2,
1822,3,8,4,28,1,1,223,1238,"[219,1234,229,1241]",-126.42,299.49,,,,,0.0347828376581,28.4086021505,952,0.0940432867267,788.333333333,62,868.659619605,0.940232419063,3,3,
1823,3,8,5,29,1,1,201,1296,"[197,1291,205,1301]",-129.78,290.83,,,,,0.025619619663,20.3706896552,924,0.0878587196468,774.75,58,834.691165662,0.952592674231,6,6,
1824,3,8,5,33,1,1,205,1285,"[201,1281,210,1290]",-129.11,292.43,,,,,0.037780016116,28.8523076923,844,0.0691393681437,734.84,65,931.340092945,0.819992947236,5,9,
1825,3,8,9,51,1,1,2094,1747,"[2090,1743,2098,1753]",149.98,224.05,,,,,0.0351052175605,28.2061790668,880,0.0632711387876,775.269230769,61,676.627989686,1.18746995703,4,6,
1826,3,8,1,25,2,1,12,1291,"[9,1289,16,1295]",-803.51,614.34,,,,,0.0256394,15.7124,685,0.0685501,597.111,34,566.934,1.08094,6,5,
1827,3,8,1,25,2,2,18,1361,"[13,1355,23,1367]",-802.68,604.31,,,,,0.0276907,17.7844,741,0.0853416,624.469,79,566.934,1.13285,6,7,
1828,3,8,1,26,2,1,1837,499,"[1833,497,1842,505]",-533.83,731.36,,,,,0.0290986918725,17.5198889917,674,0.0710609044115,584.565217391,47,680.27128144,0.885066182873,7,7,
1829,3,8,1,27,2,1,26,1318,"[24,1316,30,1323]",-801.35,610.37,,,,,0.026743162815,18.3528138528,777,0.0755001887505,667.909090909,42,567.602262017,1.20905421047,5,5,
1830,3,8,1,29,2,1,30,1270,"[24,1268,36,1276]",-800.86,617.41,,,,,0.0259839836429,19.6774193548,858,0.0754488112567,737.612903226,62,606.063281688,1.24952351588,5,8,
1831,3,8,1,32,2,1,20,1264,"[15,1260,24,1269]",-802.52,618.42,,,,,0.0304086,21.2855,777,0.0675308,678.696,53,739.186,0.946962,3,3,
1832,3,8,1,32,2,2,39,1320,"[35,1318,46,1324]",-799.35,610.16,,,,,0.0274337,29.4986,1201,0.0690907,1045.77,56,739.186,1.45466,3,6,
1833,3,8,1,33,2,1,21,1273,"[18,1270,24,1276]",-802.24,617.17,,,,,0.0319327731092,14.8709150327,526,0.076960134891,450.823529412,36,437.515190075,1.06440748803,2,2,
1834,3,8,1,46,2,1,639,1058,"[633,1055,644,1066]",-710.96,648.73,,,,,0.0288307492464,20.8578313253,826,0.0807274630381,702.6,83,703.691666667,1.02808924078,8,13,
1835,3,8,1,63,2,1,362,1307,"[357,1303,367,1311]",-751.84,612.12,,,,,0.0284494942497,15.7938461538,628,0.0759320175439,539.36,52,568.213178481,0.97701684364,7,12,
1836,3,8,1,64,2,1,358,1307,"[354,1303,363,1314]",-752.43,612.04,,,,,0.0660592832572,44.5452991453,772,0.101458465441,629.777777778,65,636.262841477,1.05981841617,12,23,
1837,3,8,2,26,2,1,27,1331,"[24,1329,29,1338]",-801.38,608.32,,,,,0.029322,23.3333,931,0.0930896,772.429,42,681.078,1.16839,5,3,
1838,3,8,2,26,2,2,1838,497,"[1831,492,1842,504]",-533.83,731.58,,,,,0.0298231,18.6093,736,0.0973787,605.378,81,665.626,0.937444,8,6,
1839,3,8,2,32,2,1,38,1321,"[34,1318,44,1324]",-799.58,610.13,,,,,0.0288453,34.6327,1334,0.0672,1166.0,49,804.145,1.49305,2,1,
1840,3,8,2,32,2,2,35,1361,"[33,1359,41,1367]",-799.82,603.96,,,,,0.0324103,32.3814,1088,0.0590213,966.727,46,804.145,1.24245,2,3,
1841,3,8,2,46,2,1,639,1062,"[636,1059,645,1067]",-710.67,648.31,,,,,0.0255205721675,20.1458333333,879,0.0665857727893,769.25,48,790.098184513,0.999111058356,1,1,
1842,3,8,2,64,2,1,358,1308,"[353,1302,364,1312]",-752.4,612.17,,,,,0.0620932626242,44.597037037,815,0.0949667852611,673.62962963,75,689.464593963,1.04171653332,9,14,
1843,3,8,3,25,2,1,20,1358,"[13,1356,22,1363]",-802.68,604.47,,,,,0.03012066052,22.5777777778,874,0.0918176139913,727.0,45,645.589169381,1.16107551571,5,4,
1844,3,8,3,26,2,1,23,1303,"[19,1296,28,1310]",-801.92,612.74,,,,,0.0325511,24.3085,874,0.0949153,722.471,86,698.825,1.06862,7,4,
1845,3,8,3,26,2,2,17,1372,"[13,1369,21,1376]",-802.89,602.55,,,,,0.025242,18.7078,834,0.0716843,722.429,44,698.825,1.06055,7,6,
1846,3,8,3,31,2,1,29,1273,"[27,1271,34,1276]",-800.92,617.16,,,,,0.0256034780275,20.2713472486,895,0.074126367808,771.470588235,31,732.139352306,1.081408796,1,3,
1847,3,8,3,36,2,1,24,1298,"[21,1293,28,1303]",-801.81,613.51,,,,,0.0273642107595,23.7219202899,967,0.0684056300139,843.173913043,48,742.434954751,1.16763876456,5,7,
1848,3,8,3,60,2,1,2010,982,"[2006,979,2016,991]",-508.1,659.95,,,,,0.0293863525766,38.4285714286,1474,0.0746288441145,1269.27272727,77,1276.91654927,1.02410866195,1,1,
1849,3,8,3,64,2,1,64,1038,"[55,1035,68,1042]",-796.22,651.87,,,,,0.035468,31.2173,969,0.0660444,848.935,72,685.149,1.28461,1,1,
1850,3,8,3,64,2,2,359,1309,"[355,1307,363,1311]",-752.29,611.91,,,,,0.0258236,20.3798,876,0.065167,768.813,26,772.855,1.02114,5,8,
1851,3,8,4,26,2,1,20,1299,"[16,1292,26,1308]",-802.22,613.06,,,,,0.0347280294917,25.5236985237,872,0.10279525261,709.435897436,99,689.986247544,1.06518006493,3,1,
1852,3,8,4,35,2,1,26,1389,"[22,1386,31,1393]",-801.44,600.0,,,,,0.0297225562034,28.4826086957,1050,0.0607132033539,929.8,46,780.633825612,1.22756992748,2,1,
1853,3,8,4,59,2,1,2011,978,"[2006,974,2015,982]",-508.16,660.88,,,,,0.0251554674323,35.5236363636,1582,0.0694102695833,1376.64,55,1375.96407763,1.02630850566,3,2,
1854,3,8,4,64,2,1,15,989,"[12,987,18,992]",-803.15,659.09,,,,,0.0265665153918,16.1958333333,670,0.0605985654217,593.4375,30,639.785254872,0.952871809238,1,1,
1855,3,8,5,35,2,1,28,1385,"[23,1382,32,1390]",-801.26,600.53,,,,,0.0280500635162,24.8160291439,953,0.0513606276048,859.888888889,61,736.470721649,1.20127642828,1,3,
1856,3,8,5,46,2,1,145,1934,"[140,1932,147,1940]",-784.05,519.3,,,,,0.0290373017646,14.4444444444,534,0.0501474926254,483.0,45,536.931535533,0.926457865714,5,7,
1857,3,8,5,50,2,1,1069,1881,"[1066,1879,1073,1886]",-647.27,527.15,,,,,0.0279865334492,17.4121621622,678,0.0571038783863,604.75,37,439.577271024,1.41536472237,5,3,
1858,3,8,5,64,2,1,62,1041,"[60,1039,66,1046]",-796.01,651.37,,,,,0.026106320224,16.9340277778,731,0.0728525418892,631.722222222,32,572.260264508,1.13349867225,2,2,
1859,3,8,6,34,2,1,31,1375,"[29,1373,38,1380]",-800.44,601.99,,,,,0.0260878891064,25.6052631579,1068,0.0553908566079,955.894736842,40,728.231789352,1.34778516174,3,3,
1860,3,8,6,36,2,1,14,1402,"[8,1396,19,1407]",-803.3,598.12,,,,,0.0294245527183,21.2548741581,812,0.0732955272247,701.096774194,91,767.018511522,0.941765599526,2,2,
1861,3,8,6,52,2,1,1095,1913,"[1091,1910,1101,1918]",-643.31,522.51,,,,,0.0326373211504,26.072039072,878,0.0637465051258,772.769230769,63,601.706783828,1.32762550018,7,8,
1862,3,8,7,25,2,1,13,1335,"[11,1333,19,1339]",-803.17,607.94,,,,,0.0298119818744,15.8263403263,603,0.0786681302598,515.045454545,39,412.764127764,1.28613840003,2,1,
1863,3,8,7,28,2,1,948,1413,"[944,1411,952,1419]",-665.26,596.25,,,,,0.025201260063,13.0909090909,560,0.0502983802217,506.363636364,44,511.696392379,1.01516163333,1,1,
1864,3,8,7,32,2,1,28,1290,"[25,1287,36,1299]",-800.97,614.31,,,,,0.030460396989,15.1264880952,587,0.0987686818169,481.46875,84,558.11394044,0.889773937027,3,1,
1865,3,8,7,33,2,1,23,1283,"[20,1279,28,1288]",-801.92,615.6,,,,,0.0261321114146,18.4519927536,795,0.0724025688396,687.652173913,48,785.973369916,0.898381794719,3,4,
1866,3,8,7,38,2,1,648,2143,"[642,2141,651,2148]",-709.83,488.43,,,,,0.026883816545,17.6395348837,766,0.0907796368815,638.5,43,679.965274283,0.964960358565,2,2,
1867,3,8,7,50,2,1,1071,1881,"[1066,1876,1077,1888]",-647.08,527.19,,,,,0.0301994,26.092,981,0.078676,837.897,87,656.24,1.31657,9,10,
1868,3,8,7,50,2,2,1026,1999,"[1022,1997,1032,2002]",-653.54,509.89,,,,,0.027676,17.8109,700,0.0560147,625.739,40,656.24,0.980662,9,12,
1869,3,8,7,51,2,1,1094,1909,"[1089,1903,1099,1916]",-643.7,523.2,,,,,0.0650085049308,50.6683578104,892,0.100729824067,728.742857143,107,562.564458822,1.3854611729,9,12,
1870,3,8,8,50,2,1,1068,1877,"[1064,1871,1075,1885]",-647.37,527.69,,,,,0.0417763699194,41.9628099174,1192,0.106521234625,962.5,121,776.887657643,1.29293186735,8,5,
1871,3,8,8,51,2,1,1096,1910,"[1092,1905,1099,1915]",-643.42,522.94,,,,,0.0313217169571,29.48,1073,0.0812608327623,911.72,55,689.067245579,1.36590442521,8,8,
1872,3,8,8,52,2,1,2076,1021,"[2071,1017,2083,1028]",-498.47,654.33,,,,,0.0318363,58.496,2035,0.0671474,1778.91,87,1102.44,1.66666,8,1,
1873,3,8,8,52,2,2,1783,1863,"[1777,1858,1788,1867]",-541.93,530.06,,,,,0.0267904,13.3679,541,0.0539487,485.615,60,462.885,1.07799,9,4,
1874,3,8,8,52,2,3,1009,1998,"[1006,1996,1013,2001]",-656.14,509.98,,,,,0.0312296,28.3395,1011,0.0697747,879.118,35,823.929,1.10138,10,7,
1875,3,8,9,49,2,1,1033,1997,"[1030,1995,1037,2002]",-652.61,509.97,,,,,0.0286003546213,24.9198067633,935,0.0497412867324,846.391304348,45,889.680749699,0.979352550233,10,7,
1876,3,8,9,50,2,1,581,2124,"[576,2122,583,2128]",-719.7,491.34,,,,,0.0256612,22.8,1025,0.0842545,865.7,38,958.187,0.927272,7,2,
1877,3,8,9,50,2,2,1067,1877,"[1061,1872,1074,1889]",-647.43,527.46,,,,,0.0400337,42.8868,1263,0.102392,1028.38,127,856.075,1.25137,10,3,
1878,3,8,9,51,2,1,1096,1909,"[1091,1900,1101,1915]",-643.42,523.42,,,,,0.0460203021699,49.0337636544,1235,0.0970720589095,1016.44736842,106,796.002157214,1.33854050824,12,14,
1879,3,8,9,52,2,1,2074,1021,"[2070,1017,2079,1026]",-498.69,654.38,,,,,0.0348413564905,57.2058672156,1823,0.0699331127369,1584.68965517,67,970.801313281,1.69127863748,8,5,
1880,3,8,1,38,3,1,1169,274,"[1162,269,1175,281]",-309.68,764.8,,,,,0.132778251688,361.158986175,3305,0.167049209272,2358.85714286,124,1852.4300554,1.4683502468,1,1,
1881,3,8,1,39,3,1,1205,260,"[1200,255,1212,265]",-304.16,766.99,,,,,0.0642207513516,128.823797931,2279,0.0966935734244,1877.12903226,106,1943.09379199,1.03234997634,2,1,
1882,3,8,1,48,3,1,1941,226,"[1937,224,1944,232]",-195.58,771.62,,,,,0.0253025789806,14.8376623377,655,0.0680177032378,571.571428571,44,558.921284908,1.04918010236,3,2,
1883,3,8,1,50,3,1,1715,777,"[1713,773,1720,781]",-228.82,690.45,,,,,0.0265400033513,14.3484320557,605,0.0695794923601,526.285714286,41,546.954082701,0.98844521586,4,5,
1884,3,8,1,51,3,1,1622,837,"[1620,835,1624,839]",-242.74,681.59,,,,,0.0256886142559,11.8838383838,503,0.0548088838052,450.727272727,18,477.482420821,0.968854749282,3,8,
1885,3,8,1,62,3,1,2050,249,"[2048,246,2053,252]",-179.4,768.53,,,,,0.026776552078,13.4677419355,562,0.0689491203043,489.5,31,539.680515013,0.931973135854,1,1,
1886,3,8,2,43,3,1,929,281,"[925,277,933,284]",-345.04,763.9,,,,,0.0257515141902,16.2201665125,710,0.0727893837866,613.652173913,47,545.719396311,1.15420552153,1,1,
1887,3,8,2,53,3,1,1369,3,"[1364,0,1373,6]",-280.17,804.97,,,,,0.0329276065809,33.6460869565,1235,0.111024191814,988.173913043,50,563.897370109,1.81206732672,2,2,
1888,3,8,2,64,3,1,2062,255,"[2057,250,2066,258]",-177.79,767.78,,,,,0.0258348067694,14.6114285714,617,0.0565430322956,550.96,56,586.33394958,0.964589256646,3,1,
1889,3,8,3,56,3,1,283,1008,"[274,1004,287,1014]",-440.94,656.19,,,,,0.0402314869871,27.5389317889,772,0.0804962929339,656.972972973,84,791.372834017,0.864967655368,7,13,
1890,3,8,4,31,3,1,1632,1249,"[1629,1246,1636,1255]",-241.12,620.57,,,,,0.0448364279399,16.5286831812,435,0.105301734669,352.115384615,59,402.280552172,0.916385507095,3,8,
1891,3,8,4,36,3,1,1686,1230,"[1683,1228,1690,1236]",-233.2,623.39,,,,,0.0645363408521,23.4090909091,449,0.139133944531,339.318181818,44,362.368245497,1.00099078006,4,4,
1892,3,8,5,31,3,1,1839,1430,"[1832,1427,1847,1439]",-210.59,593.68,,,,,0.072403520342,27.9280701754,479,0.144837476099,357.8,114,336.033962264,1.14788418283,8,16,
1893,3,8,5,33,3,1,1655,1286,"[1652,1284,1658,1291]",-237.81,615.04,,,,,0.0399796859974,12.8919860627,369,0.0875789473684,309.571428571,41,337.438188494,0.955622172087,4,23,
1894,3,8,5,39,3,1,1541,1584,"[1538,1581,1543,1588]",-254.67,571.16,,,,,0.028974,11.0817,417,0.0578536,371.389,34,334.564,1.14319,3,15,
1895,3,8,5,39,3,2,1555,1596,"[1552,1593,1561,1602]",-252.44,569.25,,,,,0.0585058,19.5793,393,0.110049,315.077,64,334.564,1.00028,3,17,
1896,3,8,5,39,3,3,1556,1611,"[1552,1609,1561,1615]",-252.33,567.15,,,,,0.0324211,11.9845,421,0.0813356,357.667,43,334.564,1.10487,3,20,
1897,3,8,5,39,3,4,1553,1617,"[1551,1614,1559,1622]",-252.7,566.2,,,,,0.0268348,9.88095,429,0.0897544,358.333,42,334.564,1.10058,3,22,
1898,3,8,5,41,3,1,1727,1411,"[1722,1407,1731,1417]",-227.17,596.75,,,,,0.0624163,25.5221,475,0.106737,383.379,71,486.313,0.840819,8,8,
1899,3,8,5,41,3,2,1694,1495,"[1691,1490,1700,1500]",-231.95,584.37,,,,,0.0400897,20.7954,583,0.0787048,497.926,61,486.313,1.06664,8,11,
1900,3,8,5,53,3,1,1830,1334,"[1825,1328,1836,1339]",-211.92,608.21,,,,,0.0877403846154,36.6382575758,493,0.128227132947,380.9375,99,473.601814785,0.881702190616,2,1,
1901,3,8,5,64,3,1,576,438,"[573,434,581,442]",-397.27,740.62,,,,,0.0257275235567,15.8397435897,678,0.0611712534238,599.833333333,52,610.258501889,1.00887259254,3,3,
1902,3,8,6,31,3,1,2119,1301,"[2111,1299,2121,1307]",-169.67,612.79,,,,,0.0307150110223,17.1299734748,622,0.0700367221358,540.576923077,58,534.460507505,1.04349505477,4,7,
1903,3,8,6,35,3,1,1862,1533,"[1860,1531,1866,1540]",-207.12,578.41,,,,,0.0267979,9.65931,419,0.0886062,350.792,51,347.198,1.03817,3,9,
1904,3,8,6,35,3,2,1883,1544,"[1882,1543,1886,1549]",-203.97,576.88,,,,,0.029663,8.92857,342,0.0787428,292.071,23,347.198,0.86694,3,12,
1905,3,8,6,35,3,3,1881,1549,"[1878,1544,1883,1551]",-204.51,576.59,,,,,0.0257578,8.54112,359,0.0527047,323.053,32,347.198,0.955056,3,14,
1906,3,8,6,35,3,4,1512,1556,"[1507,1552,1518,1561]",-258.83,575.32,,,,,0.0353024,12.3494,433,0.123991,337.469,88,317.903,1.10039,4,17,
1907,3,8,6,35,3,5,1531,1567,"[1528,1563,1535,1572]",-256.09,573.74,,,,,0.0387927,13.1273,392,0.0930345,325.269,58,317.903,1.06447,4,18,
1908,3,8,6,35,3,6,1501,1573,"[1497,1567,1507,1577]",-260.48,572.82,,,,,0.054101,16.987,362,0.0986343,297.0,77,317.903,0.987683,4,19,
1909,3,8,6,35,3,7,1532,1590,"[1528,1587,1535,1595]",-256.02,570.16,,,,,0.0515752,17.2669,401,0.116177,317.524,43,317.903,1.05312,4,21,
1910,3,8,6,35,3,8,1514,1602,"[1510,1598,1520,1608]",-258.53,568.54,,,,,0.0710526,24.89,411,0.11622,325.414,79,317.903,1.10192,4,22,
1911,3,8,6,35,3,9,1604,1582,"[1598,1577,1609,1590]",-245.42,571.35,,,,,0.132032,47.6329,445,0.173933,313.135,125,340.253,1.06029,5,24,
1912,3,8,6,35,3,10,1576,1607,"[1572,1605,1581,1611]",-249.34,567.72,,,,,0.0268719,9.62526,421,0.0941243,348.565,42,340.253,1.05272,5,27,
1913,3,8,6,35,3,11,1572,1610,"[1570,1608,1579,1614]",-249.83,567.17,,,,,0.035052,12.9167,427,0.0912576,355.583,46,340.253,1.08302,5,29,
1914,3,8,6,36,3,1,1541,1537,"[1538,1534,1546,1542]",-254.48,578.08,,,,,0.0564362,19.0877,406,0.119799,319.13,55,320.215,1.05622,4,9,
1915,3,8,6,36,3,2,1536,1556,"[1532,1554,1539,1560]",-255.43,575.18,,,,,0.029803,10.4545,391,0.0692799,340.333,33,320.215,1.09548,4,11,
1916,3,8,6,36,3,3,1515,1556,"[1509,1550,1522,1564]",-258.47,575.25,,,,,0.0736375,26.5249,434,0.130673,333.684,110,320.215,1.1249,4,12,
1917,3,8,6,36,3,4,1530,1564,"[1527,1560,1536,1568]",-256.22,574.21,,,,,0.0377229,13.1087,385,0.0703493,334.391,54,320.215,1.08521,4,13,
1918,3,8,6,36,3,5,1511,1578,"[1506,1571,1518,1583]",-259.08,572.21,,,,,0.0687056,23.0112,391,0.112511,311.914,94,320.215,1.04594,4,14,
1919,3,8,6,39,3,1,1924,1401,"[1919,1397,1928,1406]",-198.11,598.16,,,,,0.0648298194922,23.7459758551,428,0.110915411356,342.535714286,71,419.100889193,0.873970205232,4,3,
1920,3,8,6,40,3,1,1677,1496,"[1673,1492,1682,1503]",-234.54,584.05,,,,,0.0467644548667,22.9921568627,554,0.0834419817471,468.666666667,85,518.983793435,0.947349088254,9,17,
1921,3,8,6,41,3,1,1857,1509,"[1853,1504,1861,1515]",-207.93,582.3,,,,,0.0657873,32.063,633,0.163271,455.31,75,466.391,1.04499,4,1,
1922,3,8,6,41,3,2,1865,1508,"[1862,1504,1870,1512]",-206.75,582.41,,,,,0.028094,13.5627,635,0.150154,469.2,59,466.391,1.0351,4,2,
1923,3,8,6,41,3,3,1735,1495,"[1732,1492,1740,1499]",-225.87,584.34,,,,,0.0373804,21.5636,645,0.0747274,555.304,53,564.753,1.02145,9,15,
1924,3,8,6,41,3,4,1694,1499,"[1691,1497,1700,1501]",-231.87,583.79,,,,,0.0325665,19.4554,669,0.0730182,577.95,37,564.753,1.05782,9,16,
1925,3,8,6,42,3,1,1861,1527,"[1857,1524,1864,1530]",-207.52,579.69,,,,,0.0327218545609,13.4206349206,490,0.105193910156,396.722222222,42,433.535905045,0.946041267564,5,17,
1926,3,8,6,47,3,1,1731,1404,"[1727,1402,1735,1411]",-226.63,597.48,,,,,0.0251414699267,9.28335949765,399,0.0514366796736,359.961538462,49,482.300963677,0.765590213928,4,5,
1927,3,8,7,29,3,1,1700,1630,"[1696,1627,1706,1636]",-231.0,564.28,,,,,0.0519458198633,18.6676470588,425,0.1100953376,340.7,68,345.154063106,1.04118040456,6,14,
1928,3,8,7,31,3,1,1076,1704,"[1070,1696,1080,1712]",-323.41,553.46,,,,,0.0258197980011,28.5674757282,1323,0.102109669492,1077.85,103,1238.81262339,0.893127382497,10,28,
1929,3,8,7,32,3,1,1788,1287,"[1782,1284,1792,1294]",-218.36,614.9,,,,,0.0347974,11.9429,390,0.081427,331.269,66,338.982,1.01248,2,10,
1930,3,8,7,32,3,2,1807,1300,"[1803,1296,1812,1305]",-215.33,613.2,,,,,0.0530187,18.9301,407,0.0924483,338.115,66,338.982,1.05329,2,13,
1931,3,8,7,32,3,3,1852,1359,"[1848,1354,1858,1365]",-208.57,604.42,,,,,0.05,16.7667,375,0.0813668,318.567,78,366.531,0.914883,3,19,
1932,3,8,7,34,3,1,1498,1402,"[1494,1400,1503,1405]",-260.9,598.1,,,,,0.045795,18.3995,478,0.109846,383.381,41,319.379,1.258,3,5,
1933,3,8,7,34,3,2,1501,1423,"[1493,1419,1505,1428]",-260.93,594.96,,,,,0.0547973,19.6088,411,0.0971215,338.233,76,319.379,1.12043,3,7,
1934,3,8,7,34,3,3,1518,1465,"[1514,1462,1522,1471]",-258.01,588.71,,,,,0.0536386,19.1869,424,0.112102,338.52,58,319.379,1.12001,3,12,
1935,3,8,7,34,3,4,1870,1536,"[1868,1535,1872,1538]",-206.11,578.26,,,,,0.026547,8.02857,336,0.0659898,294.4,14,346.306,0.8733,4,14,
1936,3,8,7,35,3,1,1661,1260,"[1659,1258,1664,1262]",-236.9,619.15,,,,,0.0284516,11.3971,428,0.0475025,389.182,19,350.303,1.14352,5,4,
1937,3,8,7,35,3,2,1666,1261,"[1663,1258,1669,1266]",-236.29,618.86,,,,,0.026491,9.88333,432,0.0865191,363.2,36,350.303,1.06503,5,5,
1938,3,8,7,35,3,3,1640,1280,"[1638,1278,1643,1284]",-239.98,616.07,,,,,0.0269752,9.94406,417,0.0751686,358.692,22,350.303,1.05233,5,7,
1939,3,8,7,35,3,4,1664,1311,"[1661,1308,1667,1316]",-236.47,611.52,,,,,0.0375431,13.736,422,0.0902472,352.136,47,350.303,1.04444,5,9,
1940,3,8,7,35,3,5,1659,1312,"[1657,1310,1663,1317]",-237.14,611.23,,,,,0.035109,14.5,459,0.0705539,398.5,39,350.303,1.17898,5,10,
1941,3,8,7,35,3,6,1654,1314,"[1651,1310,1658,1320]",-237.92,611.03,,,,,0.0279777,10.489,441,0.0950854,364.417,53,350.303,1.07023,5,11,
1942,3,8,7,35,3,7,1859,1533,"[1856,1530,1865,1537]",-207.5,578.73,,,,,0.0253583,8.47283,402,0.104924,325.652,48,382.393,0.873773,7,24,
1943,3,8,7,35,3,8,1882,1547,"[1877,1543,1886,1551]",-204.39,576.76,,,,,0.0384561,12.7277,382,0.0910545,318.24,62,382.393,0.865516,7,26,
1944,3,8,7,35,3,9,1541,1547,"[1535,1544,1550,1552]",-254.57,576.59,,,,,0.0511256,19.283,460,0.124852,357.886,83,315.812,1.19428,8,28,
1945,3,8,7,35,3,10,1543,1553,"[1536,1550,1547,1557]",-254.54,575.8,,,,,0.0408557,15.2778,455,0.118394,358.667,54,315.812,1.18407,8,29,
1946,3,8,7,35,3,11,1514,1582,"[1511,1580,1519,1584]",-258.58,571.54,,,,,0.0265904,8.52138,357,0.0673485,311.947,32,315.812,1.01474,8,30,
1947,3,8,7,35,3,12,1534,1588,"[1528,1583,1541,1595]",-255.65,570.49,,,,,0.0794003,25.8934,392,0.13259,300.219,107,315.812,1.03261,8,31,
1948,3,8,7,35,3,13,1514,1603,"[1508,1598,1519,1609]",-258.78,568.39,,,,,0.0657433,23.2716,430,0.130529,330.706,89,315.812,1.12085,8,32,
1949,3,8,7,35,3,14,1605,1581,"[1598,1576,1610,1587]",-245.35,571.62,,,,,0.0935319,34.8424,459,0.152287,337.676,106,364.461,1.02211,9,33,
1950,3,8,7,35,3,15,1572,1611,"[1569,1605,1577,1615]",-250.07,567.29,,,,,0.0261325,9.24669,440,0.121601,344.593,56,364.461,0.970857,9,36,
1951,3,8,7,36,3,1,1873,1428,"[1869,1425,1877,1433]",-205.67,594.13,,,,,0.0317774,14.9708,544,0.0878446,456.143,44,373.922,1.25993,2,4,
1952,3,8,7,36,3,2,1883,1473,"[1877,1465,1891,1480]",-204.08,587.62,,,,,0.0811958,34.816,521,0.138829,393.975,134,373.922,1.14674,2,9,
1953,3,8,7,36,3,3,1540,1535,"[1537,1533,1546,1539]",-254.56,578.34,,,,,0.0383551,12.6522,385,0.0965265,317.217,46,331.704,0.994469,3,11,
1954,3,8,7,36,3,4,1541,1541,"[1539,1538,1545,1543]",-254.61,577.66,,,,,0.0282646,10.0725,393,0.0631763,346.294,30,331.704,1.07435,3,12,
1955,3,8,7,36,3,5,1537,1553,"[1532,1550,1541,1558]",-255.33,575.73,,,,,0.0508717,18.4537,412,0.0895201,344.296,56,331.704,1.09359,3,14,
1956,3,8,7,36,3,6,1534,1575,"[1530,1568,1538,1581]",-255.62,572.65,,,,,0.0439275,14.6626,381,0.0883708,319.129,72,331.704,1.00629,3,15,
1957,3,8,7,36,3,7,1512,1576,"[1506,1572,1517,1582]",-258.99,572.25,,,,,0.0576895,20.2928,402,0.0961643,331.467,79,331.704,1.06046,3,16,
1958,3,8,7,36,3,8,1526,1588,"[1520,1586,1528,1594]",-257.26,570.37,,,,,0.0267253,9.32655,381,0.0573756,339.652,47,331.704,1.05208,3,17,
1959,3,8,7,36,3,9,1533,1591,"[1530,1588,1538,1595]",-255.72,570.14,,,,,0.0298557,11.8746,440,0.0655596,385.857,41,331.704,1.19906,3,18,
1960,3,8,7,36,3,10,1531,1595,"[1529,1592,1537,1599]",-255.99,569.5,,,,,0.0365261,13.6371,425,0.0831968,359.714,37,331.704,1.12556,3,19,
1961,3,8,7,36,3,11,1516,1599,"[1510,1593,1522,1607]",-258.44,568.89,,,,,0.128982,45.8354,439,0.172971,309.526,141,331.704,1.07132,3,20,
1962,3,8,7,38,3,1,1860,1504,"[1856,1500,1864,1507]",-207.49,583.11,,,,,0.0580131,25.2209,560,0.155206,409.524,47,424.804,1.0234,3,7,
1963,3,8,7,38,3,2,1866,1505,"[1862,1502,1869,1509]",-206.64,582.8,,,,,0.0257347,11.2706,527,0.10519,426.682,42,424.804,1.03095,3,8,
1964,3,8,7,38,3,3,1857,1526,"[1854,1524,1861,1530]",-207.9,579.67,,,,,0.0290758,10.4314,400,0.0690423,348.333,34,424.804,0.844542,3,10,
1965,3,8,7,38,3,4,1558,1561,"[1555,1559,1563,1564]",-252.05,574.55,,,,,0.0323928,10.8819,368,0.0619639,325.056,32,323.655,1.03795,4,11,
1966,3,8,7,38,3,5,1533,1589,"[1531,1586,1536,1593]",-255.83,570.38,,,,,0.0263268,8.91481,367,0.0535292,329.706,29,323.655,1.04624,4,14,
1967,3,8,7,38,3,6,1531,1597,"[1529,1593,1534,1602]",-256.2,569.18,,,,,0.0319906,10.2361,356,0.0694917,309.737,37,323.655,0.988624,4,16,
1968,3,8,7,38,3,7,1537,1610,"[1534,1607,1542,1615]",-255.2,567.28,,,,,0.0482795,17.7065,444,0.119737,349.043,52,323.655,1.13315,4,19,
1969,3,8,7,38,3,8,1591,1626,"[1589,1623,1595,1630]",-247.21,564.88,,,,,0.0258187,8.88514,364,0.0411155,335.25,37,328.868,1.04642,5,23,
1970,3,8,7,39,3,1,1543,1583,"[1540,1581,1546,1587]",-254.4,571.23,,,,,0.0270926,9.88571,400,0.0596026,355.0,35,330.711,1.10334,5,8,
1971,3,8,7,39,3,2,1554,1606,"[1551,1602,1559,1610]",-252.65,568.03,,,,,0.0395793,14.6314,407,0.0681831,355.042,52,330.711,1.11781,5,11,
1972,3,8,7,39,3,3,1537,1611,"[1532,1604,1541,1615]",-255.27,567.4,,,,,0.0548803,19.3214,403,0.0954928,332.742,79,330.711,1.06456,5,12,
1973,3,8,7,39,3,4,1554,1616,"[1551,1611,1560,1621]",-252.62,566.42,,,,,0.0376406,13.7579,437,0.108082,351.75,63,330.711,1.10522,5,13,
1974,3,8,7,41,3,1,109,1702,"[102,1700,112,1705]",-466.62,553.62,,,,,0.0258228259025,16.9082125604,729,0.0666709078186,637.869565217,45,719.426358036,0.910138710465,10,11,
1975,3,8,7,42,3,1,1861,1504,"[1851,1500,1870,1511]",-207.46,582.84,,,,,0.115529564652,57.339295393,646,0.190807799443,438.977777778,164,497.242928453,0.998138022224,4,2,
1976,3,8,7,45,3,1,1558,1611,"[1554,1607,1563,1616]",-252.18,567.17,,,,,0.0302554588269,10.2787878788,399,0.0954698614751,329.454545455,45,361.705555556,0.939253843673,6,9,
1977,3,8,7,46,3,1,1545,1560,"[1539,1556,1551,1564]",-254.12,574.77,,,,,0.0664877777414,26.0487179487,537,0.189720109298,365.733333333,78,384.467438495,1.01902531152,4,2,
1978,3,8,7,51,3,1,1736,1407,"[1728,1401,1742,1413]",-226.0,597.34,,,,,0.106540810031,50.7533783784,589,0.161023947151,425.621621622,136,543.178588347,0.877013583046,4,3,
1979,3,8,8,30,3,1,1841,1434,"[1833,1431,1849,1441]",-210.45,593.25,,,,,0.0597487,22.2734,452,0.126463,350.512,107,353.348,1.05501,2,9,
1980,3,8,8,30,3,2,1875,1512,"[1872,1507,1881,1517]",-205.09,581.75,,,,,0.038444,14.4531,424,0.0795672,361.5,64,372.381,1.00959,3,16,
1981,3,8,8,30,3,3,1847,1521,"[1844,1518,1851,1528]",-209.38,580.32,,,,,0.0630031,23.2937,422,0.0983454,346.429,72,372.381,0.992861,3,17,
1982,3,8,8,32,3,1,1626,1274,"[1621,1272,1631,1278]",-242.16,616.92,,,,,0.0315116,14.5499,535,0.0894113,447.182,41,387.128,1.19271,1,4,
1983,3,8,8,32,3,2,1627,1280,"[1621,1277,1632,1283]",-241.98,616.17,,,,,0.0370375,15.5446,501,0.106994,404.154,63,387.128,1.08413,1,7,
1984,3,8,8,32,3,3,1646,1304,"[1640,1302,1648,1308]",-239.4,612.41,,,,,0.0257435,8.69063,393,0.0888014,328.895,41,387.128,0.872025,1,10,
1985,3,8,8,32,3,4,1817,1289,"[1814,1285,1823,1295]",-213.76,614.61,,,,,0.0290231,11.3208,452,0.0881855,378.741,65,342.431,1.13909,3,12,
1986,3,8,8,32,3,5,1571,1552,"[1568,1549,1576,1558]",-250.09,575.84,,,,,0.043162,14.6788,399,0.10159,325.407,58,324.136,1.04921,5,21,
1987,3,8,8,33,3,1,1719,1622,"[1715,1619,1722,1626]",-228.46,565.59,,,,,0.027510191364,8.16046213094,340,0.081986433297,288.473684211,41,315.481498829,0.940258453958,4,2,
1988,3,8,8,34,3,1,1872,1539,"[1870,1537,1875,1544]",-205.67,577.66,,,,,0.0360636,12.5038,388,0.0744789,334.211,35,384.47,0.901799,5,6,
1989,3,8,8,34,3,2,1599,1624,"[1595,1621,1604,1627]",-246.11,565.31,,,,,0.0527532,19.0367,408,0.0882523,341.826,51,388.142,0.929719,6,15,
1990,3,8,8,35,3,1,1650,1275,"[1644,1272,1656,1278]",-238.62,616.96,,,,,0.0445157,16.7769,438,0.0976068,360.1,65,315.09,1.19609,3,3,
1991,3,8,8,35,3,2,1660,1310,"[1656,1307,1667,1316]",-236.87,611.68,,,,,0.0303923,10.4898,407,0.0975451,334.655,69,315.09,1.09538,3,5,
1992,3,8,8,35,3,3,1867,1469,"[1863,1466,1871,1475]",-206.45,588.08,,,,,0.0438405,16.8826,464,0.115105,368.208,55,364.319,1.05702,4,11,
1993,3,8,8,35,3,4,1536,1587,"[1532,1585,1539,1593]",-255.51,570.45,,,,,0.0382935,12.5238,366,0.075642,314.524,42,303.138,1.07887,5,14,
1994,3,8,8,35,3,5,1604,1578,"[1600,1576,1609,1581]",-245.25,572.01,,,,,0.0310135,11.3462,453,0.121981,354.5,39,368.091,0.993902,6,15,
1995,3,8,8,35,3,6,1606,1583,"[1605,1582,1609,1588]",-244.96,571.17,,,,,0.0258674,10.4375,472,0.0912506,393.063,24,368.091,1.0962,6,16,
1996,3,8,8,35,3,7,1602,1585,"[1599,1579,1606,1591]",-245.69,571.02,,,,,0.0484182,18.7701,478,0.128827,368.897,69,368.091,1.05318,6,17,
1997,3,8,8,35,3,8,1575,1606,"[1573,1604,1579,1610]",-249.55,567.86,,,,,0.0398614,15.3333,446,0.0940311,369.333,33,368.091,1.04503,6,21,
1998,3,8,8,36,3,1,1895,1448,"[1891,1445,1900,1452]",-202.22,591.32,,,,,0.0273803,9.30392,378,0.067043,330.5,51,366.757,0.926509,2,6,
1999,3,8,8,36,3,2,1881,1471,"[1878,1469,1883,1475]",-204.57,587.81,,,,,0.0276312,12.8561,526,0.0752065,452.417,22,366.757,1.26861,2,10,
2000,3,8,8,36,3,3,1886,1474,"[1880,1469,1891,1480]",-203.83,587.36,,,,,0.0738776,31.0734,501,0.125168,389.533,89,366.757,1.14683,2,11,
2001,3,8,8,36,3,4,1870,1472,"[1867,1469,1874,1479]",-205.95,587.63,,,,,0.0344612,13.0094,425,0.0766308,364.5,53,366.757,1.02932,2,12,
2002,3,8,8,38,3,1,1559,1559,"[1556,1556,1563,1565]",-252.04,574.73,,,,,0.0481532,15.6447,371,0.0907755,309.25,57,326.921,0.993802,5,7,
2003,3,8,8,38,3,2,1557,1593,"[1553,1589,1561,1598]",-252.24,569.81,,,,,0.0525108,16.975,371,0.0955398,306.292,60,326.921,0.988822,5,11,
2004,3,8,8,38,3,3,1563,1613,"[1556,1609,1566,1618]",-251.64,566.84,,,,,0.0325641,12.332,444,0.0958003,366.367,73,326.921,1.15838,5,15,
2005,3,8,8,38,3,4,1561,1621,"[1557,1617,1567,1625]",-251.59,565.8,,,,,0.0592447,21.459,439,0.126002,340.75,67,326.921,1.10794,5,16,
2006,3,8,8,38,3,5,1603,1621,"[1598,1617,1608,1625]",-245.39,565.78,,,,,0.0457402,18.5071,461,0.0884101,386.107,70,347.137,1.16558,6,18,
2007,3,8,8,38,3,6,1585,1650,"[1583,1648,1591,1654]",-247.9,561.32,,,,,0.0477346,17.7,434,0.102782,353.1,40,347.137,1.06817,6,21,
2008,3,8,8,39,3,1,1605,1613,"[1602,1611,1610,1618]",-245.12,566.64,,,,,0.0345612,11.4383,380,0.0864593,319.52,48,321.139,1.03058,5,10,
2009,3,8,8,39,3,2,1636,1644,"[1634,1642,1638,1649]",-240.65,562.14,,,,,0.033778,12.614,410,0.0637973,360.824,32,321.139,1.16285,5,11,
2010,3,8,8,39,3,3,1590,1649,"[1586,1646,1593,1653]",-247.47,561.59,,,,,0.0333411,12.7929,446,0.0919266,370.905,43,321.139,1.1948,5,12,
2011,3,8,8,39,3,4,1606,1656,"[1601,1653,1611,1660]",-245.02,560.52,,,,,0.0466387,18.1238,443,0.089153,370.476,45,321.139,1.21007,5,13,
2012,3,8,8,40,3,1,1867,1527,"[1862,1523,1870,1533]",-206.59,579.58,,,,,0.0378194915841,18.8275862069,614,0.12351326624,479.0,58,546.037759597,0.911709085053,4,5,
2013,3,8,8,41,3,1,1783,1754,"[1781,1751,1789,1758]",-218.74,546.07,,,,,0.0254219,10.1234,448,0.0716538,388.091,42,400.623,0.993987,7,9,
2014,3,8,8,41,3,2,107,1701,"[101,1698,110,1705]",-466.76,553.91,,,,,0.0251322,17.4263,791,0.0784219,675.958,52,713.723,0.971504,11,17,
2015,3,8,8,42,3,1,13,2070,"[10,2066,20,2075]",-480.38,499.29,,,,,0.0275226458261,16.8911637931,682,0.0666019522192,596.827586207,64,621.497242647,0.987484268452,4,7,
2016,3,8,8,53,3,1,2003,1482,"[2000,1476,2007,1486]",-186.3,586.4,,,,,0.0398778952188,18.6621428571,551,0.101647472809,449.32,56,471.049239681,0.993488797846,5,6,
2017,3,8,9,26,3,1,1061,1749,"[1055,1746,1066,1754]",-325.76,546.73,,,,,0.0333295892579,44.2583050847,1495,0.076065989117,1283.64,59,1217.63260154,1.0905574501,4,2,
2018,3,8,9,27,3,1,1057,1751,"[1053,1747,1063,1756]",-326.12,546.54,,,,,0.0300795069337,36.4208955224,1404,0.0890474713,1174.4,67,1195.00063949,1.01323870089,5,7,
2019,3,8,9,30,3,1,1827,1445,"[1825,1443,1831,1449]",-212.26,591.67,,,,,0.0369367,14.4826,441,0.0774347,377.611,32,371.979,1.05407,3,8,
2020,3,8,9,30,3,2,1666,1678,"[1660,1673,1671,1682]",-236.27,557.41,,,,,0.0697736,27.0931,471,0.13193,361.207,80,357.447,1.08631,4,16,
2021,3,8,9,31,3,1,1837,1430,"[1834,1427,1844,1433]",-210.67,593.92,,,,,0.0302256596015,11.4348148148,431,0.0803629618489,366.88,54,374.299422799,1.01072775369,2,2,
2022,3,8,9,32,3,1,1623,1271,"[1619,1269,1625,1275]",-242.68,617.4,,,,,0.0268601,10.7077,446,0.0696245,387.938,31,360.263,1.10654,5,1,
2023,3,8,9,32,3,2,1573,1554,"[1568,1551,1575,1559]",-250.13,575.54,,,,,0.0415407,14.1684,388,0.0854593,326.905,41,332.964,1.02435,6,6,
2024,3,8,9,34,3,1,1598,1618,"[1596,1616,1604,1623]",-245.95,566.08,,,,,0.0272779,9.88636,401,0.0643021,352.545,44,409.351,0.885382,5,10,
2025,3,8,9,34,3,2,1597,1622,"[1595,1620,1602,1626]",-246.28,565.44,,,,,0.0252953,8.74054,385,0.0667775,336.8,37,409.351,0.844119,5,12,
2026,3,8,9,35,3,1,1875,1443,"[1872,1441,1878,1447]",-205.31,592.06,,,,,0.0284504,13.8056,561,0.0867413,471.444,32,333.124,1.45667,2,1,
2027,3,8,9,35,3,2,1870,1469,"[1867,1466,1872,1474]",-206.1,588.03,,,,,0.0255608,9.17703,393,0.0580871,349.85,37,333.124,1.07776,2,3,
2028,3,8,9,35,3,3,1605,1580,"[1599,1576,1609,1584]",-245.37,571.81,,,,,0.0590733,21.9716,454,0.1294,349.967,81,351.214,1.05901,3,4,
2029,3,8,9,35,3,4,1602,1586,"[1600,1584,1609,1590]",-245.39,570.87,,,,,0.0363411,14.0366,445,0.0890736,372.208,49,351.214,1.09974,3,5,
2030,3,8,9,36,3,1,1537,1551,"[1532,1548,1540,1556]",-255.38,576.01,,,,,0.0315008,9.67559,334,0.0578353,297.478,52,293.837,1.04532,3,2,
2031,3,8,9,36,3,2,1516,1595,"[1513,1593,1521,1600]",-258.26,569.47,,,,,0.0337513,11.7698,410,0.0977942,336.952,36,293.837,1.18679,3,3,
2032,3,8,9,38,3,1,1546,1600,"[1542,1598,1550,1604]",-253.97,568.77,,,,,0.0285073,9.37683,375,0.0798359,319.55,41,314.239,1.04674,2,8,
2033,3,8,9,38,3,2,1606,1617,"[1603,1613,1610,1622]",-245.01,566.29,,,,,0.0442954,17.1489,463,0.111645,370.0,47,347.637,1.11366,3,11,
2034,3,8,9,39,3,1,1635,1643,"[1632,1640,1640,1648]",-240.76,562.36,,,,,0.0394859,13.4239,407,0.109685,326.542,58,297.024,1.14457,2,5,
2035,3,8,9,39,3,2,1606,1652,"[1602,1648,1610,1659]",-244.97,561.03,,,,,0.0375383,13.4423,402,0.0768042,344.654,52,297.024,1.20562,2,7,
2036,3,8,9,39,3,3,1622,1659,"[1616,1654,1629,1665]",-242.61,560.1,,,,,0.0715407,24.9652,411,0.118367,324.0,115,297.024,1.17487,2,8,
2037,3,8,9,41,3,1,1785,1753,"[1782,1750,1790,1756]",-218.5,546.15,,,,,0.0279591219182,12.5937921727,510,0.0761286023655,437.842105263,39,440.392120653,1.0228064407,4,4,
2038,3,8,9,43,3,1,1800,1752,"[1797,1748,1807,1755]",-216.16,546.41,,,,,0.0309209492378,11.6592592593,453,0.107028103362,365.407407407,60,368.566596932,1.02306250704,5,4,
2039,3,8,9,46,3,1,48,1690,"[42,1687,51,1694]",-475.46,555.59,,,,,0.029854732734,20.0866807611,770,0.082428115016,652.727272727,43,712.406788059,0.944423838691,7,4,
2040,3,8,9,48,3,1,1614,747,"[1608,744,1617,753]",-244.04,694.83,,,,,0.0307098985859,15.9259259259,587,0.0773936983787,502.666666667,54,562.887537214,0.921307647278,6,7,
2041,3,8,9,53,3,1,1882,1362,"[1877,1359,1887,1368]",-204.4,603.91,,,,,0.0338493,18.0108,623,0.0957922,514.077,57,420.695,1.26478,4,3,
2042,3,8,9,53,3,2,1887,1364,"[1882,1361,1891,1374]",-203.62,603.26,,,,,0.0600567,31.0062,629,0.128984,485.276,78,420.695,1.22721,4,4,
2043,3,8,9,53,3,3,2007,1478,"[2004,1474,2011,1481]",-185.74,586.89,,,,,0.0340472,16.3389,566,0.0995095,463.55,36,493.55,0.972321,5,9,
2044,3,8,9,53,3,4,2003,1482,"[2000,1478,2011,1487]",-186.09,586.16,,,,,0.0782428,37.4497,586,0.140982,441.185,63,493.55,0.969781,5,10,
2045,3,8,1,25,4,1,27,1401,"[23,1399,31,1404]",-155.59,598.15,,,,,0.0259287925697,11.7543859649,507,0.0689674305055,441.578947368,39,401.456168187,1.12922248867,3,2,
2046,3,8,1,31,4,1,72,1286,"[69,1281,77,1298]",-148.78,614.8,,,,,0.0266597111636,14.4207920792,614,0.0767207365191,526.5,101,470.156275173,1.15051275638,1,1,
2047,3,8,1,39,4,1,2089,359,"[2087,355,2092,365]",149.2,752.16,,,,,0.0285808799206,18.7826086957,745,0.0770632975046,638.391304348,46,656.300201637,1.00133126792,1,4,
2048,3,8,1,42,4,1,2105,394,"[2097,388,2109,402]",151.44,747.06,,,,,0.0348188399702,22.0177304965,722,0.0838128596447,610.333333333,94,669.410179641,0.944639151094,1,2,
2049,3,8,1,46,4,1,2108,5,"[2104,3,2111,9]",151.94,804.49,,,,,0.0259418,17.4444,738,0.0595836,655.0,36,668.033,1.0066,1,1,
2050,3,8,1,46,4,2,2128,18,"[2123,15,2131,24]",154.93,802.44,,,,,0.0289242,22.5883,872,0.0697024,758.36,58,668.033,1.16903,1,2,
2051,3,8,1,55,4,1,2090,39,"[2085,37,2095,42]",149.4,799.51,,,,,0.0271217426741,23.5278232406,1029,0.0987945869355,843.961538462,47,786.882874475,1.10243771957,1,2,
2052,3,8,1,56,4,1,2092,274,"[2088,271,2096,277]",149.67,764.82,,,,,0.0268263734891,18.6717391304,771,0.0646597852729,677.35,46,660.228950017,1.0542126926,2,1,
2053,3,8,1,58,4,1,2049,29,"[2044,26,2053,33]",143.33,800.98,,,,,0.0257991688892,21.029322548,904,0.0647275706678,794.086956522,43,630.721545667,1.2923552155,1,1,
2054,3,8,1,64,4,1,1702,695,"[1697,689,1709,705]",92.12,702.45,,,,,0.0855259202531,91.2169847328,1287,0.137767562132,975.325,131,807.759638519,1.32037048383,3,4,
2055,3,8,2,35,4,1,548,831,"[546,829,551,833]",-78.51,682.54,,,,,0.0291935105245,13.9037267081,532,0.0700380719776,462.357142857,23,560.377837392,0.849892407919,1,1,
2056,3,8,2,43,4,1,2124,414,"[2121,411,2129,419]",154.56,744.09,,,,,0.0255719123644,17.619047619,757,0.0599413255101,671.380952381,44,704.85549423,0.977505326468,1,1,
2057,3,8,2,44,4,1,2131,414,"[2126,409,2136,420]",155.54,744.18,,,,,0.0258467444047,18.547063253,782,0.0560209313612,699.03125,83,707.915399706,1.01364981402,1,1,
2058,3,8,2,46,4,1,2129,18,"[2121,14,2134,22]",155.03,802.63,,,,,0.0326793726417,24.8339608434,857,0.076569768583,735.09375,83,655.116751269,1.15998821488,1,1,
2059,3,8,2,63,4,1,1663,724,"[1658,718,1667,732]",86.16,698.18,,,,,0.044152,49.5438,1323,0.104536,1072.58,92,1038.21,1.08082,3,2,
2060,3,8,2,63,4,2,1748,775,"[1741,767,1756,786]",98.99,690.58,,,,,0.0667244,82.6585,1440,0.109337,1156.15,184,1038.21,1.19321,3,4,
2061,3,8,2,64,4,1,1703,692,"[1696,686,1709,699]",92.06,702.93,,,,,0.0544934457407,62.6109127996,1396,0.124740056834,1086.35135135,106,959.035165605,1.19803976471,4,6,
2062,3,8,3,39,4,1,272,1736,"[270,1734,276,1741]",-119.22,548.62,,,,,0.0289209842281,10.817251462,412,0.0629370629371,363.210526316,36,425.736494939,0.87854290676,6,9,
2063,3,8,3,45,4,1,2131,406,"[2127,403,2135,410]",155.41,745.29,,,,,0.029974112426,22.1045454545,801,0.0564843209022,715.35,44,718.306987669,1.02665651054,1,1,
2064,3,8,3,59,4,1,2018,16,"[2013,12,2025,23]",138.91,802.87,,,,,0.0397554,26.9992,796,0.0993463,652.133,83,557.438,1.21831,1,2,
2065,3,8,3,59,4,2,2060,36,"[2056,34,2067,39]",145.11,799.87,,,,,0.0304145,18.637,714,0.0916343,594.13,43,557.438,1.09926,1,3,
2066,3,8,3,64,4,1,135,1381,"[129,1375,139,1389]",-139.67,601.04,,,,,0.10475,60.6757,733,0.171331,518.568,111,488.023,1.18692,1,8,
2067,3,8,3,64,4,2,1699,694,"[1694,688,1703,700]",91.52,702.74,,,,,0.0302193,34.4864,1347,0.0979253,1106.72,78,1054.83,1.08189,4,15,
2068,3,8,4,29,4,1,456,827,"[454,824,459,829]",-92.12,683.23,,,,,0.0251573467796,14.548951049,630,0.0554803788904,563.769230769,22,551.146057572,1.04930113147,4,3,
2069,3,8,4,30,4,1,6,1411,"[1,1408,12,1416]",-158.54,596.67,,,,,0.0429704055158,15.1794470527,397,0.0801632488537,338.074074074,71,390.254353562,0.905187906048,2,2,
2070,3,8,4,51,4,1,2119,148,"[2114,145,2128,155]",153.93,783.14,,,,,0.0329137839497,24.1928353659,803,0.0608756683112,710.84375,82,814.017398997,0.902974047325,1,1,
2071,3,8,4,57,4,1,2047,17,"[2044,14,2050,22]",143.03,802.67,,,,,0.0276917,18.5299,747,0.0689608,650.619,47,635.023,1.05374,1,1,
2072,3,8,4,57,4,2,2061,28,"[2058,25,2067,34]",145.37,801.05,,,,,0.0315181,21.5987,795,0.0900266,663.68,61,635.023,1.07914,1,2,
2073,3,8,4,59,4,1,2019,14,"[2015,10,2025,21]",139.01,803.04,,,,,0.0348225284708,21.2389189189,670,0.0646073664474,588.68,74,486.928485141,1.25258418337,1,1,
2074,3,8,4,60,4,1,2019,11,"[2017,9,2023,15]",138.94,803.54,,,,,0.034166703154,16.2569444444,527,0.0683635544543,459.555555556,32,386.31229821,1.23167836542,1,1,
2075,3,8,4,62,4,1,1673,797,"[1667,791,1683,805]",87.96,687.35,,,,,0.0481296727389,62.0253968254,1473,0.0912368503367,1226.68888889,154,1110.56071264,1.16041768005,3,4,
2076,3,8,4,64,4,1,106,1373,"[99,1368,111,1378]",-143.99,602.47,,,,,0.117487,68.2708,735,0.178051,512.824,106,525.486,1.10582,4,6,
2077,3,8,4,64,4,2,119,1388,"[114,1383,124,1396]",-141.94,599.94,,,,,0.0875199,47.8037,672,0.148325,498.4,108,525.486,1.03943,4,9,
2078,3,8,4,64,4,3,127,1399,"[121,1396,134,1402]",-140.65,598.59,,,,,0.0454694,24.6734,685,0.138853,517.964,69,525.486,1.03264,4,10,
2079,3,8,4,64,4,4,1706,693,"[1701,688,1710,697]",92.55,702.99,,,,,0.0263608,32.0656,1326,0.056428,1184.35,68,1103.23,1.10259,6,15,
2080,3,8,5,55,4,1,1482,1158,"[1479,1156,1485,1161]",59.48,634.2,,,,,0.028102392877,9.61904761905,374,0.0584905660377,332.666666667,28,329.541348942,1.03867303871,3,1,
2081,3,8,5,57,4,1,2051,20,"[2047,12,2057,25]",143.76,802.58,,,,,0.0291230919038,17.7196061644,713,0.0937941944917,590.71875,73,487.49670978,1.24808710286,1,1,
2082,3,8,5,62,4,1,1673,801,"[1667,798,1681,806]",87.92,686.86,,,,,0.0319944229905,40.091954023,1447,0.087969924812,1213.0,87,1117.00011569,1.12183690621,3,5,
2083,3,8,6,43,4,1,1711,760,"[1704,756,1716,765]",93.19,692.86,,,,,0.0308639804983,29.9261363636,1103,0.0799498210079,939.6875,88,966.739929947,1.00297257445,3,1,
2084,3,8,6,58,4,1,1009,1901,"[1005,1898,1012,1904]",-10.53,524.37,,,,,0.0252422538581,11.7222222222,526,0.074931880109,452.666666667,36,419.491757772,1.1070274452,9,3,
2085,3,8,6,61,4,1,1351,1609,"[1344,1601,1357,1618]",40.17,567.45,,,,,0.105598,75.8476,904,0.169153,642.419,154,657.967,1.09164,10,3,
2086,3,8,6,61,4,2,1312,1677,"[1307,1673,1316,1682]",34.35,557.38,,,,,0.0367902,24.9342,747,0.0672895,652.808,62,657.967,1.03005,10,4,
2087,3,8,7,32,4,1,1098,1974,"[1094,1969,1101,1977]",2.65,513.73,,,,,0.0253883467297,13.8539130435,608,0.0668294171498,531.826086957,50,594.865428183,0.917316714247,4,1,
2088,3,8,7,61,4,1,1351,1607,"[1347,1602,1357,1619]",40.28,567.36,,,,,0.111294556441,97.4370900417,1086,0.165203994608,778.051282051,129,766.966425549,1.14149504193,8,2,
2089,3,8,7,62,4,1,1345,1606,"[1340,1600,1351,1614]",39.34,567.89,,,,,0.0949485093524,83.9464387464,1088,0.152432814134,800.179487179,135,783.803307419,1.12799463533,8,9,
2090,3,8,8,25,4,1,22,1364,"[21,1363,27,1367]",-155.98,603.63,,,,,0.0262454614151,9.24675324675,394,0.0690958426204,343.071428571,22,310.029603316,1.13640174374,3,1,
2091,3,8,8,43,4,1,1656,1766,"[1651,1764,1658,1770]",85.04,544.18,,,,,0.0299150779799,23.5307017544,948,0.108089818517,763.052631579,36,780.178970657,1.00820883787,4,2,
2092,3,8,8,61,4,1,1354,1611,"[1350,1605,1357,1617]",40.62,567.19,,,,,0.0563051750381,52.1021126761,1122,0.124671093848,873.25,71,850.159086799,1.08844582978,6,2,
2093,3,8,8,62,4,1,1033,1956,"[1031,1954,1037,1962]",-6.78,515.94,,,,,0.0258696999662,21.7026086957,947,0.0735638415851,817.217391304,50,688.780236113,1.21797919861,6,4,
2094,3,8,9,28,4,1,1489,1828,"[1485,1824,1493,1834]",60.58,534.98,,,,,0.0315112899839,27.3802216539,966,0.0688668125947,841.52173913,51,818.514288454,1.06155991782,4,3,
2095,3,8,9,50,4,1,1707,1762,"[1703,1758,1711,1765]",92.78,544.94,,,,,0.0361552533607,29.2606679035,953,0.0997980433813,780.045454545,49,1012.32158853,0.799455559988,3,4,
2096,3,8,9,60,4,1,1347,1613,"[1341,1605,1351,1622]",39.48,566.77,,,,,0.0765708735307,71.0859487179,1112,0.129345589959,857.282051282,125,885.706657173,1.04816644707,9,5,
2097,3,8,9,61,4,1,1353,1604,"[1351,1602,1358,1610]",40.62,567.97,,,,,0.0280456798716,24.5279503106,1089,0.12323422575,850.043478261,49,896.080638615,0.975996345512,3,5,
2098,3,8,9,62,4,1,1348,1604,"[1344,1600,1351,1615]",39.63,567.82,,,,,0.0460668965272,41.3617021277,1080,0.115414407436,856.5,94,895.508121804,1.00262820656,6,6,
2099,3,8,1,49,5,1,47,9,"[44,5,50,13]",170.17,804.08,,,,,0.0275027120851,15.0904761905,600,0.0585744530699,533.6,42,338.577083333,1.62057771539,1,1,
2100,3,8,1,59,5,1,135,1180,"[131,1175,139,1184]",183.26,630.98,,,,,0.026210591971,16.8090909091,690,0.0498288322556,624.5,55,577.673525599,1.110158355,6,6,
2101,3,8,2,25,5,1,2127,356,"[2124,354,2130,358]",477.79,752.73,,,,,0.0265452,10.3109,432,0.0665118,378.118,28,403.407,0.96287,3,2,
2102,3,8,2,25,5,2,1660,879,"[1657,875,1663,882]",408.78,675.5,,,,,0.0251463,14.075,610,0.0556829,545.65,40,534.721,1.04676,4,3,
2103,3,8,2,34,5,1,1168,19,"[1166,17,1170,22]",336.0,802.53,,,,,0.0258302583026,8.75,368,0.054441260745,330.0,20,378.939898041,0.893941233823,2,2,
2104,3,8,3,34,5,1,14,312,"[12,310,17,315]",165.51,759.16,,,,,0.0285002767017,7.92307692308,296,0.0457942655252,270.076923077,23,234.151515152,1.1872654329,3,2,
2105,3,8,3,45,5,1,2048,891,"[2045,888,2053,899]",466.19,673.35,,,,,0.0437405530955,16.8683760684,439,0.0869325997249,368.777777778,65,394.20189023,0.978296054393,4,2,
2106,3,8,3,62,5,1,522,1462,"[520,1460,525,1465]",240.55,589.24,,,,,0.0306235201263,8.4347826087,303,0.0631578947368,267.0,23,262.473668142,1.04938062762,1,1,
2107,3,8,4,38,5,1,776,629,"[773,626,779,632]",278.1,712.44,,,,,0.036703,13.2369,401,0.0716026,347.412,37,425.439,0.84771,4,5,
2108,3,8,4,38,5,2,866,535,"[862,533,871,538]",291.47,726.31,,,,,0.0254935,9.26555,401,0.0619959,354.182,38,370.214,0.981722,5,7,
2109,3,8,4,38,5,3,2151,69,"[2148,65,2155,74]",481.39,795.12,,,,,0.0266067,29.8164,1238,0.0632002,1090.82,52,725.475,1.54469,6,9,
2110,3,8,4,38,5,4,2146,73,"[2142,68,2151,77]",480.57,794.59,,,,,0.0337466,37.8357,1281,0.0836036,1083.33,71,725.475,1.54543,6,10,
2111,3,8,5,31,5,1,1079,1251,"[1076,1246,1082,1254]",322.87,620.52,,,,,0.0314981520591,18.7160784314,675,0.0795854391914,575.48,51,575.149014778,1.03311674568,5,1,
2112,3,8,5,38,5,1,777,626,"[774,622,781,633]",278.26,712.61,,,,,0.0389622,13.3818,389,0.0819469,330.074,68,422.464,0.812983,7,20,
2113,3,8,5,38,5,2,2151,70,"[2147,63,2156,75]",481.37,795.12,,,,,0.0407441,43.5366,1216,0.0852298,1025.0,82,659.517,1.62018,8,23,
2114,3,8,6,33,5,1,2145,321,"[2143,320,2150,323]",480.61,757.86,,,,,0.0252220610318,7.07857142857,313,0.0672187043351,273.571428571,20,277.784567901,1.0103153034,2,3,
2115,3,8,6,35,5,1,622,1525,"[618,1522,627,1530]",255.35,579.8,,,,,0.0288245277552,8.56849876948,320,0.0514285714286,288.695652174,53,301.56482593,0.985738804339,1,1,
2116,3,8,6,38,5,1,2146,70,"[2143,68,2151,75]",480.7,794.75,,,,,0.0278851823052,26.3707070707,1047,0.0649344645045,919.318181818,45,585.217319926,1.61596189431,5,5,
2117,3,8,6,39,5,1,2140,70,"[2137,67,2144,75]",479.66,794.87,,,,,0.0386072610426,30.9615384615,904,0.0794029850746,771.0,52,525.598664558,1.52580589058,4,3,
2118,3,8,6,46,5,1,2092,898,"[2087,894,2099,903]",472.6,672.55,,,,,0.026881900825,18.3193597561,756,0.0654217955211,663.15625,82,654.106827179,1.04184145684,3,2,
2119,3,8,6,57,5,1,2032,1279,"[2028,1275,2035,1283]",463.56,616.34,,,,,0.0251818549202,16.6166666667,725,0.059747853097,643.25,45,727.82124834,0.906632869227,2,4,
2120,3,8,6,60,5,1,1716,1001,"[1713,997,1722,1009]",417.21,657.16,,,,,0.0312164063762,20.503030303,757,0.0866288667193,636.3,66,795.483783149,0.82566488999,2,1,
2121,3,8,7,31,5,1,1246,1279,"[1243,1275,1252,1284]",347.59,616.28,,,,,0.0265539237502,19.8888888889,826,0.0623035152901,729.111111111,55,666.648637447,1.12353038456,7,4,
2122,3,8,7,58,5,1,1708,994,"[1704,990,1711,1000]",415.77,658.16,,,,,0.0265387126998,19.0759183673,798,0.0656197420079,699.72,49,782.61971831,0.918448515353,1,1,
2123,3,8,7,64,5,1,1886,1759,"[1881,1754,1889,1762]",442.06,545.38,,,,,0.0283833813246,11.5,454,0.0711757766418,393.666666667,48,440.677968568,0.919416661521,8,3,
2124,3,8,8,26,5,1,1692,529,"[1690,526,1696,534]",413.51,727.11,,,,,0.0256164345481,9.30808080808,394,0.0533976977349,354.055555556,33,295.397539465,1.23008349027,3,3,
2125,3,8,8,37,5,1,1514,2097,"[1511,2094,1516,2100]",387.05,495.49,,,,,0.0273143438454,10.3269230769,436,0.0849144634526,367.75,26,387.577860751,0.975486376709,1,1,
2126,3,8,9,28,5,1,884,1768,"[881,1766,886,1770]",293.92,544.03,,,,,0.0255439924314,7.71428571429,326,0.0511285122064,294.285714286,22,316.606869758,0.953864330962,5,1,
2127,3,8,9,37,5,1,1494,2098,"[1491,2096,1498,2101]",384.32,495.28,,,,,0.0294060634256,13.5446428571,515,0.0706165139999,447.0625,28,459.491044124,1.00242898909,1,1,
2128,3,8,9,61,5,1,1766,1802,"[1762,1797,1770,1806]",424.37,539.0,,,,,0.0273432490766,15.3383991895,598,0.0458027981346,545.619047619,47,536.664004286,1.04526750877,3,4,
2129,3,8,1,35,6,1,1579,17,"[1577,14,1582,20]",396.75,479.9,,,,,0.0260961998406,8.18333333333,340,0.0536101642392,305.4,24,369.295257522,0.849139887248,1,1,
2130,3,8,1,37,6,1,1753,651,"[1747,650,1757,655]",422.21,386.0,,,,,0.0261238041152,9.06060606061,384,0.0640468543359,337.772727273,36,348.301249082,0.995785499615,4,17,
2131,3,8,1,38,6,1,1531,671,"[1525,666,1537,676]",389.55,383.23,,,,,0.09556562716,42.8879246219,540,0.141779530259,405.891891892,109,451.928403756,0.993032995457,2,9,
2132,3,8,1,41,6,1,1606,578,"[1604,576,1611,582]",400.88,396.96,,,,,0.0280892601858,14.2897727273,570,0.0709881979919,494.4375,33,630.212923807,0.807230784246,12,56,
2133,3,8,1,43,6,1,1484,758,"[1479,754,1488,766]",382.61,370.13,,,,,0.0859190047978,30.0157232704,416,0.131459655485,319.333333333,106,393.581515712,0.887615506973,6,19,
2134,3,8,1,45,6,1,1734,493,"[1731,489,1740,498]",419.75,409.36,,,,,0.0462125708801,18.1600496278,488,0.131190656622,374.807692308,62,445.899766121,0.881291652952,2,5,
2135,3,8,1,63,6,1,1513,118,"[1509,115,1520,123]",387.17,464.88,,,,,0.0337069782128,17.7916666667,578,0.0624593114541,510.041666667,60,638.724111955,0.826387047951,2,2,
2136,3,8,2,32,6,1,62,159,"[56,154,67,166]",172.37,458.8,,,,,0.0359776495954,20.9522653722,647,0.0708227018826,561.416666667,103,432.615595575,1.34615797025,2,1,
2137,3,8,2,37,6,1,1751,653,"[1747,650,1758,659]",422.39,385.84,,,,,0.0548750456936,21.0050272308,425,0.080360803608,361.774193548,77,353.580448065,1.08258028088,7,25,
2138,3,8,2,38,6,1,1531,671,"[1526,662,1536,676]",389.57,383.4,,,,,0.0828222,41.2005,591,0.128663,456.256,116,488.059,1.01926,3,10,
2139,3,8,2,38,6,2,1512,680,"[1509,677,1515,684]",386.86,381.9,,,,,0.0258968,12.5257,524,0.0531076,471.15,37,459.034,1.05368,5,14,
2140,3,8,2,41,6,1,1696,784,"[1693,780,1700,789]",414.13,366.56,,,,,0.0295189504373,10.125,404,0.0965224766751,332.875,44,413.849462366,0.828803782997,6,24,
2141,3,8,2,43,6,1,1716,814,"[1713,810,1719,818]",416.95,362.15,,,,,0.0395471,13.8452,395,0.0803419,336.25,42,334.257,1.04738,5,32,
2142,3,8,2,43,6,2,1720,816,"[1717,813,1723,819]",417.6,361.79,,,,,0.0352385,11.9353,377,0.0713808,326.765,30,334.257,1.01329,5,33,
2143,3,8,2,45,6,1,1585,465,"[1580,462,1588,470]",397.46,413.62,,,,,0.0334759,14.327,476,0.0700811,413.652,48,433.312,0.987693,2,3,
2144,3,8,2,45,6,2,1446,707,"[1442,700,1451,712]",377.13,378.03,,,,,0.0408288,19.1231,544,0.0953939,449.25,67,539.04,0.868903,4,18,
2145,3,8,2,46,6,1,1406,727,"[1403,724,1408,731]",371.16,374.96,,,,,0.0288528,12.4907,490,0.076425,420.421,34,415.748,1.04128,5,26,
2146,3,8,2,46,6,2,1398,732,"[1394,727,1401,735]",369.88,374.41,,,,,0.0329738,13.7056,456,0.0630059,401.944,40,415.748,0.999765,5,27,
2147,3,8,2,46,6,3,1392,734,"[1389,729,1398,738]",369.2,373.89,,,,,0.0489177,19.1333,468,0.114286,372.0,60,415.748,0.940794,5,29,
2148,3,8,2,47,6,1,1521,631,"[1518,628,1524,637]",388.23,389.02,,,,,0.0277319,14.7028,615,0.0880395,515.474,34,444.012,1.19406,3,8,
2149,3,8,2,47,6,2,1517,634,"[1513,631,1521,641]",387.55,388.5,,,,,0.0429454,24.4935,641,0.0801737,545.846,53,444.012,1.28451,3,9,
2150,3,8,3,29,6,1,51,176,"[46,173,56,182]",170.91,456.31,,,,,0.0274310697412,12.15625,493,0.0670995670996,431.0,64,356.26837221,1.24388321998,1,1,
2151,3,8,3,33,6,1,1209,1178,"[1204,1174,1212,1181]",341.92,308.35,,,,,0.0260003787776,21.7617753623,904,0.0516412928026,815.217391304,48,817.490168018,1.02384004042,3,6,
2152,3,8,3,34,6,1,497,1570,"[494,1566,502,1574]",236.92,250.33,,,,,0.0253752324449,15.6351236147,685,0.0657151554097,600.52173913,51,572.998616874,1.07531998263,7,11,
2153,3,8,3,35,6,1,264,2058,"[260,2055,267,2060]",202.4,178.28,,,,,0.0260804959906,11.3111111111,486,0.0700262980857,422.388888889,30,429.467807808,1.00985450391,5,5,
2154,3,8,3,37,6,1,1751,652,"[1749,650,1754,655]",422.22,386.08,,,,,0.0289083341118,11.2981744422,422,0.0529869367386,379.529411765,29,347.387249115,1.12504873798,6,14,
2155,3,8,3,38,6,1,1534,671,"[1530,665,1537,676]",389.97,383.31,,,,,0.0423746,20.78,581,0.106027,469.607,62,533.45,0.919275,2,10,
2156,3,8,3,38,6,2,1676,753,"[1672,751,1678,757]",410.88,370.98,,,,,0.0370278,13.8185,415,0.0718321,359.375,31,462.229,0.807378,6,24,
2157,3,8,3,39,6,1,1478,716,"[1475,712,1481,721]",381.83,376.51,,,,,0.0401954917215,16.7916666667,493,0.102959683058,400.958333333,56,476.546274324,0.876620010497,4,16,
2158,3,8,3,42,6,1,1434,738,"[1428,733,1438,743]",375.25,373.44,,,,,0.0663963677183,29.1397058824,524,0.1223737676,409.735294118,88,445.761543135,0.984551060447,4,19,
2159,3,8,3,46,6,1,1674,467,"[1670,463,1680,472]",410.88,413.27,,,,,0.0515622,19.6178,472,0.133455,360.852,66,421.758,0.902104,1,3,
2160,3,8,3,46,6,2,1396,730,"[1392,727,1399,735]",369.69,374.45,,,,,0.0509495,20.2391,458,0.097006,377.0,46,432.347,0.918798,2,7,
2161,3,8,3,46,6,3,1391,733,"[1389,731,1398,737]",369.22,373.91,,,,,0.0300501,11.2427,420,0.0729492,362.889,38,432.347,0.865351,2,10,
2162,3,8,4,37,6,1,1232,1177,"[1229,1174,1237,1180]",345.59,308.43,,,,,0.0253210629718,26.1251778094,1168,0.0746991452578,1005.63157895,37,1025.6571518,1.00594702132,9,28,
2163,3,8,4,38,6,1,1532,673,"[1530,671,1534,676]",389.79,382.92,,,,,0.0286544850498,14.7857142857,587,0.0788316376764,501.214285714,24,552.837995338,0.933365659291,2,4,
2164,3,8,4,42,6,1,1893,653,"[1889,650,1896,660]",443.07,385.7,,,,,0.0287272,13.1926,518,0.0746381,446.045,42,451.547,1.01703,4,7,
2165,3,8,4,42,6,2,1684,831,"[1679,827,1690,839]",412.27,359.43,,,,,0.0541498,26.2809,571,0.108678,459.056,107,470.292,1.03199,5,14,
2166,3,8,4,44,6,1,1633,437,"[1630,433,1637,442]",404.75,417.76,,,,,0.0277238,9.51852,386,0.0724981,333.815,51,323.732,1.06055,2,2,
2167,3,8,4,44,6,2,1681,803,"[1679,801,1684,806]",411.87,363.75,,,,,0.0255406,8.94286,378,0.051168,341.2,28,396.724,0.882585,6,14,
2168,3,8,4,44,6,3,1697,825,"[1693,819,1699,833]",414.05,360.23,,,,,0.026448,11.1187,500,0.0997697,409.281,60,396.724,1.05968,6,18,
2169,3,8,4,45,6,1,1703,806,"[1699,804,1705,811]",414.91,363.13,,,,,0.0253383,9.36154,419,0.0756001,360.1,39,348.153,1.0612,5,17,
2170,3,8,4,45,6,2,1706,812,"[1702,806,1711,817]",415.57,362.43,,,,,0.0395908,14.3308,421,0.0954372,347.643,76,348.153,1.0397,5,18,
2171,3,8,4,45,6,3,1694,822,"[1691,819,1698,828]",413.86,360.69,,,,,0.0251604,9.59227,422,0.0634382,371.652,45,348.153,1.09505,5,19,
2172,3,8,4,45,6,4,1269,1109,"[1265,1103,1274,1114]",350.92,318.57,,,,,0.0255159,25.9829,1207,0.0976113,992.321,69,1111.08,0.916499,9,34,
2173,3,8,5,27,6,1,1209,1246,"[1205,1243,1211,1253]",342.0,298.02,,,,,0.0281004365316,29.0815602837,1177,0.0784149041765,1005.83333333,47,1187.0952758,0.871804407545,3,3,
2174,3,8,5,33,6,1,1078,1166,"[1071,1163,1083,1171]",322.6,309.98,,,,,0.0332277656309,32.9938596491,1157,0.0930734226645,959.966666667,76,1078.93615676,0.920314441305,6,8,
2175,3,8,5,37,6,1,313,2088,"[310,2086,316,2093]",209.59,173.64,,,,,0.0305258845512,16.8474264706,614,0.0687007269376,535.058823529,32,494.618406206,1.11582230478,9,32,
2176,3,8,5,41,6,1,1451,643,"[1447,639,1455,650]",377.85,387.27,,,,,0.0370753866531,17.1523765144,542,0.0977406851276,445.482758621,74,451.940434998,1.02366395947,2,3,
2177,3,8,5,42,6,1,1892,653,"[1889,651,1897,655]",443.19,385.97,,,,,0.0316281,13.9409,509,0.0878005,426.833,31,445.357,0.989709,4,6,
2178,3,8,5,42,6,2,1813,663,"[1810,660,1817,667]",431.43,384.31,,,,,0.0256112,9.77778,426,0.0676692,372.0,36,445.357,0.857239,4,10,
2179,3,8,6,30,6,1,883,1924,"[880,1922,885,1930]",293.83,197.83,,,,,0.0273138,13.6842,558,0.06762,487.316,35,468.596,1.06915,4,1,
2180,3,8,6,30,6,2,886,1926,"[885,1925,890,1931]",294.47,197.52,,,,,0.0259708,11.019,484,0.078832,413.267,21,468.596,0.90544,4,2,
2181,3,8,6,38,6,1,1532,667,"[1530,665,1535,673]",389.86,383.62,,,,,0.0284813501764,13.1936758893,540,0.0908590055553,450.045454545,46,441.219583131,1.04990609698,3,6,
2182,3,8,6,39,6,1,1253,1169,"[1249,1165,1256,1175]",348.59,309.51,,,,,0.0283057691289,29.1482517483,1171,0.0784598491021,1000.61538462,55,1114.81395591,0.923708956914,10,40,
2183,3,8,6,40,6,1,2077,1540,"[2072,1538,2079,1546]",470.16,254.65,,,,,0.0274556951782,16.4278656126,674,0.0733227168871,581.913043478,44,545.910739714,1.09604165217,10,30,
2184,3,8,6,41,6,1,1920,693,"[1915,687,1926,698]",447.23,380.11,,,,,0.0601171,25.9838,516,0.11902,406.235,105,409.599,1.05523,3,6,
2185,3,8,6,41,6,2,1510,792,"[1504,788,1514,798]",386.5,365.18,,,,,0.0507616,21.9337,489,0.0876818,410.16,64,460.983,0.93733,4,9,
2186,3,8,6,42,6,1,1435,735,"[1429,733,1438,741]",375.26,373.59,,,,,0.0306840210468,9.52275025278,347,0.0712751677852,300.826086957,43,321.105951602,0.96649979753,3,6,
2187,3,8,6,46,6,1,1752,481,"[1749,477,1755,486]",422.27,411.3,,,,,0.0467706,21.0,517,0.0941799,428.0,46,312.346,1.43751,1,2,
2188,3,8,6,46,6,2,1757,483,"[1754,481,1760,486]",423.01,411.0,,,,,0.0320842,13.5556,524,0.123325,408.944,30,312.346,1.35267,1,3,
2189,3,8,7,41,6,1,1510,793,"[1506,788,1514,796]",386.57,365.29,,,,,0.0251139669937,9.45874001775,420,0.0671085335543,367.173913043,49,428.29040404,0.879386158336,3,6,
2190,3,8,7,42,6,1,1887,677,"[1885,674,1891,681]",442.44,382.35,,,,,0.0296815194627,11.4166666667,421,0.0601566871852,373.222222222,36,408.245949926,0.94217441461,3,2,
2191,3,8,7,47,6,1,1825,2031,"[1819,2026,1830,2036]",433.02,182.2,,,,,0.0274267563264,11.6295900178,503,0.0989804025424,412.393939394,85,457.773612436,0.926273419639,2,1,
2192,3,8,7,51,6,1,810,1981,"[808,1978,816,1983]",283.34,189.62,,,,,0.0251627474425,17.75625,770,0.0563138761232,687.9,32,726.911783997,0.970759128598,3,8,
2193,3,8,8,39,6,1,1134,1888,"[1130,1885,1139,1893]",331.11,203.2,,,,,0.0292806651559,15.4229249012,594,0.074817087562,511.304347826,44,464.068767543,1.13501987112,8,22,
2194,3,8,8,50,6,1,935,1886,"[930,1876,941,1892]",301.5,203.8,,,,,0.0271386,21.6539,949,0.100134,776.244,118,918.538,0.868661,5,1,
2195,3,8,8,50,6,2,816,1978,"[812,1974,823,1983]",284.16,190.04,,,,,0.0345818,26.0283,819,0.0597623,726.63,76,918.538,0.819409,5,2,
2196,3,8,8,51,6,1,813,1979,"[809,1976,816,1982]",283.48,189.91,,,,,0.0356857136881,27.5747474747,849,0.0651535456645,745.136363636,45,835.718296754,0.92460714826,4,3,
2197,3,8,9,51,6,1,810,1976,"[807,1972,814,1982]",283.15,190.21,,,,,0.0270762229807,21.6363636364,896,0.070838765754,777.454545455,55,911.903243571,0.876289140021,4,2,
2198,3,8,9,60,6,1,2062,1411,"[2052,1408,2068,1415]",467.93,273.81,,,,,0.0288809959459,31.7763157895,1231,0.0706797894255,1068.47368421,100,1041.79007694,1.056114878,2,2,
2199,3,8,1,48,7,1,1200,679,"[1194,674,1204,683]",-305.18,382.13,,,,,0.0397988149898,29.8428571429,872,0.0954773869347,720.0,70,688.530269629,1.08904849971,4,3,
2200,3,8,2,27,7,1,2103,841,"[2099,837,2107,847]",-171.61,358.05,,,,,0.0316626633078,14.3355437666,528,0.092689139173,438.423076923,58,463.307465091,0.977231438739,2,1,
2201,3,8,2,43,7,1,2141,721,"[2139,719,2143,725]",-166.01,375.77,,,,,0.0267950332913,11.0296296296,456,0.0646742937194,400.6,27,388.770374167,1.0587988617,3,1,
2202,3,8,2,47,7,1,1213,681,"[1208,676,1220,686]",-303.08,381.85,,,,,0.0375253456008,28.5070175439,868,0.0855653986451,731.166666667,95,757.455970046,1.00292784565,4,4,
2203,3,8,3,39,7,1,2085,859,"[2079,855,2088,862]",-174.4,355.55,,,,,0.0282756998353,13.0652173913,526,0.0789743589744,449.0,46,444.87987988,1.03862916326,5,2,
2204,3,8,3,47,7,1,1211,677,"[1207,674,1224,682]",-302.87,382.26,,,,,0.0318470727223,25.9281136807,942,0.0888812521478,788.216216216,97,822.048294679,0.990385035972,4,2,
2205,3,8,3,52,7,1,1199,700,"[1196,696,1204,703]",-305.07,379.02,,,,,0.0251070952367,19.2391304348,849,0.0638807921763,747.043478261,46,762.095870206,1.00549371628,3,3,
2206,3,8,3,55,7,1,1968,152,"[1966,149,1971,155]",-191.57,459.99,,,,,0.0257022731024,10.1417624521,431,0.0570922469001,384.444444444,29,360.062682825,1.09588198311,2,5,
2207,3,8,3,60,7,1,442,1009,"[439,1005,447,1014]",-416.92,333.2,,,,,0.0507924043404,22.5873015873,522,0.105802047782,422.111111111,63,587.253198294,0.757251580732,5,5,
2208,3,8,3,61,7,1,374,800,"[370,797,378,805]",-427.11,364.14,,,,,0.0472013042466,27.6363636364,696,0.110168569875,557.863636364,52,762.030087488,0.768342365496,6,3,
2209,3,8,4,39,7,1,1225,756,"[1222,754,1229,761]",-301.35,370.43,,,,,0.0283497450325,23.593902439,970,0.0907148680179,808.65,41,789.413063348,1.05425656235,3,2,
2210,3,8,4,46,7,1,2151,646,"[2149,643,2154,650]",-164.5,386.9,,,,,0.0279245709124,13.2956989247,531,0.0685896360892,462.833333333,31,440.294040602,1.08138877284,3,1,
2211,3,8,5,55,7,1,1082,791,"[1074,788,1092,794]",-322.45,365.51,,,,,0.0318176163436,28.1105105105,1012,0.0838724617544,855.378378378,90,898.674720358,0.983101971019,7,9,
2212,3,8,6,41,7,1,1570,1547,"[1566,1542,1574,1551]",-250.43,253.84,,,,,0.0283132661996,16.9619672131,673,0.0724074192109,582.12,61,593.246915998,1.00983578854,3,1,
2213,3,8,6,47,7,1,1185,790,"[1182,787,1190,798]",-307.18,365.37,,,,,0.0298405058214,26.9238095238,1043,0.0874022589053,875.333333333,70,896.385355191,1.00655051718,2,2,
2214,3,8,6,58,7,1,1563,1511,"[1560,1507,1567,1515]",-251.39,259.11,,,,,0.0260370483822,19.2261904762,817,0.0636701797892,719.19047619,48,806.098030913,0.916038296026,3,2,
2215,3,8,7,26,7,1,1218,2120,"[1217,2118,1220,2123]",-302.37,169.04,,,,,0.0254284714935,7.12745098039,301,0.0484760522496,273.166666667,17,285.812511848,0.980692258132,4,2,
2216,3,8,7,49,7,1,1151,1343,"[1146,1339,1160,1349]",-312.1,283.87,,,,,0.0301419393272,30.6134453782,1167,0.0845576678648,985.029411765,98,1071.004329,0.948308825313,2,1,
2217,3,8,7,52,7,1,1937,136,"[1932,133,1940,142]",-196.27,462.1,,,,,0.0335289300082,17.6703557312,618,0.096378572255,509.347826087,55,384.236879433,1.3715970799,1,1,
2218,3,8,7,61,7,1,920,2028,"[918,2027,921,2030]",-346.5,182.63,,,,,0.056712962963,35.525,959,0.237519154771,590.875,10,420.149049363,1.49089948186,6,4,
2219,3,8,8,53,7,1,1741,1105,"[1737,1102,1746,1109]",-225.13,319.08,,,,,0.0264336045996,14.8234848485,633,0.0738292984626,545.958333333,55,574.985206937,0.975297818825,3,1,
2220,3,8,8,60,7,1,970,2101,"[966,2096,974,2104]",-339.07,171.98,,,,,0.025060322567,10.962962963,489,0.0682687056253,426.5,54,468.507344439,0.933737684489,2,5,
2221,3,8,9,34,7,1,1163,1374,"[1155,1371,1169,1382]",-310.69,279.08,,,,,0.027545398649,20.6561355311,851,0.0770528853398,729.238095238,104,713.671949287,1.05075480621,1,1,
2222,3,8,1,40,8,1,769,804,"[763,801,777,808]",-691.57,363.55,,,,,0.0292719940606,14.6182115149,578,0.0877192982456,484.774193548,79,553.802453119,0.901751883276,4,7,
2223,3,8,1,64,8,1,90,965,"[81,959,99,972]",-791.97,339.75,,,,,0.0714190627419,95.2589169487,1563,0.115813487907,1238.54347826,167,926.571578726,1.43950281428,3,5,
2224,3,8,2,51,8,1,1015,1427,"[1012,1425,1018,1430]",-655.36,271.43,,,,,0.0266013910674,10.9738562092,470,0.0785313615502,401.555555556,34,393.283392088,1.04893677197,6,5,
2225,3,8,2,56,8,1,1328,26,"[1325,21,1330,29]",-609.17,478.69,,,,,0.0275518297449,7.59011164274,305,0.0647680293983,267.894736842,33,293.160835509,0.939705496494,1,2,
2226,3,8,2,62,8,1,72,1040,"[70,1038,76,1043]",-794.58,328.66,,,,,0.0260335969991,18.2428571429,779,0.0660280533698,682.5,35,894.183064818,0.783668227138,3,5,
2227,3,8,2,64,8,1,96,961,"[86,958,99,970]",-791.67,339.96,,,,,0.0309869897064,39.2670194004,1466,0.0883675547259,1227.94285714,81,914.672358066,1.38542491786,3,3,
2228,3,8,3,38,8,1,1115,1184,"[1109,1178,1120,1190]",-640.6,307.44,,,,,0.0510261136077,24.8888888889,552,0.0878146367681,462.878787879,99,543.138416578,0.898054090596,2,1,
2229,3,8,3,50,8,1,126,1219,"[123,1216,129,1223]",-786.74,302.28,,,,,0.036288038721,20.1357142857,718,0.146278187986,534.75,35,597.370025766,0.928881079318,6,4,
2230,3,8,3,53,8,1,1036,1558,"[1030,1555,1041,1565]",-652.46,251.96,,,,,0.0394616182232,30.6742831541,885,0.0847946857516,746.64516129,72,652.293860511,1.19167064341,3,6,
2231,3,8,3,62,8,1,99,988,"[93,983,105,998]",-790.82,336.12,,,,,0.0310427230418,24.2760180995,911,0.0918394001321,757.743589744,102,841.773861295,0.929013888171,2,5,
2232,3,8,3,63,8,1,95,960,"[87,955,100,966]",-791.4,340.46,,,,,0.0287809349221,35.6818181818,1372,0.0651798002611,1204.09090909,88,925.277132867,1.33989340408,3,3,
2233,3,8,3,64,8,1,41,996,"[34,991,48,1007]",-799.28,334.91,,,,,0.0752754008747,100.453254253,1607,0.131282538227,1234.02325581,149,861.929146306,1.54824386179,3,2,
2234,3,8,4,51,8,1,1015,1429,"[1011,1425,1020,1433]",-655.35,271.25,,,,,0.0368484485085,24.0996078431,720,0.0667298802892,629.92,51,620.670480212,1.05373080998,2,2,
2235,3,8,4,52,8,1,1041,1555,"[1035,1552,1045,1561]",-651.58,252.55,,,,,0.0376529258918,29.0195567145,858,0.0727062896711,741.692307692,59,669.76277786,1.15072364408,4,5,
2236,3,8,4,53,8,1,1038,1562,"[1033,1559,1042,1567]",-652.03,251.45,,,,,0.0323415834876,30.5362473348,1088,0.0871070192342,913.642857143,67,796.249926736,1.18578234393,4,3,
2237,3,8,4,62,8,1,36,993,"[31,987,41,999]",-800.06,335.74,,,,,0.0299550527751,35.7313253012,1316,0.0642513444665,1157.1,83,764.384100685,1.56051299894,3,3,
2238,3,8,4,63,8,1,41,993,"[34,987,50,1000]",-799.29,335.6,,,,,0.0692711739208,92.0187617261,1514,0.100944441981,1236.36585366,156,882.564245411,1.50514211548,2,4,
2239,3,8,4,64,8,1,94,960,"[88,956,98,967]",-791.68,340.31,,,,,0.0316252,30.1071,1132,0.102297,921.893,75,767.458,1.24046,5,2,
2240,3,8,4,64,8,2,41,998,"[35,990,47,1004]",-799.37,335.12,,,,,0.078235,100.492,1481,0.111445,1184.0,130,767.458,1.6737,5,3,
2241,3,8,5,44,8,1,51,1819,"[49,1817,54,1823]",-797.76,213.43,,,,,0.0257003800838,13.3567362429,576,0.064347826087,506.352941176,31,488.355401132,1.06420380775,3,4,
2242,3,8,5,53,8,1,1035,1560,"[1030,1554,1042,1568]",-652.29,251.76,,,,,0.0587386244761,66.4062361787,1287,0.0947919814647,1064.13157895,119,940.178396943,1.20247159348,7,7,
2243,3,8,5,63,8,1,43,991,"[35,986,51,998]",-798.93,335.8,,,,,0.0466219224617,61.1948051948,1507,0.0926699582226,1251.38095238,132,799.920310192,1.64088314905,7,7,
2244,3,8,5,64,8,1,41,994,"[33,989,50,1002]",-799.28,335.28,,,,,0.077733136727,89.7523860021,1352,0.11880261927,1064.86956522,164,687.73909947,1.67886623301,8,1,
2245,3,8,6,46,8,1,1351,1793,"[1348,1790,1355,1796]",-605.48,217.46,,,,,0.0261914728219,12.5142857143,529,0.0640804597701,465.285714286,35,425.818859233,1.12207336439,7,9,
2246,3,8,6,51,8,1,1350,1820,"[1349,1819,1353,1824]",-605.67,213.28,,,,,0.0261066969353,12.7777777778,538,0.0604467805519,476.666666667,18,443.13394909,1.10450676472,6,6,
2247,3,8,6,52,8,1,1045,1539,"[1039,1533,1050,1544]",-650.89,254.97,,,,,0.0368746,37.3758,1130,0.073013,976.219,74,952.03,1.06467,7,6,
2248,3,8,6,52,8,2,1039,1555,"[1034,1551,1045,1563]",-651.82,252.37,,,,,0.0491666,56.1378,1285,0.0840915,1085.65,103,952.03,1.19932,7,7,
2249,3,8,6,53,8,1,1035,1560,"[1029,1554,1041,1566]",-652.42,251.88,,,,,0.0725763604228,91.1025437202,1486,0.121440809333,1164.16216216,136,1047.07618361,1.19882843821,7,5,
2250,3,8,6,63,8,1,39,989,"[33,984,46,999]",-799.69,335.98,,,,,0.0405095,47.4222,1359,0.0949878,1123.22,120,699.045,1.67463,6,2,
2251,3,8,6,63,8,2,45,993,"[39,989,48,998]",-798.89,335.56,,,,,0.0315596,39.4875,1425,0.0808884,1211.72,53,699.045,1.78988,6,3,
2252,3,8,6,64,8,1,41,994,"[32,988,48,1002]",-799.38,335.38,,,,,0.078312732852,77.4838444688,1184,0.12980774444,911.931818182,166,581.037748399,1.70284231167,4,1,
2253,3,8,7,25,8,1,586,2139,"[583,2135,591,2143]",-718.61,166.31,,,,,0.0263420152084,16.5174765558,726,0.0864020819779,610.52173913,51,576.371737411,1.0879076384,3,3,
2254,3,8,7,33,8,1,2115,1282,"[2111,1278,2118,1285]",-492.75,293.02,,,,,0.0251548502923,12.1339977852,528,0.0578638553642,470.238095238,43,561.766036063,0.858670802536,4,3,
2255,3,8,7,46,8,1,2149,595,"[2146,590,2153,598]",-487.74,394.61,,,,,0.0258919004722,30.3465116279,1262,0.0500478429088,1141.7,43,902.357792947,1.29887115819,6,9,
2256,3,8,7,52,8,1,1039,1557,"[1031,1551,1043,1562]",-651.98,252.31,,,,,0.035885052094,45.7855089132,1398,0.0638831756479,1230.10810811,94,1064.04386304,1.19909870386,8,2,
2257,3,8,7,61,8,1,1405,1825,"[1398,1822,1410,1832]",-597.67,212.59,,,,,0.0362786142735,26.4607142857,910,0.128392262453,702.914285714,80,699.48739872,1.04272786234,14,11,
2258,3,8,7,62,8,1,1437,2001,"[1433,1998,1441,2006]",-592.98,186.57,,,,,0.0376798589862,22.7193515704,661,0.0650656027008,580.238095238,47,649.882630162,0.927794372129,9,7,
2259,3,8,7,63,8,1,42,991,"[32,985,50,998]",-799.3,335.94,,,,,0.0752648497025,79.1214587101,1254,0.12662438367,972.119047619,158,592.053428094,1.77558385181,5,2,
2260,3,8,8,37,8,1,1838,1233,"[1835,1230,1841,1237]",-533.7,300.08,,,,,0.0251301399771,20.2450592885,856,0.0430351703129,785.363636364,46,1035.80432538,0.777761470882,4,1,
2261,3,8,8,42,8,1,1583,1559,"[1581,1556,1589,1563]",-571.1,251.95,,,,,0.0284009,17.1739,657,0.0558273,587.522,46,613.303,0.985965,2,1,
2262,3,8,8,42,8,2,1782,1204,"[1777,1197,1787,1213]",-542.0,304.4,,,,,0.0298537,31.4394,1160,0.0634028,1021.68,113,1078.81,0.976184,5,4,
2263,3,8,8,63,8,1,40,990,"[36,986,47,996]",-799.29,336.12,,,,,0.0546279533599,47.3490691489,967,0.0826204845622,819.40625,94,478.320930646,1.81207901143,5,8,
2264,3,8,9,38,8,1,1837,1235,"[1833,1232,1840,1238]",-533.91,299.88,,,,,0.0305390324043,25.073255814,893,0.0574617365819,795.95,43,1034.75628649,0.793446018674,5,8,
2265,3,8,9,59,8,1,1306,108,"[1300,105,1308,115]",-612.69,466.21,,,,,0.0263788690324,8.24165457184,346,0.0643005028098,304.192307692,53,305.521436526,1.0226253379,1,2,
2266,3,8,9,62,8,1,1440,2000,"[1431,1997,1444,2007]",-592.87,186.62,,,,,0.0399112689078,33.5285359801,944,0.0785191737151,806.548387097,78,888.054605088,0.94597440097,8,6,
2267,3,8,9,63,8,1,1427,2009,"[1418,2007,1429,2014]",-594.99,185.26,,,,,0.0319381628815,23.4193345888,858,0.0944911650761,709.851851852,59,799.020299968,0.91771283717,10,8,
2268,3,8,1,29,9,1,6,1422,"[0,1418,10,1430]",-804.65,-50.85,,,,,0.025792705915,11.2543290043,521,0.101382894389,425.083333333,77,433.35483871,1.00688309755,3,2,
2269,3,8,1,30,9,1,786,68,"[779,66,788,73]",-689.55,149.28,,,,,0.0307354168795,23.1458885942,866,0.0852653395672,729.923076923,58,905.32094318,0.831825410856,2,6,
2270,3,8,1,34,9,1,14,1379,"[12,1376,16,1383]",-803.29,-44.34,,,,,0.0269683257919,10.6428571429,437,0.0645554202192,384.0,28,359.526982012,1.09767243319,3,2,
2271,3,8,1,36,9,1,867,934,"[864,932,869,939]",-677.26,21.33,,,,,0.0253374685906,21.5202205882,913,0.0489288369264,827.823529412,32,749.089301247,1.13383510963,2,2,
2272,3,8,1,39,9,1,39,1416,"[31,1411,43,1423]",-799.83,-49.84,,,,,0.0502749,40.8919,921,0.0877051,772.474,93,660.027,1.23232,4,6,
2273,3,8,1,39,9,2,39,1423,"[36,1420,45,1427]",-799.3,-50.9,,,,,0.035824,31.0833,974,0.0758964,836.583,51,660.027,1.31459,4,7,
2274,3,8,1,39,9,3,27,1495,"[24,1489,30,1500]",-801.37,-61.45,,,,,0.026655,15.5726,680,0.089173,568.654,53,537.625,1.08668,5,10,
2275,3,8,1,39,9,4,19,1520,"[15,1517,22,1523]",-802.58,-65.04,,,,,0.0309842,19.8333,704,0.063221,620.278,36,537.625,1.19063,5,12,
2276,3,8,1,40,9,1,50,1440,"[46,1437,52,1444]",-798.03,-53.4,,,,,0.0250207,19.9079,866,0.0549718,775.75,38,626.514,1.26998,5,9,
2277,3,8,1,40,9,2,28,1516,"[25,1513,32,1521]",-801.19,-64.61,,,,,0.0301743,17.7614,696,0.0987765,570.864,48,506.313,1.16257,7,14,
2278,3,8,1,41,9,1,50,1421,"[47,1419,55,1423]",-797.74,-50.46,,,,,0.0296108562446,24.2894736842,929,0.0771014492754,796.0,38,644.052661706,1.27363726983,2,3,
2279,3,8,1,43,9,1,34,1484,"[31,1481,36,1490]",-800.34,-60.06,,,,,0.0276396493026,16.4505050505,698,0.0934206778696,578.727272727,45,483.324573864,1.23142461601,3,5,
2280,3,8,1,45,9,1,42,1390,"[39,1387,45,1393]",-799.1,-45.93,,,,,0.0263782902596,19.5520833333,804,0.0539654795718,721.666666667,32,678.925236167,1.09175312761,3,6,
2281,3,8,1,46,9,1,42,1164,"[35,1159,45,1169]",-799.29,-12.6,,,,,0.0251690679212,16.8606060606,756,0.0730761041849,653.033333333,66,621.267042144,1.07827052451,5,8,
2282,3,8,1,50,9,1,39,1418,"[33,1409,42,1422]",-799.77,-49.71,,,,,0.033726,26.523,956,0.114282,759.903,61,703.629,1.11767,2,1,
2283,3,8,1,50,9,2,45,1460,"[42,1458,47,1465]",-798.74,-56.35,,,,,0.0281906,24.1285,976,0.0797787,831.778,32,703.629,1.21642,2,3,
2284,3,8,1,50,9,3,38,1475,"[34,1471,43,1479]",-799.73,-58.34,,,,,0.0269292,22.7495,958,0.0763803,822.04,57,703.629,1.20062,2,4,
2285,3,8,2,27,9,1,653,39,"[650,36,657,45]",-708.75,153.6,,,,,0.0294719971507,25.2763636364,963,0.0727631778824,832.363636364,50,638.939328859,1.34228707056,2,1,
2286,3,8,2,29,9,1,11,1471,"[8,1468,17,1477]",-803.5,-58.04,,,,,0.0266889,16.6538,684,0.0593596,607.346,52,516.133,1.20899,4,4,
2287,3,8,2,29,9,2,6,1525,"[4,1522,10,1529]",-804.43,-65.96,,,,,0.0273305,14.5347,596,0.0707121,517.278,32,516.133,1.03038,4,6,
2288,3,8,2,34,9,1,9,1379,"[5,1375,16,1383]",-803.77,-44.34,,,,,0.0392458100559,20.0714285714,578,0.081023311736,491.357142857,63,447.581411126,1.14264926718,4,1,
2289,3,8,2,36,9,1,20,1404,"[16,1398,23,1409]",-802.36,-47.93,,,,,0.0421938,30.2037,810,0.0831559,685.63,60,568.444,1.25929,3,3,
2290,3,8,2,36,9,2,19,1439,"[16,1436,23,1443]",-802.48,-53.17,,,,,0.0345269,22.7909,742,0.0759081,637.3,44,568.444,1.16122,3,5,
2291,3,8,2,36,9,3,14,1447,"[7,1442,20,1454]",-803.4,-54.44,,,,,0.0435468,26.6013,698,0.0886988,584.265,97,568.444,1.07463,3,6,
2292,3,8,2,37,9,1,44,1411,"[39,1405,49,1420]",-798.81,-49.24,,,,,0.0564000923123,45.6549450549,913,0.088960452555,763.828571429,91,633.43418259,1.27792837635,3,6,
2293,3,8,2,38,9,1,857,965,"[854,962,864,973]",-678.59,16.64,,,,,0.0350078270409,25.9374429224,827,0.0726561317798,714.966666667,73,729.471077021,1.01567304438,3,3,
2294,3,8,2,39,9,1,18,1521,"[12,1516,24,1528]",-802.8,-65.37,,,,,0.0510449876945,36.9640151515,829,0.0935363952512,687.181818182,96,646.317862925,1.12041748321,5,3,
2295,3,8,2,41,9,1,55,1456,"[51,1454,58,1464]",-797.35,-56.06,,,,,0.0259658595873,23.6467236467,985,0.0523288065252,887.038461538,54,804.169243986,1.1324546319,3,6,
2296,3,8,2,43,9,1,51,1426,"[47,1423,56,1429]",-797.68,-51.13,,,,,0.0267162322964,27.7003710575,1149,0.0648075991491,1009.13636364,49,775.83047029,1.33642177563,4,4,
2297,3,8,2,44,9,1,51,1431,"[45,1427,55,1436]",-797.87,-52.18,,,,,0.0393927,40.5061,1135,0.0693632,987.759,68,735.347,1.39834,3,3,
2298,3,8,2,44,9,2,52,1442,"[49,1437,56,1446]",-797.66,-53.4,,,,,0.0258575,24.5048,1080,0.0782863,923.179,60,735.347,1.28876,3,4,
2299,3,8,2,50,9,1,33,1410,"[27,1404,39,1416]",-800.57,-48.97,,,,,0.0362540161041,27.9795918367,920,0.105911647276,743.785714286,98,766.266492489,1.0071761113,5,2,
2300,3,8,2,63,9,1,813,972,"[808,968,821,977]",-684.95,15.85,,,,,0.0279413141679,20.5322638146,816,0.0664554455446,714.303030303,85,714.629784689,1.02827409361,5,3,
2301,3,8,2,64,9,1,978,410,"[974,406,984,414]",-660.61,99.01,,,,,0.0319915141519,21.8659090909,778,0.0808370235304,661.625,55,626.386018237,1.09116565375,2,2,
2302,3,8,3,27,9,1,653,37,"[649,32,656,44]",-708.9,153.94,,,,,0.0252714940009,18.0870026525,795,0.0652404934621,697.620689655,65,549.927848467,1.30145744447,2,1,
2303,3,8,3,28,9,1,4,1535,"[0,1532,8,1539]",-804.86,-67.42,,,,,0.0288310002781,13.5217391304,533,0.078425335386,455.47826087,46,485.176132279,0.966659257942,4,2,
2304,3,8,3,29,9,1,8,1426,"[3,1422,12,1433]",-804.3,-51.48,,,,,0.0362055558535,20.69348659,653,0.084841888176,550.862068966,72,557.556750941,1.02510740761,6,3,
2305,3,8,3,32,9,1,8,1376,"[4,1374,12,1380]",-804.21,-43.94,,,,,0.0253185,12.3947,556,0.0763118,477.158,38,457.402,1.07029,2,1,
2306,3,8,3,32,9,2,1114,1156,"[1113,1155,1115,1158]",-640.71,-11.38,,,,,0.0849761,55.175,875,0.191185,594.125,10,600.56,1.08116,5,10,
2307,3,8,3,34,9,1,14,1377,"[12,1375,17,1383]",-803.25,-44.21,,,,,0.0259740631121,14.060371517,619,0.0800312227375,527.263157895,34,511.734843438,1.05782034652,3,3,
2308,3,8,3,36,9,1,20,1400,"[15,1398,22,1407]",-802.69,-47.66,,,,,0.0266878755744,19.6956521739,811,0.0606129527492,718.304347826,42,612.595137421,1.20471083579,3,2,
2309,3,8,3,37,9,1,45,1437,"[39,1432,48,1441]",-798.82,-52.89,,,,,0.0400800394715,43.844077961,1208,0.0699407488852,1050.06896552,69,726.454869964,1.50582381467,4,5,
2310,3,8,3,40,9,1,32,1499,"[25,1492,36,1505]",-800.74,-61.92,,,,,0.0294282,26.3844,1041,0.0893769,870.184,102,729.033,1.2298,3,2,
2311,3,8,3,40,9,2,27,1519,"[24,1516,31,1523]",-801.44,-65.01,,,,,0.0300585,24.119,914,0.0801958,778.286,42,729.033,1.10064,3,3,
2312,3,8,3,43,9,1,31,1478,"[25,1473,36,1483]",-800.74,-58.97,,,,,0.0377259,35.0173,1017,0.0648169,893.188,83,721.657,1.28621,7,5,
2313,3,8,3,43,9,2,34,1489,"[31,1486,36,1494]",-800.33,-60.69,,,,,0.0360151,30.1667,953,0.0826811,807.444,36,721.657,1.16068,7,6,
2314,3,8,3,51,9,1,37,1468,"[30,1463,43,1475]",-799.99,-57.57,,,,,0.0510308375245,43.5022580645,946,0.0780824939343,808.967741935,100,643.790443188,1.32414205433,3,3,
2315,3,8,3,52,9,1,25,1404,"[20,1401,29,1410]",-801.64,-48.06,,,,,0.028047468273,19.4564285714,778,0.0714482454691,674.24,56,722.913576367,0.959584176102,2,1,
2316,3,8,3,60,9,1,1081,471,"[1075,469,1083,475]",-645.85,89.76,,,,,0.0273713423666,17.0597439545,677,0.0551659078791,606.210526316,37,602.565951376,1.03436025359,4,4,
2317,3,8,3,64,9,1,1101,399,"[1098,395,1104,402]",-642.53,100.57,,,,,0.0334580195857,20.6330827068,691,0.0737711621821,596.052631579,35,642.55704408,0.959736913583,7,3,
2318,3,8,4,34,9,1,10,1427,"[6,1425,15,1431]",-803.77,-51.46,,,,,0.0261526232114,16.45,715,0.0771722345674,612.55,39,563.662750518,1.11591549987,2,1,
2319,3,8,4,43,9,1,49,1404,"[43,1401,53,1409]",-798.23,-48.13,,,,,0.0423462336699,45.3883870968,1196,0.0762888992104,1026.4516129,75,851.747662095,1.25840087117,4,1,
2320,3,8,4,52,9,1,24,1404,"[20,1400,27,1409]",-801.86,-48.02,,,,,0.0253757294703,17.2661538462,752,0.0627819753221,663.153846154,50,769.47416309,0.884266207546,4,2,
2321,3,8,4,53,9,1,268,1568,"[264,1563,273,1573]",-765.66,-72.23,,,,,0.026040871431,12.9555222389,551,0.064167027405,484.551724138,69,494.102630521,1.0068905034,5,7,
2322,3,8,4,62,9,1,242,856,"[238,852,245,860]",-769.62,32.96,,,,,0.0334420683823,26.6153846154,871,0.0620332266423,769.25,52,679.955681988,1.17046655495,6,4,
2323,3,8,4,63,9,1,1187,964,"[1184,962,1191,968]",-629.82,17.01,,,,,0.0317558724254,10.4772727273,361,0.0610554442218,319.454545455,44,350.239506173,0.942017711785,2,1,
2324,3,8,4,64,9,1,250,852,"[247,849,254,857]",-768.39,33.46,,,,,0.025886040538,20.2296964725,846,0.0527226986231,761.260869565,53,667.933264781,1.17001294477,11,14,
2325,3,8,5,30,9,1,12,1464,"[9,1461,16,1468]",-803.56,-56.91,,,,,0.0314501481694,18.6931818182,687,0.0881601209547,575.681818182,40,538.340206186,1.10408807139,2,2,
2326,3,8,5,32,9,1,14,1396,"[9,1394,18,1399]",-803.42,-46.9,,,,,0.0271011141751,19.289044289,784,0.0620035712087,692.454545455,39,578.266759777,1.230822242,3,1,
2327,3,8,5,33,9,1,1540,1639,"[1538,1636,1542,1641]",-577.76,-82.7,,,,,0.0263029860731,11.2337662338,471,0.0621778350515,415.857142857,22,440.277155765,0.97005012297,3,1,
2328,3,8,5,34,9,1,14,1401,"[12,1399,19,1403]",-803.03,-47.51,,,,,0.031552,22.2,799,0.079438,681.4,35,584.285,1.20421,1,2,
2329,3,8,5,34,9,2,13,1423,"[7,1421,16,1432]",-803.62,-51.29,,,,,0.0336725,22.4532,754,0.0784083,644.357,58,584.285,1.14124,1,4,
2330,3,8,5,39,9,1,428,2074,"[425,2069,431,2077]",-742.06,-146.94,,,,,0.0307563195706,12.537593985,464,0.0801935918642,395.105263158,42,383.990903338,1.06159508884,4,4,
2331,3,8,5,40,9,1,49,1435,"[45,1426,53,1440]",-798.1,-52.31,,,,,0.0377265,42.3928,1309,0.0952627,1081.29,99,849.523,1.32273,3,3,
2332,3,8,5,40,9,2,28,1517,"[22,1513,32,1523]",-801.41,-64.74,,,,,0.0264827,22.5705,990,0.0880892,829.704,62,849.523,1.00324,3,4,
2333,3,8,5,43,9,1,53,1428,"[47,1421,56,1434]",-797.61,-51.53,,,,,0.0285288985346,32.1791887125,1279,0.077156297749,1095.77142857,81,854.623908978,1.31982104109,5,3,
2334,3,8,5,44,9,1,53,1431,"[48,1428,56,1439]",-797.57,-52.26,,,,,0.0274967730779,29.5339966833,1308,0.111982241534,1044.55555556,67,875.854425363,1.22633341927,7,4,
2335,3,8,5,53,9,1,38,1485,"[34,1480,43,1491]",-799.64,-59.99,,,,,0.0354434298096,32.7142857143,1042,0.0785154517226,890.285714286,83,733.169319271,1.2589179276,2,2,
2336,3,8,5,63,9,1,13,1247,"[10,1244,17,1252]",-803.39,-24.88,,,,,0.0256777964176,10.5444444444,448,0.0564791887749,400.1,45,422.917335194,0.970980402722,5,4,
2337,3,8,6,26,9,1,1516,1744,"[1513,1740,1520,1748]",-581.31,-98.22,,,,,0.027149321267,13.1428571429,523,0.0523642983759,470.952380952,42,499.640970456,0.968886193727,2,1,
2338,3,8,6,31,9,1,15,1410,"[13,1408,20,1418]",-803.0,-49.28,,,,,0.0353759778617,23.1217391304,757,0.0911882677363,630.47826087,45,578.304285714,1.13020085817,3,2,
2339,3,8,6,32,9,1,8,1375,"[4,1372,13,1380]",-804.18,-43.76,,,,,0.039259,22.9133,660,0.0813195,560.731,59,586.215,0.995615,3,2,
2340,3,8,6,32,9,2,10,1389,"[6,1387,14,1396]",-803.9,-46.01,,,,,0.0271053,18.7083,748,0.0538922,671.5,48,586.215,1.1774,3,3,
2341,3,8,6,34,9,1,15,1397,"[13,1393,18,1403]",-803.0,-47.11,,,,,0.0281825631525,17.9772727273,719,0.0740086909288,619.909090909,44,560.559600286,1.13794565879,1,1,
2342,3,8,6,38,9,1,37,1412,"[32,1407,43,1417]",-799.89,-49.15,,,,,0.0430891,35.4981,924,0.0792291,788.333,89,771.837,1.06736,2,1,
2343,3,8,6,38,9,2,7,1524,"[4,1520,16,1528]",-804.02,-65.64,,,,,0.0317459,18.3753,672,0.0905123,560.448,68,771.837,0.74993,2,2,
2344,3,8,6,39,9,1,37,1417,"[32,1411,43,1424]",-799.86,-49.94,,,,,0.0407191624512,31.1083494208,891,0.0973819549623,732.864864865,112,720.315436242,1.06060924957,4,3,
2345,3,8,6,51,9,1,25,1402,"[21,1399,29,1409]",-801.66,-47.84,,,,,0.025755324418,16.3428571429,705,0.0655985489722,618.2,70,753.425355133,0.842210648766,3,1,
2346,3,8,6,52,9,1,13,1530,"[10,1528,19,1534]",-803.27,-66.79,,,,,0.025939691636,17.9350943396,775,0.0700872638904,673.48,53,817.082314588,0.84620004863,5,3,
2347,3,8,7,30,9,1,12,1419,"[5,1415,15,1425]",-803.81,-50.31,,,,,0.0257533845213,15.3256410256,662,0.0662228545352,579.766666667,65,573.00832755,1.03854041744,3,2,
2348,3,8,7,33,9,1,1345,2060,"[1342,2058,1348,2065]",-606.47,-145.08,,,,,0.0292941568497,11.3434535104,427,0.063667667961,375.882352941,31,346.144797199,1.11868157368,2,1,
2349,3,8,7,38,9,1,42,1450,"[38,1445,46,1453]",-799.04,-54.63,,,,,0.0253216,21.3237,1018,0.107249,820.792,52,707.435,1.19038,2,1,
2350,3,8,7,38,9,2,11,1518,"[2,1515,14,1525]",-804.12,-65.17,,,,,0.0258998,14.1147,610,0.0693714,530.857,71,707.435,0.770349,2,2,
2351,3,8,7,46,9,1,48,1408,"[44,1406,54,1415]",-798.08,-48.88,,,,,0.0256566425581,18.7222222222,808,0.063857801185,711.0,54,758.577453988,0.961961390213,4,4,
2352,3,8,8,26,9,1,1705,2104,"[1701,2102,1707,2109]",-553.54,-151.68,,,,,0.033900275577,10.0935897436,340,0.0834063570461,287.65,39,271.720643432,1.09577095793,3,4,
2353,3,8,8,53,9,1,37,1483,"[32,1479,41,1486]",-799.9,-59.59,,,,,0.0287652811736,24.8618867925,945,0.0591558135886,839.44,53,684.726210665,1.2622590947,4,5,
2354,3,8,8,62,9,1,1363,1534,"[1360,1532,1367,1538]",-603.89,-67.31,,,,,0.0254315504747,16.5654761905,740,0.0765127636729,634.80952381,40,633.988416491,1.02742413435,11,5,
2355,3,8,9,26,9,1,1702,2106,"[1699,2103,1706,2109]",-553.75,-151.8,,,,,0.0293522,9.95956,377,0.067455,329.353,32,298.647,1.13616,2,1,
2356,3,8,9,26,9,2,1750,2123,"[1748,2120,1752,2126]",-546.67,-154.24,,,,,0.0294515,9.42788,364,0.0790181,310.688,26,298.647,1.07188,2,2,
2357,3,8,9,26,9,3,1702,2141,"[1700,2139,1704,2144]",-553.81,-156.89,,,,,0.0257676,8.35385,364,0.0708305,315.846,20,298.647,1.08556,2,3,
2358,3,8,9,38,9,1,41,1447,"[39,1445,44,1449]",-799.25,-54.31,,,,,0.0261468736542,14.4886363636,633,0.0796185750833,539.636363636,16,503.298488397,1.10098681553,2,1,
2359,3,8,9,51,9,1,1596,1564,"[1594,1562,1600,1568]",-569.32,-71.69,,,,,0.0262058953838,16.2573099415,675,0.0554204308548,604.111111111,38,635.58289161,0.97606217732,3,1,
2360,3,8,9,62,9,1,1378,1494,"[1374,1490,1382,1498]",-601.71,-61.31,,,,,0.0263967048613,16.5670212766,698,0.0664222145831,611.05,47,676.815555269,0.927308801328,10,4,
2361,3,8,1,47,10,1,47,642,"[44,638,52,647]",-475.35,64.55,,,,,0.0287267612695,35.5662068966,1370,0.0651034783014,1202.52,58,821.764414297,1.50661939767,1,1,
2362,3,8,2,26,10,1,1089,32,"[1088,31,1094,34]",-321.19,154.73,,,,,0.0259235255995,9.52380952381,401,0.0568524096386,357.857142857,21,360.253443526,1.01978470708,1,1,
2363,3,8,2,44,10,1,712,1535,"[709,1532,715,1538]",-377.26,-67.32,,,,,0.0288095142145,10.8134453782,407,0.0550472705093,364.529411765,35,378.874739402,0.990677968489,5,3,
2364,3,8,6,27,10,1,354,2082,"[350,2077,357,2086]",-430.2,-148.02,,,,,0.0290304378974,13.6279761905,524,0.0695956454121,455.80952381,48,485.913586853,0.966092557816,5,8,
2365,3,8,8,26,10,1,323,2048,"[319,2044,326,2052]",-434.73,-143.16,,,,,0.0281043904277,13.8744186047,541,0.0599529780564,479.8,43,588.64605922,0.838660874174,4,7,
2366,3,8,8,53,10,1,661,1371,"[659,1369,666,1378]",-384.61,-43.39,,,,,0.0262541816516,19.4332171893,804,0.0545908806996,720.761904762,41,790.130494885,0.93680110658,2,2,
2367,3,8,9,27,10,1,330,2028,"[328,2026,333,2036]",-433.71,-140.55,,,,,0.0262817750969,14.1409090909,594,0.0626982190778,523.909090909,40,642.108877145,0.837942005089,4,1,
2368,3,8,9,53,10,1,1446,2097,"[1443,2093,1451,2102]",-268.66,-150.44,,,,,0.0445741006886,32.9841269841,828,0.0788273615635,707.0,63,577.513710692,1.28132737506,6,2,
2369,3,8,1,42,11,1,41,909,"[35,907,47,912]",-799.17,-297.69,,,,,0.031434753284,17.5605413105,670,0.106455854919,541.074074074,52,580.837713883,0.961774006806,1,1,
2370,3,8,1,43,11,1,9,909,"[6,906,13,914]",-803.99,-297.85,,,,,0.0303079732069,10.2218278616,372,0.0643114815276,327.043478261,49,487.658536585,0.691601357958,2,1,
2371,3,8,1,59,11,1,1407,59,"[1400,56,1410,64]",-597.59,-172.11,,,,,0.0253061873336,21.1013645224,974,0.0902533062477,812.740740741,57,773.429222203,1.07811042216,1,1,
2372,3,8,2,41,11,1,29,890,"[28,888,32,894]",-800.98,-295.12,,,,,0.0254559270517,14.3571428571,610,0.0520480443486,549.642857143,23,608.195592705,0.927333257203,1,2,
2373,3,8,3,32,11,1,1885,352,"[1881,349,1888,358]",-526.79,-215.52,,,,,0.0250657864096,14.3516666667,626,0.0572464023082,558.208333333,50,727.605650006,0.786909777288,1,5,
2374,3,8,3,34,11,1,28,795,"[23,790,35,800]",-801.11,-280.8,,,,,0.0357884344678,22.4249017038,733,0.0963440952116,604.171428571,109,556.116185744,1.12673636614,3,2,
2375,3,8,3,59,11,1,1409,58,"[1407,55,1412,63]",-597.15,-172.05,,,,,0.0257284562926,20.1571428571,876,0.0687488562191,763.3,35,659.476591268,1.18799841151,1,1,
2376,3,8,4,41,11,1,25,884,"[21,880,30,888]",-801.55,-294.1,,,,,0.028122648608,12.4583333333,502,0.0766274965372,430.541666667,54,513.872993611,0.862080719376,1,1,
2377,3,8,4,43,11,1,757,1857,"[755,1854,759,1859]",-693.47,-437.79,,,,,0.0263809007762,14.1293706294,594,0.0650299979312,521.461538462,22,507.968455371,1.05437828556,4,1,
2378,3,8,4,53,11,1,1418,31,"[1411,27,1422,37]",-595.85,-168.07,,,,,0.0337423647554,23.4296536797,785,0.0783415893102,670.939393939,84,555.889392566,1.24911368503,1,1,
2379,3,8,5,59,11,1,1449,47,"[1445,44,1454,56]",-591.07,-170.67,,,,,0.0251442066574,20.2762237762,889,0.0614157274915,786.121212121,78,631.588342441,1.27677694744,2,1,
2380,3,8,8,27,11,1,2147,1247,"[2142,1242,2153,1253]",-487.98,-347.75,,,,,0.028468924305,16.2155279503,619,0.055979333707,553.371428571,92,550.892184725,1.03393544566,2,1,
2381,3,8,8,40,11,1,41,926,"[38,924,44,928]",-799.36,-300.23,,,,,0.0265064102564,9.08791208791,376,0.0594992955457,333.769230769,21,305.645724258,1.12174689729,1,1,
2382,3,8,8,63,11,1,2140,1441,"[2138,1439,2143,1444]",-488.96,-376.38,,,,,0.0290141652639,17.0865800866,634,0.0515681544029,571.818181818,21,541.396837072,1.08775065087,2,1,
2383,3,8,9,53,11,1,930,1949,"[926,1945,934,1955]",-667.95,-451.55,,,,,0.0292327047663,24.8545081967,914,0.0509522098455,825.375,61,914.10511994,0.930122247048,2,2,
