I,X,Y,Value
1,579,334,16
2,580,334,14
3,581,334,15
4,582,334,15
5,583,334,15
6,584,334,15
7,585,334,15
8,586,334,14
9,587,334,14
10,588,334,14
11,589,334,14
12,590,334,16
13,591,334,14
14,592,334,16
15,593,334,17
16,594,334,19
17,595,334,20
18,596,334,19
19,597,334,19
20,598,334,19
21,599,334,20
22,600,334,19
23,601,334,18
24,602,334,16
25,603,334,16
26,604,334,18
27,605,334,19
28,606,334,19
29,607,334,17
30,608,334,16
31,609,334,15
32,610,334,16
33,611,334,17
34,612,334,15
35,613,334,12
36,614,334,14
37,615,334,11
38,616,334,12
39,617,334,12
40,618,334,12
41,619,334,12
42,620,334,13
43,621,334,11
44,622,334,10
45,623,334,10
46,624,334,7
47,625,334,5
48,626,334,3
49,627,334,0
50,628,334,0
51,629,334,0
52,630,334,0
53,631,334,0
54,632,334,0
55,633,334,0
56,634,334,0
57,635,334,0
58,636,334,0
59,637,334,0
60,638,334,0
61,639,334,0
62,640,334,0
63,641,334,0
64,642,334,0
65,643,334,0
66,644,334,0
67,645,334,0
68,646,334,0
69,647,334,0
70,648,334,0
71,579,335,15
72,580,335,13
73,581,335,14
74,582,335,14
75,583,335,15
76,584,335,12
77,585,335,12
78,586,335,15
79,587,335,15
80,588,335,15
81,589,335,15
82,590,335,14
83,591,335,16
84,592,335,15
85,593,335,16
86,594,335,17
87,595,335,18
88,596,335,20
89,597,335,19
90,598,335,19
91,599,335,20
92,600,335,18
93,601,335,17
94,602,335,15
95,603,335,16
96,604,335,18
97,605,335,20
98,606,335,20
99,607,335,18
100,608,335,16
101,609,335,17
102,610,335,14
103,611,335,15
104,612,335,16
105,613,335,14
106,614,335,15
107,615,335,13
108,616,335,14
109,617,335,14
110,618,335,14
111,619,335,14
112,620,335,14
113,621,335,15
114,622,335,14
115,623,335,10
116,624,335,10
117,625,335,7
118,626,335,5
119,627,335,2
120,628,335,2
121,629,335,0
122,630,335,0
123,631,335,0
124,632,335,0
125,633,335,0
126,634,335,0
127,635,335,0
128,636,335,0
129,637,335,0
130,638,335,0
131,639,335,0
132,640,335,0
133,641,335,0
134,642,335,0
135,643,335,0
136,644,335,0
137,645,335,0
138,646,335,0
139,647,335,0
140,648,335,0
141,579,336,16
142,580,336,15
143,581,336,14
144,582,336,15
145,583,336,13
146,584,336,14
147,585,336,14
148,586,336,14
149,587,336,13
150,588,336,13
151,589,336,13
152,590,336,12
153,591,336,14
154,592,336,13
155,593,336,14
156,594,336,15
157,595,336,16
158,596,336,18
159,597,336,20
160,598,336,20
161,599,336,17
162,600,336,19
163,601,336,17
164,602,336,15
165,603,336,16
166,604,336,15
167,605,336,14
168,606,336,14
169,607,336,15
170,608,336,15
171,609,336,16
172,610,336,17
173,611,336,17
174,612,336,17
175,613,336,15
176,614,336,13
177,615,336,14
178,616,336,12
179,617,336,12
180,618,336,12
181,619,336,12
182,620,336,15
183,621,336,13
184,622,336,14
185,623,336,10
186,624,336,10
187,625,336,9
188,626,336,9
189,627,336,6
190,628,336,3
191,629,336,3
192,630,336,2
193,631,336,0
194,632,336,0
195,633,336,0
196,634,336,0
197,635,336,0
198,636,336,0
199,637,336,0
200,638,336,0
201,639,336,0
202,640,336,0
203,641,336,0
204,642,336,0
205,643,336,0
206,644,336,0
207,645,336,0
208,646,336,0
209,647,336,0
210,648,336,0
211,579,337,18
212,580,337,17
213,581,337,13
214,582,337,13
215,583,337,11
216,584,337,12
217,585,337,10
218,586,337,13
219,587,337,12
220,588,337,12
221,589,337,14
222,590,337,13
223,591,337,15
224,592,337,14
225,593,337,16
226,594,337,17
227,595,337,18
228,596,337,19
229,597,337,18
230,598,337,21
231,599,337,18
232,600,337,19
233,601,337,17
234,602,337,15
235,603,337,15
236,604,337,15
237,605,337,18
238,606,337,17
239,607,337,17
240,608,337,18
241,609,337,15
242,610,337,16
243,611,337,16
244,612,337,16
245,613,337,17
246,614,337,15
247,615,337,16
248,616,337,14
249,617,337,14
250,618,337,17
251,619,337,17
252,620,337,14
253,621,337,15
254,622,337,13
255,623,337,14
256,624,337,13
257,625,337,12
258,626,337,11
259,627,337,7
260,628,337,7
261,629,337,7
262,630,337,3
263,631,337,3
264,632,337,2
265,633,337,1
266,634,337,0
267,635,337,0
268,636,337,0
269,637,337,0
270,638,337,0
271,639,337,0
272,640,337,0
273,641,337,0
274,642,337,0
275,643,337,0
276,644,337,0
277,645,337,0
278,646,337,0
279,647,337,0
280,648,337,0
281,579,338,17
282,580,338,17
283,581,338,13
284,582,338,13
285,583,338,12
286,584,338,11
287,585,338,9
288,586,338,9
289,587,338,11
290,588,338,10
291,589,338,12
292,590,338,13
293,591,338,15
294,592,338,14
295,593,338,13
296,594,338,14
297,595,338,16
298,596,338,17
299,597,338,19
300,598,338,18
301,599,338,18
302,600,338,18
303,601,338,16
304,602,338,17
305,603,338,18
306,604,338,17
307,605,338,19
308,606,338,18
309,607,338,18
310,608,338,16
311,609,338,17
312,610,338,15
313,611,338,16
314,612,338,16
315,613,338,16
316,614,338,17
317,615,338,14
318,616,338,15
319,617,338,15
320,618,338,15
321,619,338,15
322,620,338,16
323,621,338,13
324,622,338,14
325,623,338,14
326,624,338,13
327,625,338,11
328,626,338,13
329,627,338,12
330,628,338,11
331,629,338,10
332,630,338,7
333,631,338,4
334,632,338,4
335,633,338,1
336,634,338,0
337,635,338,0
338,636,338,0
339,637,338,0
340,638,338,0
341,639,338,0
342,640,338,0
343,641,338,0
344,642,338,0
345,643,338,0
346,644,338,0
347,645,338,0
348,646,338,0
349,647,338,0
350,648,338,0
351,579,339,18
352,580,339,17
353,581,339,14
354,582,339,14
355,583,339,10
356,584,339,9
357,585,339,8
358,586,339,8
359,587,339,10
360,588,339,11
361,589,339,12
362,590,339,14
363,591,339,13
364,592,339,15
365,593,339,14
366,594,339,16
367,595,339,17
368,596,339,15
369,597,339,17
370,598,339,18
371,599,339,21
372,600,339,18
373,601,339,18
374,602,339,16
375,603,339,16
376,604,339,18
377,605,339,20
378,606,339,19
379,607,339,19
380,608,339,20
381,609,339,18
382,610,339,17
383,611,339,15
384,612,339,15
385,613,339,15
386,614,339,16
387,615,339,16
388,616,339,17
389,617,339,17
390,618,339,17
391,619,339,17
392,620,339,14
393,621,339,14
394,622,339,17
395,623,339,15
396,624,339,16
397,625,339,14
398,626,339,15
399,627,339,13
400,628,339,12
401,629,339,11
402,630,339,11
403,631,339,8
404,632,339,6
405,633,339,3
406,634,339,3
407,635,339,2
408,636,339,0
409,637,339,0
410,638,339,0
411,639,339,0
412,640,339,0
413,641,339,0
414,642,339,0
415,643,339,0
416,644,339,0
417,645,339,0
418,646,339,0
419,647,339,0
420,648,339,0
421,579,340,16
422,580,340,15
423,581,340,14
424,582,340,14
425,583,340,10
426,584,340,10
427,585,340,8
428,586,340,9
429,587,340,11
430,588,340,12
431,589,340,13
432,590,340,11
433,591,340,13
434,592,340,12
435,593,340,14
436,594,340,13
437,595,340,15
438,596,340,16
439,597,340,18
440,598,340,19
441,599,340,18
442,600,340,20
443,601,340,20
444,602,340,21
445,603,340,17
446,604,340,20
447,605,340,18
448,606,340,20
449,607,340,20
450,608,340,20
451,609,340,19
452,610,340,18
453,611,340,16
454,612,340,17
455,613,340,17
456,614,340,18
457,615,340,18
458,616,340,15
459,617,340,15
460,618,340,15
461,619,340,15
462,620,340,15
463,621,340,18
464,622,340,18
465,623,340,18
466,624,340,15
467,625,340,16
468,626,340,17
469,627,340,15
470,628,340,17
471,629,340,12
472,630,340,12
473,631,340,11
474,632,340,9
475,633,340,6
476,634,340,6
477,635,340,3
478,636,340,2
479,637,340,2
480,638,340,1
481,639,340,0
482,640,340,0
483,641,340,0
484,642,340,0
485,643,340,0
486,644,340,0
487,645,340,0
488,646,340,0
489,647,340,0
490,648,340,0
491,579,341,15
492,580,341,14
493,581,341,15
494,582,341,14
495,583,341,10
496,584,341,9
497,585,341,8
498,586,341,9
499,587,341,8
500,588,341,10
501,589,341,11
502,590,341,13
503,591,341,14
504,592,341,13
505,593,341,15
506,594,341,13
507,595,341,15
508,596,341,16
509,597,341,15
510,598,341,16
511,599,341,18
512,600,341,20
513,601,341,18
514,602,341,18
515,603,341,18
516,604,341,20
517,605,341,19
518,606,341,21
519,607,341,23
520,608,341,24
521,609,341,22
522,610,341,18
523,611,341,17
524,612,341,18
525,613,341,19
526,614,341,16
527,615,341,16
528,616,341,19
529,617,341,19
530,618,341,18
531,619,341,18
532,620,341,17
533,621,341,17
534,622,341,17
535,623,341,18
536,624,341,18
537,625,341,19
538,626,341,19
539,627,341,17
540,628,341,18
541,629,341,16
542,630,341,15
543,631,341,15
544,632,341,15
545,633,341,12
546,634,341,9
547,635,341,9
548,636,341,6
549,637,341,4
550,638,341,1
551,639,341,1
552,640,341,0
553,641,341,0
554,642,341,0
555,643,341,0
556,644,341,0
557,645,341,0
558,646,341,0
559,647,341,0
560,648,341,0
561,579,342,14
562,580,342,12
563,581,342,13
564,582,342,14
565,583,342,13
566,584,342,12
567,585,342,11
568,586,342,9
569,587,342,9
570,588,342,11
571,589,342,9
572,590,342,10
573,591,342,11
574,592,342,12
575,593,342,15
576,594,342,13
577,595,342,15
578,596,342,16
579,597,342,18
580,598,342,16
581,599,342,17
582,600,342,19
583,601,342,20
584,602,342,22
585,603,342,21
586,604,342,20
587,605,342,23
588,606,342,22
589,607,342,24
590,608,342,24
591,609,342,23
592,610,342,22
593,611,342,21
594,612,342,19
595,613,342,20
596,614,342,17
597,615,342,20
598,616,342,19
599,617,342,18
600,618,342,21
601,619,342,20
602,620,342,22
603,621,342,22
604,622,342,19
605,623,342,20
606,624,342,18
607,625,342,18
608,626,342,19
609,627,342,19
610,628,342,20
611,629,342,17
612,630,342,19
613,631,342,18
614,632,342,15
615,633,342,15
616,634,342,12
617,635,342,13
618,636,342,10
619,637,342,8
620,638,342,3
621,639,342,0
622,640,342,0
623,641,342,1
624,642,342,0
625,643,342,0
626,644,342,0
627,645,342,0
628,646,342,0
629,647,342,0
630,648,342,0
631,579,343,13
632,580,343,13
633,581,343,13
634,582,343,14
635,583,343,12
636,584,343,11
637,585,343,10
638,586,343,8
639,587,343,9
640,588,343,8
641,589,343,10
642,590,343,11
643,591,343,14
644,592,343,15
645,593,343,14
646,594,343,13
647,595,343,15
648,596,343,16
649,597,343,17
650,598,343,18
651,599,343,19
652,600,343,20
653,601,343,21
654,602,343,22
655,603,343,24
656,604,343,23
657,605,343,23
658,606,343,22
659,607,343,22
660,608,343,23
661,609,343,24
662,610,343,22
663,611,343,21
664,612,343,19
665,613,343,20
666,614,343,20
667,615,343,20
668,616,343,22
669,617,343,21
670,618,343,20
671,619,343,21
672,620,343,26
673,621,343,25
674,622,343,23
675,623,343,22
676,624,343,20
677,625,343,20
678,626,343,21
679,627,343,21
680,628,343,22
681,629,343,22
682,630,343,21
683,631,343,20
684,632,343,19
685,633,343,17
686,634,343,14
687,635,343,14
688,636,343,11
689,637,343,9
690,638,343,8
691,639,343,6
692,640,343,3
693,641,343,2
694,642,343,1
695,643,343,0
696,644,343,0
697,645,343,0
698,646,343,0
699,647,343,0
700,648,343,0
701,579,344,11
702,580,344,11
703,581,344,14
704,582,344,14
705,583,344,12
706,584,344,11
707,585,344,10
708,586,344,8
709,587,344,9
710,588,344,8
711,589,344,10
712,590,344,11
713,591,344,14
714,592,344,15
715,593,344,14
716,594,344,13
717,595,344,14
718,596,344,18
719,597,344,19
720,598,344,20
721,599,344,18
722,600,344,22
723,601,344,22
724,602,344,23
725,603,344,24
726,604,344,26
727,605,344,26
728,606,344,26
729,607,344,23
730,608,344,24
731,609,344,22
732,610,344,24
733,611,344,22
734,612,344,23
735,613,344,20
736,614,344,20
737,615,344,23
738,616,344,22
739,617,344,24
740,618,344,22
741,619,344,26
742,620,344,27
743,621,344,29
744,622,344,27
745,623,344,25
746,624,344,23
747,625,344,24
748,626,344,25
749,627,344,23
750,628,344,24
751,629,344,21
752,630,344,23
753,631,344,22
754,632,344,18
755,633,344,19
756,634,344,16
757,635,344,13
758,636,344,14
759,637,344,12
760,638,344,9
761,639,344,7
762,640,344,5
763,641,344,2
764,642,344,1
765,643,344,0
766,644,344,1
767,645,344,1
768,646,344,1
769,647,344,0
770,648,344,0
771,579,345,13
772,580,345,13
773,581,345,12
774,582,345,12
775,583,345,12
776,584,345,14
777,585,345,9
778,586,345,11
779,587,345,8
780,588,345,8
781,589,345,10
782,590,345,11
783,591,345,11
784,592,345,12
785,593,345,13
786,594,345,15
787,595,345,16
788,596,345,17
789,597,345,17
790,598,345,19
791,599,345,20
792,600,345,20
793,601,345,24
794,602,345,24
795,603,345,25
796,604,345,26
797,605,345,28
798,606,345,25
799,607,345,26
800,608,345,25
801,609,345,24
802,610,345,25
803,611,345,23
804,612,345,24
805,613,345,21
806,614,345,24
807,615,345,23
808,616,345,25
809,617,345,23
810,618,345,24
811,619,345,28
812,620,345,29
813,621,345,28
814,622,345,28
815,623,345,29
816,624,345,27
817,625,345,28
818,626,345,26
819,627,345,24
820,628,345,26
821,629,345,24
822,630,345,25
823,631,345,24
824,632,345,21
825,633,345,18
826,634,345,19
827,635,345,17
828,636,345,14
829,637,345,12
830,638,345,12
831,639,345,10
832,640,345,7
833,641,345,7
834,642,345,4
835,643,345,2
836,644,345,4
837,645,345,1
838,646,345,2
839,647,345,2
840,648,345,0
841,579,346,10
842,580,346,10
843,581,346,10
844,582,346,13
845,583,346,13
846,584,346,11
847,585,346,9
848,586,346,10
849,587,346,11
850,588,346,10
851,589,346,9
852,590,346,10
853,591,346,11
854,592,346,15
855,593,346,15
856,594,346,16
857,595,346,16
858,596,346,17
859,597,346,18
860,598,346,19
861,599,346,21
862,600,346,22
863,601,346,22
864,602,346,25
865,603,346,25
866,604,346,29
867,605,346,30
868,606,346,30
869,607,346,28
870,608,346,24
871,609,346,24
872,610,346,23
873,611,346,24
874,612,346,24
875,613,346,24
876,614,346,24
877,615,346,26
878,616,346,24
879,617,346,26
880,618,346,26
881,619,346,27
882,620,346,28
883,621,346,29
884,622,346,32
885,623,346,32
886,624,346,30
887,625,346,29
888,626,346,27
889,627,346,26
890,628,346,28
891,629,346,26
892,630,346,24
893,631,346,23
894,632,346,23
895,633,346,21
896,634,346,19
897,635,346,17
898,636,346,15
899,637,346,12
900,638,346,13
901,639,346,10
902,640,346,10
903,641,346,6
904,642,346,6
905,643,346,5
906,644,346,6
907,645,346,4
908,646,346,5
909,647,346,4
910,648,346,4
911,579,347,12
912,580,347,12
913,581,347,12
914,582,347,11
915,583,347,11
916,584,347,12
917,585,347,10
918,586,347,10
919,587,347,10
920,588,347,9
921,589,347,11
922,590,347,12
923,591,347,12
924,592,347,16
925,593,347,15
926,594,347,19
927,595,347,19
928,596,347,20
929,597,347,21
930,598,347,22
931,599,347,23
932,600,347,21
933,601,347,22
934,602,347,25
935,603,347,27
936,604,347,30
937,605,347,31
938,606,347,33
939,607,347,32
940,608,347,28
941,609,347,25
942,610,347,25
943,611,347,23
944,612,347,23
945,613,347,23
946,614,347,25
947,615,347,24
948,616,347,26
949,617,347,27
950,618,347,31
951,619,347,31
952,620,347,32
953,621,347,33
954,622,347,35
955,623,347,35
956,624,347,33
957,625,347,32
958,626,347,31
959,627,347,30
960,628,347,29
961,629,347,27
962,630,347,29
963,631,347,28
964,632,347,25
965,633,347,22
966,634,347,21
967,635,347,19
968,636,347,15
969,637,347,13
970,638,347,13
971,639,347,10
972,640,347,10
973,641,347,10
974,642,347,9
975,643,347,8
976,644,347,6
977,645,347,4
978,646,347,5
979,647,347,7
980,648,347,8
981,579,348,9
982,580,348,10
983,581,348,10
984,582,348,10
985,583,348,10
986,584,348,10
987,585,348,10
988,586,348,10
989,587,348,12
990,588,348,11
991,589,348,12
992,590,348,13
993,591,348,13
994,592,348,16
995,593,348,18
996,594,348,18
997,595,348,21
998,596,348,21
999,597,348,22
1000,598,348,23
1001,599,348,24
1002,600,348,25
1003,601,348,25
1004,602,348,28
1005,603,348,30
1006,604,348,33
1007,605,348,33
1008,606,348,35
1009,607,348,32
1010,608,348,32
1011,609,348,29
1012,610,348,26
1013,611,348,28
1014,612,348,25
1015,613,348,28
1016,614,348,27
1017,615,348,29
1018,616,348,31
1019,617,348,28
1020,618,348,32
1021,619,348,33
1022,620,348,34
1023,621,348,35
1024,622,348,36
1025,623,348,36
1026,624,348,38
1027,625,348,34
1028,626,348,33
1029,627,348,32
1030,628,348,31
1031,629,348,30
1032,630,348,31
1033,631,348,30
1034,632,348,27
1035,633,348,26
1036,634,348,24
1037,635,348,21
1038,636,348,17
1039,637,348,16
1040,638,348,13
1041,639,348,14
1042,640,348,11
1043,641,348,10
1044,642,348,9
1045,643,348,8
1046,644,348,7
1047,645,348,5
1048,646,348,6
1049,647,348,7
1050,648,348,10
1051,579,349,10
1052,580,349,8
1053,581,349,8
1054,582,349,11
1055,583,349,11
1056,584,349,8
1057,585,349,8
1058,586,349,10
1059,587,349,11
1060,588,349,12
1061,589,349,13
1062,590,349,13
1063,591,349,15
1064,592,349,17
1065,593,349,18
1066,594,349,20
1067,595,349,22
1068,596,349,25
1069,597,349,25
1070,598,349,25
1071,599,349,25
1072,600,349,29
1073,601,349,29
1074,602,349,32
1075,603,349,32
1076,604,349,35
1077,605,349,35
1078,606,349,38
1079,607,349,40
1080,608,349,36
1081,609,349,34
1082,610,349,32
1083,611,349,31
1084,612,349,32
1085,613,349,32
1086,614,349,31
1087,615,349,33
1088,616,349,35
1089,617,349,33
1090,618,349,37
1091,619,349,38
1092,620,349,39
1093,621,349,40
1094,622,349,42
1095,623,349,42
1096,624,349,40
1097,625,349,40
1098,626,349,36
1099,627,349,36
1100,628,349,35
1101,629,349,33
1102,630,349,34
1103,631,349,33
1104,632,349,31
1105,633,349,30
1106,634,349,26
1107,635,349,23
1108,636,349,21
1109,637,349,17
1110,638,349,16
1111,639,349,14
1112,640,349,11
1113,641,349,11
1114,642,349,7
1115,643,349,9
1116,644,349,8
1117,645,349,7
1118,646,349,7
1119,647,349,6
1120,648,349,9
1121,579,350,10
1122,580,350,8
1123,581,350,9
1124,582,350,9
1125,583,350,9
1126,584,350,9
1127,585,350,8
1128,586,350,10
1129,587,350,10
1130,588,350,13
1131,589,350,12
1132,590,350,14
1133,591,350,18
1134,592,350,20
1135,593,350,23
1136,594,350,26
1137,595,350,27
1138,596,350,28
1139,597,350,30
1140,598,350,32
1141,599,350,35
1142,600,350,35
1143,601,350,35
1144,602,350,39
1145,603,350,40
1146,604,350,37
1147,605,350,42
1148,606,350,49
1149,607,350,53
1150,608,350,49
1151,609,350,45
1152,610,350,40
1153,611,350,40
1154,612,350,38
1155,613,350,39
1156,614,350,38
1157,615,350,40
1158,616,350,42
1159,617,350,40
1160,618,350,42
1161,619,350,42
1162,620,350,44
1163,621,350,45
1164,622,350,48
1165,623,350,45
1166,624,350,44
1167,625,350,44
1168,626,350,41
1169,627,350,38
1170,628,350,37
1171,629,350,39
1172,630,350,40
1173,631,350,39
1174,632,350,37
1175,633,350,34
1176,634,350,32
1177,635,350,27
1178,636,350,22
1179,637,350,20
1180,638,350,16
1181,639,350,15
1182,640,350,13
1183,641,350,11
1184,642,350,11
1185,643,350,10
1186,644,350,9
1187,645,350,8
1188,646,350,6
1189,647,350,5
1190,648,350,9
1191,579,351,9
1192,580,351,8
1193,581,351,9
1194,582,351,9
1195,583,351,9
1196,584,351,9
1197,585,351,8
1198,586,351,9
1199,587,351,11
1200,588,351,12
1201,589,351,16
1202,590,351,18
1203,591,351,22
1204,592,351,25
1205,593,351,30
1206,594,351,33
1207,595,351,37
1208,596,351,39
1209,597,351,42
1210,598,351,43
1211,599,351,45
1212,600,351,48
1213,601,351,48
1214,602,351,49
1215,603,351,50
1216,604,351,48
1217,605,351,53
1218,606,351,60
1219,607,351,64
1220,608,351,60
1221,609,351,53
1222,610,351,51
1223,611,351,51
1224,612,351,50
1225,613,351,48
1226,614,351,48
1227,615,351,51
1228,616,351,50
1229,617,351,51
1230,618,351,53
1231,619,351,54
1232,620,351,56
1233,621,351,55
1234,622,351,55
1235,623,351,54
1236,624,351,53
1237,625,351,50
1238,626,351,51
1239,627,351,48
1240,628,351,45
1241,629,351,47
1242,630,351,49
1243,631,351,49
1244,632,351,45
1245,633,351,40
1246,634,351,36
1247,635,351,30
1248,636,351,27
1249,637,351,22
1250,638,351,20
1251,639,351,17
1252,640,351,17
1253,641,351,12
1254,642,351,13
1255,643,351,9
1256,644,351,9
1257,645,351,9
1258,646,351,8
1259,647,351,8
1260,648,351,7
1261,579,352,11
1262,580,352,11
1263,581,352,9
1264,582,352,9
1265,583,352,9
1266,584,352,8
1267,585,352,10
1268,586,352,9
1269,587,352,14
1270,588,352,16
1271,589,352,19
1272,590,352,24
1273,591,352,30
1274,592,352,34
1275,593,352,41
1276,594,352,48
1277,595,352,53
1278,596,352,57
1279,597,352,60
1280,598,352,62
1281,599,352,66
1282,600,352,65
1283,601,352,68
1284,602,352,69
1285,603,352,68
1286,604,352,70
1287,605,352,70
1288,606,352,77
1289,607,352,79
1290,608,352,75
1291,609,352,70
1292,610,352,70
1293,611,352,70
1294,612,352,66
1295,613,352,65
1296,614,352,66
1297,615,352,66
1298,616,352,65
1299,617,352,67
1300,618,352,68
1301,619,352,70
1302,620,352,69
1303,621,352,70
1304,622,352,68
1305,623,352,68
1306,624,352,65
1307,625,352,65
1308,626,352,63
1309,627,352,61
1310,628,352,59
1311,629,352,57
1312,630,352,58
1313,631,352,57
1314,632,352,51
1315,633,352,48
1316,634,352,43
1317,635,352,39
1318,636,352,35
1319,637,352,29
1320,638,352,26
1321,639,352,21
1322,640,352,20
1323,641,352,17
1324,642,352,16
1325,643,352,13
1326,644,352,11
1327,645,352,9
1328,646,352,9
1329,647,352,7
1330,648,352,7
1331,579,353,10
1332,580,353,10
1333,581,353,8
1334,582,353,9
1335,583,353,9
1336,584,353,7
1337,585,353,11
1338,586,353,12
1339,587,353,13
1340,588,353,19
1341,589,353,24
1342,590,353,29
1343,591,353,38
1344,592,353,48
1345,593,353,57
1346,594,353,66
1347,595,353,76
1348,596,353,83
1349,597,353,88
1350,598,353,92
1351,599,353,97
1352,600,353,98
1353,601,353,98
1354,602,353,100
1355,603,353,99
1356,604,353,99
1357,605,353,99
1358,606,353,95
1359,607,353,96
1360,608,353,96
1361,609,353,96
1362,610,353,96
1363,611,353,96
1364,612,353,93
1365,613,353,92
1366,614,353,93
1367,615,353,90
1368,616,353,91
1369,617,353,93
1370,618,353,92
1371,619,353,95
1372,620,353,95
1373,621,353,94
1374,622,353,93
1375,623,353,91
1376,624,353,88
1377,625,353,87
1378,626,353,82
1379,627,353,82
1380,628,353,80
1381,629,353,77
1382,630,353,72
1383,631,353,71
1384,632,353,68
1385,633,353,64
1386,634,353,55
1387,635,353,50
1388,636,353,42
1389,637,353,37
1390,638,353,34
1391,639,353,30
1392,640,353,25
1393,641,353,18
1394,642,353,19
1395,643,353,18
1396,644,353,15
1397,645,353,11
1398,646,353,9
1399,647,353,9
1400,648,353,10
1401,579,354,11
1402,580,354,9
1403,581,354,8
1404,582,354,9
1405,583,354,8
1406,584,354,9
1407,585,354,10
1408,586,354,16
1409,587,354,17
1410,588,354,24
1411,589,354,33
1412,590,354,44
1413,591,354,54
1414,592,354,70
1415,593,354,84
1416,594,354,101
1417,595,354,114
1418,596,354,126
1419,597,354,137
1420,598,354,145
1421,599,354,151
1422,600,354,155
1423,601,354,156
1424,602,354,155
1425,603,354,155
1426,604,354,155
1427,605,354,153
1428,606,354,152
1429,607,354,148
1430,608,354,148
1431,609,354,147
1432,610,354,143
1433,611,354,140
1434,612,354,137
1435,613,354,136
1436,614,354,137
1437,615,354,135
1438,616,354,133
1439,617,354,133
1440,618,354,133
1441,619,354,133
1442,620,354,131
1443,621,354,130
1444,622,354,127
1445,623,354,125
1446,624,354,120
1447,625,354,120
1448,626,354,118
1449,627,354,114
1450,628,354,107
1451,629,354,102
1452,630,354,98
1453,631,354,92
1454,632,354,86
1455,633,354,83
1456,634,354,74
1457,635,354,68
1458,636,354,59
1459,637,354,53
1460,638,354,45
1461,639,354,40
1462,640,354,30
1463,641,354,25
1464,642,354,23
1465,643,354,22
1466,644,354,20
1467,645,354,12
1468,646,354,9
1469,647,354,10
1470,648,354,8
1471,579,355,12
1472,580,355,11
1473,581,355,8
1474,582,355,8
1475,583,355,10
1476,584,355,10
1477,585,355,12
1478,586,355,17
1479,587,355,21
1480,588,355,32
1481,589,355,42
1482,590,355,57
1483,591,355,74
1484,592,355,94
1485,593,355,118
1486,594,355,140
1487,595,355,167
1488,596,355,190
1489,597,355,205
1490,598,355,215
1491,599,355,219
1492,600,355,221
1493,601,355,219
1494,602,355,219
1495,603,355,219
1496,604,355,220
1497,605,355,218
1498,606,355,217
1499,607,355,213
1500,608,355,212
1501,609,355,211
1502,610,355,211
1503,611,355,207
1504,612,355,207
1505,613,355,208
1506,614,355,206
1507,615,355,207
1508,616,355,205
1509,617,355,203
1510,618,355,203
1511,619,355,204
1512,620,355,202
1513,621,355,201
1514,622,355,201
1515,623,355,199
1516,624,355,194
1517,625,355,191
1518,626,355,183
1519,627,355,177
1520,628,355,168
1521,629,355,161
1522,630,355,149
1523,631,355,138
1524,632,355,126
1525,633,355,117
1526,634,355,108
1527,635,355,98
1528,636,355,84
1529,637,355,73
1530,638,355,61
1531,639,355,54
1532,640,355,42
1533,641,355,35
1534,642,355,29
1535,643,355,27
1536,644,355,22
1537,645,355,17
1538,646,355,12
1539,647,355,10
1540,648,355,9
1541,579,356,15
1542,580,356,9
1543,581,356,10
1544,582,356,8
1545,583,356,9
1546,584,356,10
1547,585,356,16
1548,586,356,21
1549,587,356,30
1550,588,356,44
1551,589,356,59
1552,590,356,82
1553,591,356,106
1554,592,356,135
1555,593,356,166
1556,594,356,200
1557,595,356,224
1558,596,356,242
1559,597,356,251
1560,598,356,255
1561,599,356,255
1562,600,356,255
1563,601,356,255
1564,602,356,255
1565,603,356,255
1566,604,356,255
1567,605,356,255
1568,606,356,255
1569,607,356,255
1570,608,356,255
1571,609,356,253
1572,610,356,252
1573,611,356,250
1574,612,356,251
1575,613,356,249
1576,614,356,249
1577,615,356,250
1578,616,356,247
1579,617,356,248
1580,618,356,249
1581,619,356,246
1582,620,356,247
1583,621,356,245
1584,622,356,243
1585,623,356,243
1586,624,356,243
1587,625,356,240
1588,626,356,234
1589,627,356,230
1590,628,356,226
1591,629,356,221
1592,630,356,216
1593,631,356,208
1594,632,356,199
1595,633,356,185
1596,634,356,164
1597,635,356,146
1598,636,356,125
1599,637,356,104
1600,638,356,90
1601,639,356,75
1602,640,356,61
1603,641,356,48
1604,642,356,35
1605,643,356,28
1606,644,356,23
1607,645,356,17
1608,646,356,14
1609,647,356,13
1610,648,356,10
1611,579,357,16
1612,580,357,11
1613,581,357,9
1614,582,357,7
1615,583,357,11
1616,584,357,14
1617,585,357,18
1618,586,357,26
1619,587,357,36
1620,588,357,50
1621,589,357,73
1622,590,357,99
1623,591,357,131
1624,592,357,170
1625,593,357,209
1626,594,357,241
1627,595,357,255
1628,596,357,255
1629,597,357,255
1630,598,357,255
1631,599,357,255
1632,600,357,255
1633,601,357,255
1634,602,357,255
1635,603,357,255
1636,604,357,255
1637,605,357,255
1638,606,357,255
1639,607,357,255
1640,608,357,255
1641,609,357,255
1642,610,357,255
1643,611,357,255
1644,612,357,255
1645,613,357,255
1646,614,357,255
1647,615,357,255
1648,616,357,255
1649,617,357,255
1650,618,357,255
1651,619,357,255
1652,620,357,255
1653,621,357,255
1654,622,357,255
1655,623,357,255
1656,624,357,255
1657,625,357,255
1658,626,357,255
1659,627,357,255
1660,628,357,255
1661,629,357,255
1662,630,357,254
1663,631,357,252
1664,632,357,245
1665,633,357,239
1666,634,357,225
1667,635,357,211
1668,636,357,190
1669,637,357,164
1670,638,357,134
1671,639,357,109
1672,640,357,87
1673,641,357,67
1674,642,357,51
1675,643,357,37
1676,644,357,26
1677,645,357,19
1678,646,357,15
1679,647,357,13
1680,648,357,11
1681,579,358,15
1682,580,358,13
1683,581,358,11
1684,582,358,9
1685,583,358,9
1686,584,358,11
1687,585,358,18
1688,586,358,27
1689,587,358,41
1690,588,358,60
1691,589,358,84
1692,590,358,115
1693,591,358,152
1694,592,358,197
1695,593,358,242
1696,594,358,255
1697,595,358,255
1698,596,358,255
1699,597,358,255
1700,598,358,255
1701,599,358,255
1702,600,358,255
1703,601,358,255
1704,602,358,255
1705,603,358,255
1706,604,358,255
1707,605,358,255
1708,606,358,255
1709,607,358,255
1710,608,358,255
1711,609,358,255
1712,610,358,255
1713,611,358,255
1714,612,358,255
1715,613,358,255
1716,614,358,255
1717,615,358,255
1718,616,358,255
1719,617,358,255
1720,618,358,255
1721,619,358,255
1722,620,358,255
1723,621,358,255
1724,622,358,255
1725,623,358,255
1726,624,358,255
1727,625,358,255
1728,626,358,255
1729,627,358,255
1730,628,358,255
1731,629,358,255
1732,630,358,255
1733,631,358,255
1734,632,358,255
1735,633,358,255
1736,634,358,255
1737,635,358,253
1738,636,358,243
1739,637,358,222
1740,638,358,188
1741,639,358,155
1742,640,358,120
1743,641,358,93
1744,642,358,67
1745,643,358,48
1746,644,358,33
1747,645,358,24
1748,646,358,18
1749,647,358,14
1750,648,358,13
1751,579,359,16
1752,580,359,13
1753,581,359,10
1754,582,359,11
1755,583,359,11
1756,584,359,13
1757,585,359,19
1758,586,359,28
1759,587,359,40
1760,588,359,62
1761,589,359,87
1762,590,359,121
1763,591,359,155
1764,592,359,205
1765,593,359,245
1766,594,359,255
1767,595,359,255
1768,596,359,255
1769,597,359,255
1770,598,359,255
1771,599,359,255
1772,600,359,255
1773,601,359,255
1774,602,359,255
1775,603,359,255
1776,604,359,255
1777,605,359,255
1778,606,359,255
1779,607,359,255
1780,608,359,255
1781,609,359,255
1782,610,359,255
1783,611,359,255
1784,612,359,255
1785,613,359,255
1786,614,359,255
1787,615,359,255
1788,616,359,255
1789,617,359,255
1790,618,359,255
1791,619,359,255
1792,620,359,255
1793,621,359,255
1794,622,359,255
1795,623,359,255
1796,624,359,255
1797,625,359,255
1798,626,359,255
1799,627,359,255
1800,628,359,255
1801,629,359,255
1802,630,359,255
1803,631,359,255
1804,632,359,255
1805,633,359,255
1806,634,359,255
1807,635,359,255
1808,636,359,255
1809,637,359,255
1810,638,359,238
1811,639,359,203
1812,640,359,155
1813,641,359,118
1814,642,359,85
1815,643,359,60
1816,644,359,42
1817,645,359,27
1818,646,359,22
1819,647,359,15
1820,648,359,15
1821,579,360,15
1822,580,360,14
1823,581,360,11
1824,582,360,11
1825,583,360,10
1826,584,360,15
1827,585,360,21
1828,586,360,31
1829,587,360,40
1830,588,360,59
1831,589,360,81
1832,590,360,115
1833,591,360,147
1834,592,360,190
1835,593,360,231
1836,594,360,255
1837,595,360,255
1838,596,360,255
1839,597,360,255
1840,598,360,255
1841,599,360,255
1842,600,360,255
1843,601,360,255
1844,602,360,255
1845,603,360,255
1846,604,360,255
1847,605,360,255
1848,606,360,255
1849,607,360,255
1850,608,360,255
1851,609,360,255
1852,610,360,255
1853,611,360,255
1854,612,360,255
1855,613,360,255
1856,614,360,255
1857,615,360,255
1858,616,360,255
1859,617,360,255
1860,618,360,255
1861,619,360,255
1862,620,360,255
1863,621,360,255
1864,622,360,255
1865,623,360,255
1866,624,360,255
1867,625,360,255
1868,626,360,255
1869,627,360,255
1870,628,360,255
1871,629,360,255
1872,630,360,255
1873,631,360,255
1874,632,360,255
1875,633,360,255
1876,634,360,255
1877,635,360,255
1878,636,360,255
1879,637,360,255
1880,638,360,255
1881,639,360,230
1882,640,360,186
1883,641,360,137
1884,642,360,104
1885,643,360,77
1886,644,360,53
1887,645,360,36
1888,646,360,26
1889,647,360,18
1890,648,360,17
1891,579,361,13
1892,580,361,10
1893,581,361,9
1894,582,361,9
1895,583,361,11
1896,584,361,16
1897,585,361,22
1898,586,361,29
1899,587,361,36
1900,588,361,48
1901,589,361,68
1902,590,361,93
1903,591,361,125
1904,592,361,160
1905,593,361,202
1906,594,361,234
1907,595,361,255
1908,596,361,255
1909,597,361,255
1910,598,361,255
1911,599,361,255
1912,600,361,255
1913,601,361,255
1914,602,361,255
1915,603,361,255
1916,604,361,255
1917,605,361,255
1918,606,361,255
1919,607,361,255
1920,608,361,255
1921,609,361,255
1922,610,361,255
1923,611,361,255
1924,612,361,255
1925,613,361,255
1926,614,361,255
1927,615,361,255
1928,616,361,255
1929,617,361,255
1930,618,361,255
1931,619,361,255
1932,620,361,255
1933,621,361,255
1934,622,361,255
1935,623,361,255
1936,624,361,255
1937,625,361,255
1938,626,361,255
1939,627,361,255
1940,628,361,255
1941,629,361,255
1942,630,361,255
1943,631,361,255
1944,632,361,255
1945,633,361,255
1946,634,361,255
1947,635,361,255
1948,636,361,255
1949,637,361,255
1950,638,361,255
1951,639,361,249
1952,640,361,207
1953,641,361,154
1954,642,361,115
1955,643,361,85
1956,644,361,62
1957,645,361,42
1958,646,361,31
1959,647,361,22
1960,648,361,18
1961,579,362,8
1962,580,362,11
1963,581,362,8
1964,582,362,7
1965,583,362,9
1966,584,362,15
1967,585,362,20
1968,586,362,27
1969,587,362,29
1970,588,362,38
1971,589,362,54
1972,590,362,70
1973,591,362,95
1974,592,362,122
1975,593,362,154
1976,594,362,189
1977,595,362,216
1978,596,362,239
1979,597,362,250
1980,598,362,255
1981,599,362,255
1982,600,362,255
1983,601,362,255
1984,602,362,255
1985,603,362,255
1986,604,362,255
1987,605,362,255
1988,606,362,255
1989,607,362,255
1990,608,362,255
1991,609,362,255
1992,610,362,255
1993,611,362,255
1994,612,362,255
1995,613,362,255
1996,614,362,255
1997,615,362,255
1998,616,362,255
1999,617,362,255
2000,618,362,255
2001,619,362,255
2002,620,362,255
2003,621,362,255
2004,622,362,255
2005,623,362,255
2006,624,362,255
2007,625,362,255
2008,626,362,255
2009,627,362,255
2010,628,362,255
2011,629,362,255
2012,630,362,255
2013,631,362,255
2014,632,362,255
2015,633,362,255
2016,634,362,255
2017,635,362,255
2018,636,362,255
2019,637,362,255
2020,638,362,255
2021,639,362,249
2022,640,362,208
2023,641,362,157
2024,642,362,119
2025,643,362,91
2026,644,362,64
2027,645,362,44
2028,646,362,33
2029,647,362,25
2030,648,362,21
2031,579,363,6
2032,580,363,7
2033,581,363,7
2034,582,363,8
2035,583,363,11
2036,584,363,12
2037,585,363,17
2038,586,363,20
2039,587,363,23
2040,588,363,31
2041,589,363,42
2042,590,363,53
2043,591,363,71
2044,592,363,89
2045,593,363,108
2046,594,363,133
2047,595,363,158
2048,596,363,183
2049,597,363,202
2050,598,363,215
2051,599,363,222
2052,600,363,233
2053,601,363,239
2054,602,363,246
2055,603,363,246
2056,604,363,246
2057,605,363,248
2058,606,363,250
2059,607,363,249
2060,608,363,248
2061,609,363,249
2062,610,363,253
2063,611,363,254
2064,612,363,255
2065,613,363,255
2066,614,363,255
2067,615,363,255
2068,616,363,255
2069,617,363,255
2070,618,363,255
2071,619,363,255
2072,620,363,255
2073,621,363,255
2074,622,363,255
2075,623,363,255
2076,624,363,255
2077,625,363,255
2078,626,363,255
2079,627,363,255
2080,628,363,255
2081,629,363,255
2082,630,363,255
2083,631,363,255
2084,632,363,255
2085,633,363,255
2086,634,363,255
2087,635,363,255
2088,636,363,255
2089,637,363,255
2090,638,363,255
2091,639,363,229
2092,640,363,185
2093,641,363,142
2094,642,363,110
2095,643,363,83
2096,644,363,60
2097,645,363,44
2098,646,363,34
2099,647,363,24
2100,648,363,21
2101,579,364,5
2102,580,364,5
2103,581,364,8
2104,582,364,9
2105,583,364,10
2106,584,364,9
2107,585,364,13
2108,586,364,15
2109,587,364,18
2110,588,364,24
2111,589,364,32
2112,590,364,39
2113,591,364,51
2114,592,364,63
2115,593,364,76
2116,594,364,91
2117,595,364,104
2118,596,364,119
2119,597,364,134
2120,598,364,147
2121,599,364,159
2122,600,364,175
2123,601,364,186
2124,602,364,194
2125,603,364,199
2126,604,364,200
2127,605,364,202
2128,606,364,204
2129,607,364,202
2130,608,364,204
2131,609,364,207
2132,610,364,209
2133,611,364,210
2134,612,364,212
2135,613,364,215
2136,614,364,216
2137,615,364,215
2138,616,364,216
2139,617,364,219
2140,618,364,223
2141,619,364,227
2142,620,364,230
2143,621,364,239
2144,622,364,245
2145,623,364,248
2146,624,364,249
2147,625,364,254
2148,626,364,255
2149,627,364,255
2150,628,364,255
2151,629,364,255
2152,630,364,255
2153,631,364,255
2154,632,364,255
2155,633,364,255
2156,634,364,255
2157,635,364,255
2158,636,364,251
2159,637,364,241
2160,638,364,218
2161,639,364,186
2162,640,364,151
2163,641,364,119
2164,642,364,91
2165,643,364,70
2166,644,364,53
2167,645,364,41
2168,646,364,29
2169,647,364,24
2170,648,364,19
2171,579,365,8
2172,580,365,8
2173,581,365,7
2174,582,365,9
2175,583,365,8
2176,584,365,9
2177,585,365,11
2178,586,365,11
2179,587,365,17
2180,588,365,19
2181,589,365,26
2182,590,365,30
2183,591,365,38
2184,592,365,47
2185,593,365,54
2186,594,365,64
2187,595,365,71
2188,596,365,79
2189,597,365,85
2190,598,365,94
2191,599,365,100
2192,600,365,108
2193,601,365,111
2194,602,365,116
2195,603,365,121
2196,604,365,127
2197,605,365,129
2198,606,365,130
2199,607,365,128
2200,608,365,133
2201,609,365,132
2202,610,365,137
2203,611,365,141
2204,612,365,148
2205,613,365,150
2206,614,365,151
2207,615,365,154
2208,616,365,152
2209,617,365,154
2210,618,365,160
2211,619,365,168
2212,620,365,175
2213,621,365,189
2214,622,365,196
2215,623,365,202
2216,624,365,206
2217,625,365,211
2218,626,365,216
2219,627,365,219
2220,628,365,222
2221,629,365,226
2222,630,365,229
2223,631,365,230
2224,632,365,231
2225,633,365,228
2226,634,365,224
2227,635,365,219
2228,636,365,204
2229,637,365,186
2230,638,365,163
2231,639,365,134
2232,640,365,111
2233,641,365,90
2234,642,365,72
2235,643,365,54
2236,644,365,41
2237,645,365,31
2238,646,365,25
2239,647,365,23
2240,648,365,20
2241,579,366,9
2242,580,366,9
2243,581,366,9
2244,582,366,9
2245,583,366,8
2246,584,366,10
2247,585,366,10
2248,586,366,15
2249,587,366,15
2250,588,366,17
2251,589,366,21
2252,590,366,24
2253,591,366,28
2254,592,366,34
2255,593,366,39
2256,594,366,46
2257,595,366,51
2258,596,366,57
2259,597,366,61
2260,598,366,65
2261,599,366,67
2262,600,366,74
2263,601,366,74
2264,602,366,79
2265,603,366,81
2266,604,366,84
2267,605,366,86
2268,606,366,88
2269,607,366,86
2270,608,366,88
2271,609,366,88
2272,610,366,91
2273,611,366,95
2274,612,366,99
2275,613,366,101
2276,614,366,102
2277,615,366,98
2278,616,366,97
2279,617,366,100
2280,618,366,101
2281,619,366,106
2282,620,366,108
2283,621,366,116
2284,622,366,124
2285,623,366,127
2286,624,366,134
2287,625,366,142
2288,626,366,147
2289,627,366,153
2290,628,366,159
2291,629,366,166
2292,630,366,167
2293,631,366,172
2294,632,366,169
2295,633,366,168
2296,634,366,161
2297,635,366,151
2298,636,366,136
2299,637,366,124
2300,638,366,107
2301,639,366,92
2302,640,366,78
2303,641,366,66
2304,642,366,52
2305,643,366,40
2306,644,366,32
2307,645,366,26
2308,646,366,21
2309,647,366,19
2310,648,366,17
2311,579,367,12
2312,580,367,10
2313,581,367,8
2314,582,367,9
2315,583,367,8
2316,584,367,10
2317,585,367,10
2318,586,367,13
2319,587,367,14
2320,588,367,18
2321,589,367,18
2322,590,367,21
2323,591,367,26
2324,592,367,27
2325,593,367,33
2326,594,367,36
2327,595,367,39
2328,596,367,43
2329,597,367,45
2330,598,367,48
2331,599,367,52
2332,600,367,52
2333,601,367,55
2334,602,367,58
2335,603,367,61
2336,604,367,65
2337,605,367,65
2338,606,367,66
2339,607,367,65
2340,608,367,64
2341,609,367,66
2342,610,367,66
2343,611,367,66
2344,612,367,71
2345,613,367,74
2346,614,367,72
2347,615,367,72
2348,616,367,71
2349,617,367,72
2350,618,367,71
2351,619,367,75
2352,620,367,78
2353,621,367,82
2354,622,367,87
2355,623,367,89
2356,624,367,92
2357,625,367,92
2358,626,367,96
2359,627,367,96
2360,628,367,100
2361,629,367,102
2362,630,367,104
2363,631,367,105
2364,632,367,106
2365,633,367,105
2366,634,367,101
2367,635,367,95
2368,636,367,89
2369,637,367,80
2370,638,367,72
2371,639,367,66
2372,640,367,56
2373,641,367,46
2374,642,367,38
2375,643,367,30
2376,644,367,26
2377,645,367,21
2378,646,367,20
2379,647,367,15
2380,648,367,15
2381,579,368,12
2382,580,368,12
2383,581,368,11
2384,582,368,9
2385,583,368,8
2386,584,368,10
2387,585,368,10
2388,586,368,13
2389,587,368,15
2390,588,368,17
2391,589,368,19
2392,590,368,20
2393,591,368,21
2394,592,368,25
2395,593,368,25
2396,594,368,31
2397,595,368,33
2398,596,368,37
2399,597,368,36
2400,598,368,36
2401,599,368,37
2402,600,368,37
2403,601,368,39
2404,602,368,42
2405,603,368,46
2406,604,368,50
2407,605,368,50
2408,606,368,52
2409,607,368,51
2410,608,368,50
2411,609,368,49
2412,610,368,51
2413,611,368,52
2414,612,368,52
2415,613,368,56
2416,614,368,57
2417,615,368,56
2418,616,368,56
2419,617,368,54
2420,618,368,58
2421,619,368,60
2422,620,368,62
2423,621,368,63
2424,622,368,64
2425,623,368,66
2426,624,368,65
2427,625,368,68
2428,626,368,68
2429,627,368,71
2430,628,368,71
2431,629,368,71
2432,630,368,75
2433,631,368,74
2434,632,368,75
2435,633,368,73
2436,634,368,70
2437,635,368,64
2438,636,368,60
2439,637,368,54
2440,638,368,49
2441,639,368,47
2442,640,368,39
2443,641,368,35
2444,642,368,29
2445,643,368,25
2446,644,368,22
2447,645,368,17
2448,646,368,16
2449,647,368,13
2450,648,368,15
2451,579,369,13
2452,580,369,8
2453,581,369,8
2454,582,369,9
2455,583,369,8
2456,584,369,10
2457,585,369,10
2458,586,369,14
2459,587,369,13
2460,588,369,15
2461,589,369,18
2462,590,369,20
2463,591,369,20
2464,592,369,23
2465,593,369,24
2466,594,369,26
2467,595,369,30
2468,596,369,30
2469,597,369,31
2470,598,369,30
2471,599,369,30
2472,600,369,28
2473,601,369,31
2474,602,369,32
2475,603,369,36
2476,604,369,38
2477,605,369,41
2478,606,369,39
2479,607,369,42
2480,608,369,41
2481,609,369,40
2482,610,369,43
2483,611,369,41
2484,612,369,42
2485,613,369,43
2486,614,369,45
2487,615,369,47
2488,616,369,46
2489,617,369,45
2490,618,369,46
2491,619,369,49
2492,620,369,49
2493,621,369,50
2494,622,369,50
2495,623,369,54
2496,624,369,54
2497,625,369,56
2498,626,369,54
2499,627,369,53
2500,628,369,54
2501,629,369,56
2502,630,369,58
2503,631,369,57
2504,632,369,56
2505,633,369,53
2506,634,369,52
2507,635,369,50
2508,636,369,46
2509,637,369,43
2510,638,369,36
2511,639,369,33
2512,640,369,30
2513,641,369,27
2514,642,369,23
2515,643,369,21
2516,644,369,19
2517,645,369,14
2518,646,369,15
2519,647,369,13
2520,648,369,15
2521,579,370,13
2522,580,370,9
2523,581,370,8
2524,582,370,8
2525,583,370,11
2526,584,370,9
2527,585,370,10
2528,586,370,14
2529,587,370,13
2530,588,370,16
2531,589,370,19
2532,590,370,19
2533,591,370,20
2534,592,370,20
2535,593,370,20
2536,594,370,23
2537,595,370,26
2538,596,370,26
2539,597,370,25
2540,598,370,25
2541,599,370,23
2542,600,370,22
2543,601,370,23
2544,602,370,28
2545,603,370,30
2546,604,370,32
2547,605,370,33
2548,606,370,34
2549,607,370,36
2550,608,370,35
2551,609,370,35
2552,610,370,37
2553,611,370,36
2554,612,370,38
2555,613,370,36
2556,614,370,38
2557,615,370,37
2558,616,370,39
2559,617,370,38
2560,618,370,43
2561,619,370,41
2562,620,370,42
2563,621,370,44
2564,622,370,42
2565,623,370,43
2566,624,370,45
2567,625,370,44
2568,626,370,44
2569,627,370,43
2570,628,370,46
2571,629,370,45
2572,630,370,44
2573,631,370,45
2574,632,370,44
2575,633,370,44
2576,634,370,42
2577,635,370,38
2578,636,370,34
2579,637,370,32
2580,638,370,29
2581,639,370,27
2582,640,370,24
2583,641,370,22
2584,642,370,18
2585,643,370,14
2586,644,370,16
2587,645,370,13
2588,646,370,12
2589,647,370,13
2590,648,370,14
2591,579,371,11
2592,580,371,8
2593,581,371,10
2594,582,371,11
2595,583,371,10
2596,584,371,12
2597,585,371,13
2598,586,371,13
2599,587,371,14
2600,588,371,17
2601,589,371,17
2602,590,371,17
2603,591,371,19
2604,592,371,20
2605,593,371,21
2606,594,371,21
2607,595,371,25
2608,596,371,26
2609,597,371,25
2610,598,371,26
2611,599,371,23
2612,600,371,23
2613,601,371,24
2614,602,371,24
2615,603,371,27
2616,604,371,30
2617,605,371,30
2618,606,371,32
2619,607,371,31
2620,608,371,30
2621,609,371,32
2622,610,371,31
2623,611,371,34
2624,612,371,33
2625,613,371,32
2626,614,371,34
2627,615,371,33
2628,616,371,36
2629,617,371,34
2630,618,371,37
2631,619,371,35
2632,620,371,37
2633,621,371,36
2634,622,371,38
2635,623,371,37
2636,624,371,40
2637,625,371,39
2638,626,371,40
2639,627,371,37
2640,628,371,36
2641,629,371,39
2642,630,371,39
2643,631,371,37
2644,632,371,36
2645,633,371,35
2646,634,371,33
2647,635,371,31
2648,636,371,30
2649,637,371,29
2650,638,371,24
2651,639,371,24
2652,640,371,19
2653,641,371,18
2654,642,371,17
2655,643,371,14
2656,644,371,14
2657,645,371,13
2658,646,371,12
2659,647,371,13
2660,648,371,10
2661,579,372,12
2662,580,372,11
2663,581,372,10
2664,582,372,10
2665,583,372,9
2666,584,372,11
2667,585,372,12
2668,586,372,13
2669,587,372,14
2670,588,372,14
2671,589,372,18
2672,590,372,19
2673,591,372,20
2674,592,372,18
2675,593,372,20
2676,594,372,21
2677,595,372,22
2678,596,372,20
2679,597,372,23
2680,598,372,23
2681,599,372,23
2682,600,372,23
2683,601,372,21
2684,602,372,25
2685,603,372,25
2686,604,372,26
2687,605,372,27
2688,606,372,29
2689,607,372,28
2690,608,372,30
2691,609,372,29
2692,610,372,28
2693,611,372,31
2694,612,372,30
2695,613,372,30
2696,614,372,32
2697,615,372,31
2698,616,372,31
2699,617,372,30
2700,618,372,33
2701,619,372,32
2702,620,372,34
2703,621,372,33
2704,622,372,33
2705,623,372,33
2706,624,372,33
2707,625,372,33
2708,626,372,33
2709,627,372,33
2710,628,372,30
2711,629,372,33
2712,630,372,34
2713,631,372,32
2714,632,372,31
2715,633,372,30
2716,634,372,30
2717,635,372,27
2718,636,372,24
2719,637,372,22
2720,638,372,20
2721,639,372,19
2722,640,372,17
2723,641,372,14
2724,642,372,15
2725,643,372,11
2726,644,372,11
2727,645,372,9
2728,646,372,11
2729,647,372,9
2730,648,372,10
2731,579,373,12
2732,580,373,11
2733,581,373,10
2734,582,373,10
2735,583,373,10
2736,584,373,11
2737,585,373,12
2738,586,373,13
2739,587,373,14
2740,588,373,15
2741,589,373,16
2742,590,373,16
2743,591,373,18
2744,592,373,20
2745,593,373,18
2746,594,373,19
2747,595,373,21
2748,596,373,20
2749,597,373,23
2750,598,373,22
2751,599,373,22
2752,600,373,21
2753,601,373,23
2754,602,373,24
2755,603,373,25
2756,604,373,26
2757,605,373,28
2758,606,373,26
2759,607,373,28
2760,608,373,28
2761,609,373,27
2762,610,373,30
2763,611,373,29
2764,612,373,29
2765,613,373,28
2766,614,373,31
2767,615,373,30
2768,616,373,30
2769,617,373,30
2770,618,373,29
2771,619,373,28
2772,620,373,31
2773,621,373,31
2774,622,373,28
2775,623,373,29
2776,624,373,29
2777,625,373,29
2778,626,373,29
2779,627,373,30
2780,628,373,30
2781,629,373,30
2782,630,373,27
2783,631,373,29
2784,632,373,27
2785,633,373,26
2786,634,373,26
2787,635,373,25
2788,636,373,22
2789,637,373,23
2790,638,373,20
2791,639,373,18
2792,640,373,15
2793,641,373,15
2794,642,373,14
2795,643,373,14
2796,644,373,13
2797,645,373,11
2798,646,373,9
2799,647,373,10
2800,648,373,8
2801,579,374,12
2802,580,374,11
2803,581,374,10
2804,582,374,7
2805,583,374,9
2806,584,374,11
2807,585,374,12
2808,586,374,13
2809,587,374,14
2810,588,374,15
2811,589,374,16
2812,590,374,18
2813,591,374,19
2814,592,374,17
2815,593,374,19
2816,594,374,20
2817,595,374,22
2818,596,374,21
2819,597,374,21
2820,598,374,20
2821,599,374,20
2822,600,374,22
2823,601,374,23
2824,602,374,25
2825,603,374,23
2826,604,374,24
2827,605,374,26
2828,606,374,25
2829,607,374,28
2830,608,374,27
2831,609,374,26
2832,610,374,26
2833,611,374,26
2834,612,374,25
2835,613,374,28
2836,614,374,27
2837,615,374,27
2838,616,374,27
2839,617,374,27
2840,618,374,27
2841,619,374,30
2842,620,374,29
2843,621,374,30
2844,622,374,27
2845,623,374,25
2846,624,374,26
2847,625,374,26
2848,626,374,26
2849,627,374,26
2850,628,374,26
2851,629,374,27
2852,630,374,24
2853,631,374,26
2854,632,374,24
2855,633,374,23
2856,634,374,22
2857,635,374,21
2858,636,374,21
2859,637,374,21
2860,638,374,17
2861,639,374,18
2862,640,374,14
2863,641,374,14
2864,642,374,13
2865,643,374,12
2866,644,374,10
2867,645,374,11
2868,646,374,9
2869,647,374,11
2870,648,374,8
2871,579,375,14
2872,580,375,10
2873,581,375,9
2874,582,375,9
2875,583,375,11
2876,584,375,13
2877,585,375,11
2878,586,375,13
2879,587,375,14
2880,588,375,15
2881,589,375,17
2882,590,375,15
2883,591,375,17
2884,592,375,18
2885,593,375,19
2886,594,375,20
2887,595,375,22
2888,596,375,21
2889,597,375,20
2890,598,375,20
2891,599,375,23
2892,600,375,21
2893,601,375,23
2894,602,375,24
2895,603,375,23
2896,604,375,24
2897,605,375,26
2898,606,375,25
2899,607,375,25
2900,608,375,25
2901,609,375,28
2902,610,375,28
2903,611,375,28
2904,612,375,28
2905,613,375,27
2906,614,375,26
2907,615,375,29
2908,616,375,29
2909,617,375,26
2910,618,375,26
2911,619,375,26
2912,620,375,26
2913,621,375,26
2914,622,375,27
2915,623,375,25
2916,624,375,25
2917,625,375,25
2918,626,375,25
2919,627,375,26
2920,628,375,26
2921,629,375,24
2922,630,375,25
2923,631,375,23
2924,632,375,22
2925,633,375,23
2926,634,375,23
2927,635,375,19
2928,636,375,18
2929,637,375,18
2930,638,375,17
2931,639,375,17
2932,640,375,13
2933,641,375,13
2934,642,375,12
2935,643,375,10
2936,644,375,11
2937,645,375,12
2938,646,375,13
2939,647,375,11
2940,648,375,8
2941,579,376,14
2942,580,376,10
2943,581,376,11
2944,582,376,11
2945,583,376,12
2946,584,376,14
2947,585,376,13
2948,586,376,12
2949,587,376,14
2950,588,376,16
2951,589,376,14
2952,590,376,16
2953,591,376,17
2954,592,376,18
2955,593,376,19
2956,594,376,19
2957,595,376,21
2958,596,376,22
2959,597,376,22
2960,598,376,21
2961,599,376,21
2962,600,376,23
2963,601,376,24
2964,602,376,23
2965,603,376,24
2966,604,376,26
2967,605,376,28
2968,606,376,27
2969,607,376,27
2970,608,376,27
2971,609,376,24
2972,610,376,24
2973,611,376,25
2974,612,376,25
2975,613,376,24
2976,614,376,26
2977,615,376,29
2978,616,376,29
2979,617,376,26
2980,618,376,27
2981,619,376,27
2982,620,376,27
2983,621,376,24
2984,622,376,25
2985,623,376,26
2986,624,376,26
2987,625,376,26
2988,626,376,26
2989,627,376,27
2990,628,376,24
2991,629,376,25
2992,630,376,24
2993,631,376,22
2994,632,376,23
2995,633,376,22
2996,634,376,21
2997,635,376,17
2998,636,376,17
2999,637,376,17
3000,638,376,16
3001,639,376,16
3002,640,376,12
3003,641,376,11
3004,642,376,10
3005,643,376,11
3006,644,376,9
3007,645,376,9
3008,646,376,9
3009,647,376,10
3010,648,376,8
3011,579,377,13
3012,580,377,12
3013,581,377,10
3014,582,377,13
3015,583,377,14
3016,584,377,13
3017,585,377,12
3018,586,377,14
3019,587,377,13
3020,588,377,15
3021,589,377,14
3022,590,377,16
3023,591,377,17
3024,592,377,18
3025,593,377,21
3026,594,377,21
3027,595,377,22
3028,596,377,23
3029,597,377,26
3030,598,377,22
3031,599,377,24
3032,600,377,23
3033,601,377,25
3034,602,377,26
3035,603,377,27
3036,604,377,28
3037,605,377,27
3038,606,377,27
3039,607,377,27
3040,608,377,27
3041,609,377,28
3042,610,377,26
3043,611,377,27
3044,612,377,27
3045,613,377,26
3046,614,377,28
3047,615,377,28
3048,616,377,28
3049,617,377,28
3050,618,377,25
3051,619,377,26
3052,620,377,26
3053,621,377,27
3054,622,377,27
3055,623,377,24
3056,624,377,25
3057,625,377,25
3058,626,377,25
3059,627,377,26
3060,628,377,24
3061,629,377,25
3062,630,377,24
3063,631,377,22
3064,632,377,24
3065,633,377,22
3066,634,377,21
3067,635,377,21
3068,636,377,18
3069,637,377,15
3070,638,377,14
3071,639,377,13
3072,640,377,12
3073,641,377,11
3074,642,377,10
3075,643,377,11
3076,644,377,9
3077,645,377,9
3078,646,377,13
3079,647,377,10
3080,648,377,11
3081,579,378,13
3082,580,378,12
3083,581,378,9
3084,582,378,11
3085,583,378,13
3086,584,378,15
3087,585,378,14
3088,586,378,16
3089,587,378,14
3090,588,378,16
3091,589,378,15
3092,590,378,14
3093,591,378,16
3094,592,378,17
3095,593,378,20
3096,594,378,23
3097,595,378,23
3098,596,378,24
3099,597,378,26
3100,598,378,24
3101,599,378,27
3102,600,378,25
3103,601,378,26
3104,602,378,27
3105,603,378,31
3106,604,378,29
3107,605,378,31
3108,606,378,31
3109,607,378,32
3110,608,378,29
3111,609,378,31
3112,610,378,29
3113,611,378,26
3114,612,378,29
3115,613,378,29
3116,614,378,29
3117,615,378,28
3118,616,378,28
3119,617,378,29
3120,618,378,29
3121,619,378,29
3122,620,378,29
3123,621,378,27
3124,622,378,28
3125,623,378,28
3126,624,378,29
3127,625,378,29
3128,626,378,27
3129,627,378,28
3130,628,378,26
3131,629,378,24
3132,630,378,26
3133,631,378,24
3134,632,378,23
3135,633,378,21
3136,634,378,20
3137,635,378,20
3138,636,378,17
3139,637,378,17
3140,638,378,14
3141,639,378,13
3142,640,378,15
3143,641,378,13
3144,642,378,12
3145,643,378,10
3146,644,378,11
3147,645,378,11
3148,646,378,12
3149,647,378,9
3150,648,378,10
3151,579,379,12
3152,580,379,11
3153,581,379,11
3154,582,379,14
3155,583,379,15
3156,584,379,13
3157,585,379,15
3158,586,379,16
3159,587,379,18
3160,588,379,17
3161,589,379,19
3162,590,379,18
3163,591,379,17
3164,592,379,18
3165,593,379,21
3166,594,379,24
3167,595,379,24
3168,596,379,25
3169,597,379,26
3170,598,379,27
3171,599,379,28
3172,600,379,30
3173,601,379,31
3174,602,379,31
3175,603,379,32
3176,604,379,36
3177,605,379,35
3178,606,379,35
3179,607,379,32
3180,608,379,33
3181,609,379,32
3182,610,379,30
3183,611,379,31
3184,612,379,31
3185,613,379,31
3186,614,379,31
3187,615,379,31
3188,616,379,31
3189,617,379,30
3190,618,379,30
3191,619,379,30
3192,620,379,31
3193,621,379,32
3194,622,379,30
3195,623,379,28
3196,624,379,29
3197,625,379,29
3198,626,379,27
3199,627,379,28
3200,628,379,27
3201,629,379,25
3202,630,379,26
3203,631,379,24
3204,632,379,23
3205,633,379,23
3206,634,379,22
3207,635,379,22
3208,636,379,19
3209,637,379,15
3210,638,379,18
3211,639,379,14
3212,640,379,16
3213,641,379,14
3214,642,379,13
3215,643,379,11
3216,644,379,12
3217,645,379,10
3218,646,379,11
3219,647,379,12
3220,648,379,9
3221,579,380,14
3222,580,380,12
3223,581,380,13
3224,582,380,12
3225,583,380,14
3226,584,380,15
3227,585,380,16
3228,586,380,17
3229,587,380,18
3230,588,380,20
3231,589,380,19
3232,590,380,18
3233,591,380,21
3234,592,380,19
3235,593,380,22
3236,594,380,22
3237,595,380,25
3238,596,380,25
3239,597,380,29
3240,598,380,30
3241,599,380,30
3242,600,380,31
3243,601,380,32
3244,602,380,32
3245,603,380,36
3246,604,380,37
3247,605,380,39
3248,606,380,36
3249,607,380,37
3250,608,380,38
3251,609,380,36
3252,610,380,35
3253,611,380,33
3254,612,380,33
3255,613,380,33
3256,614,380,33
3257,615,380,33
3258,616,380,35
3259,617,380,35
3260,618,380,35
3261,619,380,35
3262,620,380,35
3263,621,380,33
3264,622,380,32
3265,623,380,30
3266,624,380,32
3267,625,380,29
3268,626,380,30
3269,627,380,28
3270,628,380,30
3271,629,380,27
3272,630,380,29
3273,631,380,27
3274,632,380,27
3275,633,380,26
3276,634,380,23
3277,635,380,23
3278,636,380,20
3279,637,380,19
3280,638,380,18
3281,639,380,17
3282,640,380,16
3283,641,380,15
3284,642,380,14
3285,643,380,12
3286,644,380,13
3287,645,380,14
3288,646,380,12
3289,647,380,10
3290,648,380,10
3291,579,381,16
3292,580,381,14
3293,581,381,15
3294,582,381,14
3295,583,381,16
3296,584,381,17
3297,585,381,17
3298,586,381,18
3299,587,381,18
3300,588,381,20
3301,589,381,22
3302,590,381,21
3303,591,381,20
3304,592,381,22
3305,593,381,23
3306,594,381,23
3307,595,381,26
3308,596,381,29
3309,597,381,29
3310,598,381,29
3311,599,381,33
3312,600,381,33
3313,601,381,36
3314,602,381,37
3315,603,381,37
3316,604,381,38
3317,605,381,41
3318,606,381,38
3319,607,381,39
3320,608,381,40
3321,609,381,38
3322,610,381,36
3323,611,381,35
3324,612,381,36
3325,613,381,33
3326,614,381,36
3327,615,381,35
3328,616,381,37
3329,617,381,36
3330,618,381,36
3331,619,381,36
3332,620,381,37
3333,621,381,35
3334,622,381,34
3335,623,381,32
3336,624,381,34
3337,625,381,31
3338,626,381,33
3339,627,381,30
3340,628,381,32
3341,629,381,29
3342,630,381,31
3343,631,381,30
3344,632,381,26
3345,633,381,26
3346,634,381,23
3347,635,381,23
3348,636,381,20
3349,637,381,19
3350,638,381,18
3351,639,381,20
3352,640,381,19
3353,641,381,15
3354,642,381,14
3355,643,381,15
3356,644,381,15
3357,645,381,13
3358,646,381,11
3359,647,381,12
3360,648,381,13
3361,579,382,15
3362,580,382,17
3363,581,382,14
3364,582,382,14
3365,583,382,15
3366,584,382,16
3367,585,382,19
3368,586,382,21
3369,587,382,21
3370,588,382,22
3371,589,382,24
3372,590,382,24
3373,591,382,24
3374,592,382,23
3375,593,382,24
3376,594,382,25
3377,595,382,27
3378,596,382,29
3379,597,382,32
3380,598,382,32
3381,599,382,32
3382,600,382,35
3383,601,382,38
3384,602,382,38
3385,603,382,39
3386,604,382,41
3387,605,382,41
3388,606,382,41
3389,607,382,39
3390,608,382,40
3391,609,382,38
3392,610,382,39
3393,611,382,38
3394,612,382,36
3395,613,382,36
3396,614,382,36
3397,615,382,37
3398,616,382,40
3399,617,382,39
3400,618,382,39
3401,619,382,39
3402,620,382,39
3403,621,382,37
3404,622,382,36
3405,623,382,34
3406,624,382,36
3407,625,382,36
3408,626,382,34
3409,627,382,32
3410,628,382,33
3411,629,382,34
3412,630,382,33
3413,631,382,32
3414,632,382,29
3415,633,382,29
3416,634,382,26
3417,635,382,26
3418,636,382,23
3419,637,382,22
3420,638,382,21
3421,639,382,20
3422,640,382,20
3423,641,382,19
3424,642,382,17
3425,643,382,15
3426,644,382,13
3427,645,382,13
3428,646,382,11
3429,647,382,14
3430,648,382,14
3431,579,383,16
3432,580,383,15
3433,581,383,12
3434,582,383,15
3435,583,383,16
3436,584,383,16
3437,585,383,18
3438,586,383,22
3439,587,383,25
3440,588,383,25
3441,589,383,24
3442,590,383,24
3443,591,383,24
3444,592,383,24
3445,593,383,22
3446,594,383,26
3447,595,383,28
3448,596,383,30
3449,597,383,33
3450,598,383,33
3451,599,383,36
3452,600,383,38
3453,601,383,40
3454,602,383,40
3455,603,383,42
3456,604,383,42
3457,605,383,43
3458,606,383,40
3459,607,383,41
3460,608,383,39
3461,609,383,40
3462,610,383,40
3463,611,383,38
3464,612,383,36
3465,613,383,37
3466,614,383,39
3467,615,383,38
3468,616,383,40
3469,617,383,39
3470,618,383,39
3471,619,383,39
3472,620,383,39
3473,621,383,40
3474,622,383,39
3475,623,383,37
3476,624,383,38
3477,625,383,35
3478,626,383,36
3479,627,383,37
3480,628,383,35
3481,629,383,36
3482,630,383,35
3483,631,383,32
3484,632,383,32
3485,633,383,29
3486,634,383,29
3487,635,383,25
3488,636,383,25
3489,637,383,25
3490,638,383,21
3491,639,383,21
3492,640,383,21
3493,641,383,17
3494,642,383,15
3495,643,383,19
3496,644,383,24
3497,645,383,29
3498,646,383,25
3499,647,383,23
3500,648,383,15
3501,579,384,13
3502,580,384,12
3503,581,384,12
3504,582,384,14
3505,583,384,14
3506,584,384,17
3507,585,384,18
3508,586,384,22
3509,587,384,26
3510,588,384,26
3511,589,384,28
3512,590,384,24
3513,591,384,25
3514,592,384,25
3515,593,384,24
3516,594,384,28
3517,595,384,27
3518,596,384,33
3519,597,384,35
3520,598,384,34
3521,599,384,36
3522,600,384,37
3523,601,384,42
3524,602,384,43
3525,603,384,43
3526,604,384,42
3527,605,384,40
3528,606,384,41
3529,607,384,41
3530,608,384,39
3531,609,384,39
3532,610,384,39
3533,611,384,40
3534,612,384,37
3535,613,384,37
3536,614,384,40
3537,615,384,38
3538,616,384,41
3539,617,384,40
3540,618,384,40
3541,619,384,40
3542,620,384,40
3543,621,384,41
3544,622,384,39
3545,623,384,40
3546,624,384,38
3547,625,384,39
3548,626,384,40
3549,627,384,37
3550,628,384,38
3551,629,384,36
3552,630,384,35
3553,631,384,35
3554,632,384,31
3555,633,384,31
3556,634,384,28
3557,635,384,28
3558,636,384,27
3559,637,384,27
3560,638,384,24
3561,639,384,22
3562,640,384,19
3563,641,384,18
3564,642,384,14
3565,643,384,25
3566,644,384,42
3567,645,384,57
3568,646,384,51
3569,647,384,36
3570,648,384,24
3571,579,385,11
3572,580,385,10
3573,581,385,10
3574,582,385,11
3575,583,385,11
3576,584,385,13
3577,585,385,17
3578,586,385,20
3579,587,385,26
3580,588,385,27
3581,589,385,28
3582,590,385,28
3583,591,385,26
3584,592,385,26
3585,593,385,26
3586,594,385,27
3587,595,385,27
3588,596,385,30
3589,597,385,32
3590,598,385,33
3591,599,385,38
3592,600,385,41
3593,601,385,46
3594,602,385,47
3595,603,385,43
3596,604,385,40
3597,605,385,38
3598,606,385,39
3599,607,385,39
3600,608,385,39
3601,609,385,38
3602,610,385,41
3603,611,385,41
3604,612,385,38
3605,613,385,38
3606,614,385,40
3607,615,385,39
3608,616,385,41
3609,617,385,41
3610,618,385,40
3611,619,385,41
3612,620,385,41
3613,621,385,42
3614,622,385,40
3615,623,385,38
3616,624,385,40
3617,625,385,37
3618,626,385,38
3619,627,385,39
3620,628,385,40
3621,629,385,38
3622,630,385,37
3623,631,385,36
3624,632,385,35
3625,633,385,35
3626,634,385,32
3627,635,385,28
3628,636,385,31
3629,637,385,30
3630,638,385,27
3631,639,385,21
3632,640,385,22
3633,641,385,18
3634,642,385,17
3635,643,385,29
3636,644,385,54
3637,645,385,68
3638,646,385,58
3639,647,385,35
3640,648,385,23
3641,579,386,7
3642,580,386,5
3643,581,386,8
3644,582,386,9
3645,583,386,12
3646,584,386,10
3647,585,386,17
3648,586,386,19
3649,587,386,24
3650,588,386,28
3651,589,386,31
3652,590,386,30
3653,591,386,27
3654,592,386,28
3655,593,386,25
3656,594,386,27
3657,595,386,27
3658,596,386,30
3659,597,386,32
3660,598,386,33
3661,599,386,36
3662,600,386,42
3663,601,386,48
3664,602,386,47
3665,603,386,41
3666,604,386,38
3667,605,386,37
3668,606,386,37
3669,607,386,37
3670,608,386,39
3671,609,386,40
3672,610,386,41
3673,611,386,41
3674,612,386,41
3675,613,386,41
3676,614,386,40
3677,615,386,43
3678,616,386,42
3679,617,386,44
3680,618,386,44
3681,619,386,44
3682,620,386,42
3683,621,386,43
3684,622,386,42
3685,623,386,40
3686,624,386,38
3687,625,386,40
3688,626,386,38
3689,627,386,38
3690,628,386,39
3691,629,386,38
3692,630,386,36
3693,631,386,35
3694,632,386,34
3695,633,386,33
3696,634,386,33
3697,635,386,30
3698,636,386,29
3699,637,386,30
3700,638,386,30
3701,639,386,28
3702,640,386,23
3703,641,386,22
3704,642,386,22
3705,643,386,28
3706,644,386,45
3707,645,386,50
3708,646,386,44
3709,647,386,25
3710,648,386,18
