 ,X,Y,Value
1,91,429,0
2,92,429,0
3,93,429,0
4,94,429,0
5,95,429,0
6,96,429,0
7,97,429,0
8,98,429,0
9,99,429,0
10,100,429,0
11,101,429,0
12,102,429,0
13,103,429,0
14,104,429,0
15,105,429,0
16,106,429,0
17,107,429,0
18,108,429,0
19,109,429,0
20,110,429,0
21,111,429,0
22,112,429,0
23,113,429,0
24,114,429,0
25,115,429,0
26,116,429,0
27,117,429,0
28,118,429,0
29,119,429,0
30,120,429,0
31,121,429,0
32,122,429,0
33,123,429,0
34,124,429,2
35,125,429,2
36,126,429,0
37,127,429,0
38,128,429,0
39,129,429,0
40,130,429,1
41,131,429,2
42,132,429,4
43,133,429,3
44,134,429,4
45,135,429,5
46,136,429,3
47,137,429,0
48,138,429,1
49,139,429,0
50,140,429,3
51,141,429,2
52,142,429,4
53,143,429,5
54,144,429,3
55,145,429,1
56,146,429,2
57,147,429,0
58,148,429,0
59,149,429,0
60,150,429,0
61,151,429,0
62,152,429,1
63,153,429,18
64,154,429,32
65,155,429,30
66,156,429,14
67,157,429,3
68,158,429,0
69,159,429,0
70,160,429,0
71,91,430,0
72,92,430,0
73,93,430,0
74,94,430,0
75,95,430,0
76,96,430,0
77,97,430,0
78,98,430,0
79,99,430,0
80,100,430,0
81,101,430,0
82,102,430,0
83,103,430,0
84,104,430,0
85,105,430,0
86,106,430,0
87,107,430,0
88,108,430,0
89,109,430,0
90,110,430,0
91,111,430,0
92,112,430,0
93,113,430,0
94,114,430,0
95,115,430,0
96,116,430,0
97,117,430,0
98,118,430,0
99,119,430,0
100,120,430,0
101,121,430,0
102,122,430,0
103,123,430,0
104,124,430,0
105,125,430,0
106,126,430,0
107,127,430,0
108,128,430,0
109,129,430,2
110,130,430,3
111,131,430,4
112,132,430,6
113,133,430,5
114,134,430,3
115,135,430,1
116,136,430,0
117,137,430,1
118,138,430,2
119,139,430,0
120,140,430,2
121,141,430,0
122,142,430,3
123,143,430,3
124,144,430,1
125,145,430,2
126,146,430,0
127,147,430,0
128,148,430,2
129,149,430,2
130,150,430,1
131,151,430,0
132,152,430,0
133,153,430,6
134,154,430,7
135,155,430,5
136,156,430,1
137,157,430,0
138,158,430,0
139,159,430,0
140,160,430,0
141,91,431,0
142,92,431,0
143,93,431,0
144,94,431,0
145,95,431,0
146,96,431,0
147,97,431,0
148,98,431,0
149,99,431,0
150,100,431,0
151,101,431,0
152,102,431,0
153,103,431,0
154,104,431,0
155,105,431,0
156,106,431,0
157,107,431,2
158,108,431,2
159,109,431,0
160,110,431,0
161,111,431,0
162,112,431,0
163,113,431,0
164,114,431,0
165,115,431,0
166,116,431,0
167,117,431,0
168,118,431,0
169,119,431,0
170,120,431,0
171,121,431,0
172,122,431,0
173,123,431,0
174,124,431,0
175,125,431,0
176,126,431,0
177,127,431,0
178,128,431,0
179,129,431,1
180,130,431,2
181,131,431,3
182,132,431,4
183,133,431,3
184,134,431,5
185,135,431,1
186,136,431,1
187,137,431,2
188,138,431,0
189,139,431,0
190,140,431,0
191,141,431,0
192,142,431,2
193,143,431,2
194,144,431,0
195,145,431,0
196,146,431,0
197,147,431,0
198,148,431,2
199,149,431,1
200,150,431,4
201,151,431,0
202,152,431,0
203,153,431,0
204,154,431,0
205,155,431,0
206,156,431,0
207,157,431,0
208,158,431,0
209,159,431,0
210,160,431,0
211,91,432,2
212,92,432,0
213,93,432,0
214,94,432,0
215,95,432,0
216,96,432,0
217,97,432,0
218,98,432,0
219,99,432,0
220,100,432,0
221,101,432,0
222,102,432,0
223,103,432,0
224,104,432,0
225,105,432,1
226,106,432,4
227,107,432,10
228,108,432,10
229,109,432,4
230,110,432,1
231,111,432,0
232,112,432,0
233,113,432,0
234,114,432,0
235,115,432,0
236,116,432,0
237,117,432,0
238,118,432,0
239,119,432,0
240,120,432,0
241,121,432,0
242,122,432,0
243,123,432,0
244,124,432,0
245,125,432,0
246,126,432,2
247,127,432,2
248,128,432,2
249,129,432,1
250,130,432,2
251,131,432,3
252,132,432,10
253,133,432,8
254,134,432,7
255,135,432,1
256,136,432,1
257,137,432,0
258,138,432,0
259,139,432,0
260,140,432,0
261,141,432,0
262,142,432,0
263,143,432,0
264,144,432,0
265,145,432,0
266,146,432,0
267,147,432,0
268,148,432,2
269,149,432,0
270,150,432,3
271,151,432,3
272,152,432,0
273,153,432,1
274,154,432,0
275,155,432,0
276,156,432,0
277,157,432,0
278,158,432,0
279,159,432,0
280,160,432,0
281,91,433,1
282,92,433,0
283,93,433,0
284,94,433,0
285,95,433,0
286,96,433,0
287,97,433,0
288,98,433,0
289,99,433,0
290,100,433,0
291,101,433,0
292,102,433,0
293,103,433,0
294,104,433,0
295,105,433,0
296,106,433,5
297,107,433,11
298,108,433,11
299,109,433,5
300,110,433,0
301,111,433,0
302,112,433,0
303,113,433,0
304,114,433,0
305,115,433,0
306,116,433,0
307,117,433,0
308,118,433,0
309,119,433,0
310,120,433,0
311,121,433,0
312,122,433,0
313,123,433,2
314,124,433,2
315,125,433,2
316,126,433,1
317,127,433,1
318,128,433,1
319,129,433,1
320,130,433,0
321,131,433,3
322,132,433,6
323,133,433,8
324,134,433,8
325,135,433,2
326,136,433,0
327,137,433,0
328,138,433,0
329,139,433,0
330,140,433,0
331,141,433,0
332,142,433,0
333,143,433,0
334,144,433,0
335,145,433,0
336,146,433,0
337,147,433,0
338,148,433,1
339,149,433,0
340,150,433,2
341,151,433,2
342,152,433,5
343,153,433,3
344,154,433,2
345,155,433,0
346,156,433,0
347,157,433,0
348,158,433,0
349,159,433,0
350,160,433,0
351,91,434,2
352,92,434,0
353,93,434,0
354,94,434,0
355,95,434,0
356,96,434,0
357,97,434,0
358,98,434,0
359,99,434,0
360,100,434,0
361,101,434,0
362,102,434,0
363,103,434,0
364,104,434,0
365,105,434,1
366,106,434,4
367,107,434,8
368,108,434,8
369,109,434,4
370,110,434,1
371,111,434,0
372,112,434,0
373,113,434,0
374,114,434,0
375,115,434,0
376,116,434,0
377,117,434,0
378,118,434,0
379,119,434,0
380,120,434,0
381,121,434,0
382,122,434,0
383,123,434,2
384,124,434,1
385,125,434,1
386,126,434,1
387,127,434,1
388,128,434,1
389,129,434,1
390,130,434,0
391,131,434,2
392,132,434,6
393,133,434,9
394,134,434,4
395,135,434,0
396,136,434,0
397,137,434,0
398,138,434,0
399,139,434,0
400,140,434,0
401,141,434,0
402,142,434,0
403,143,434,0
404,144,434,0
405,145,434,0
406,146,434,0
407,147,434,2
408,148,434,0
409,149,434,2
410,150,434,1
411,151,434,3
412,152,434,3
413,153,434,2
414,154,434,1
415,155,434,0
416,156,434,0
417,157,434,0
418,158,434,0
419,159,434,0
420,160,434,0
421,91,435,0
422,92,435,0
423,93,435,0
424,94,435,0
425,95,435,0
426,96,435,0
427,97,435,0
428,98,435,0
429,99,435,0
430,100,435,0
431,101,435,0
432,102,435,0
433,103,435,0
434,104,435,0
435,105,435,0
436,106,435,0
437,107,435,0
438,108,435,0
439,109,435,0
440,110,435,0
441,111,435,0
442,112,435,0
443,113,435,0
444,114,435,0
445,115,435,0
446,116,435,0
447,117,435,0
448,118,435,0
449,119,435,0
450,120,435,0
451,121,435,0
452,122,435,0
453,123,435,2
454,124,435,1
455,125,435,1
456,126,435,2
457,127,435,2
458,128,435,2
459,129,435,1
460,130,435,1
461,131,435,1
462,132,435,0
463,133,435,0
464,134,435,1
465,135,435,0
466,136,435,0
467,137,435,0
468,138,435,0
469,139,435,0
470,140,435,0
471,141,435,0
472,142,435,0
473,143,435,0
474,144,435,0
475,145,435,0
476,146,435,0
477,147,435,1
478,148,435,2
479,149,435,4
480,150,435,3
481,151,435,5
482,152,435,6
483,153,435,4
484,154,435,0
485,155,435,0
486,156,435,0
487,157,435,0
488,158,435,0
489,159,435,0
490,160,435,0
491,91,436,0
492,92,436,0
493,93,436,0
494,94,436,0
495,95,436,0
496,96,436,2
497,97,436,0
498,98,436,1
499,99,436,0
500,100,436,0
501,101,436,0
502,102,436,0
503,103,436,0
504,104,436,0
505,105,436,0
506,106,436,0
507,107,436,0
508,108,436,0
509,109,436,0
510,110,436,0
511,111,436,0
512,112,436,0
513,113,436,0
514,114,436,0
515,115,436,0
516,116,436,0
517,117,436,0
518,118,436,0
519,119,436,0
520,120,436,0
521,121,436,0
522,122,436,0
523,123,436,0
524,124,436,2
525,125,436,2
526,126,436,0
527,127,436,0
528,128,436,0
529,129,436,2
530,130,436,2
531,131,436,0
532,132,436,0
533,133,436,0
534,134,436,0
535,135,436,0
536,136,436,0
537,137,436,0
538,138,436,0
539,139,436,0
540,140,436,0
541,141,436,0
542,142,436,0
543,143,436,0
544,144,436,0
545,145,436,0
546,146,436,0
547,147,436,0
548,148,436,4
549,149,436,5
550,150,436,3
551,151,436,3
552,152,436,3
553,153,436,2
554,154,436,1
555,155,436,0
556,156,436,2
557,157,436,0
558,158,436,0
559,159,436,0
560,160,436,0
561,91,437,0
562,92,437,0
563,93,437,0
564,94,437,0
565,95,437,7
566,96,437,7
567,97,437,8
568,98,437,2
569,99,437,0
570,100,437,0
571,101,437,0
572,102,437,0
573,103,437,0
574,104,437,2
575,105,437,2
576,106,437,0
577,107,437,0
578,108,437,0
579,109,437,0
580,110,437,0
581,111,437,0
582,112,437,0
583,113,437,0
584,114,437,0
585,115,437,0
586,116,437,0
587,117,437,0
588,118,437,0
589,119,437,0
590,120,437,0
591,121,437,0
592,122,437,0
593,123,437,0
594,124,437,0
595,125,437,0
596,126,437,0
597,127,437,0
598,128,437,0
599,129,437,0
600,130,437,0
601,131,437,0
602,132,437,0
603,133,437,0
604,134,437,0
605,135,437,0
606,136,437,0
607,137,437,0
608,138,437,0
609,139,437,2
610,140,437,2
611,141,437,1
612,142,437,0
613,143,437,0
614,144,437,0
615,145,437,0
616,146,437,0
617,147,437,2
618,148,437,5
619,149,437,5
620,150,437,7
621,151,437,6
622,152,437,7
623,153,437,5
624,154,437,5
625,155,437,1
626,156,437,0
627,157,437,0
628,158,437,0
629,159,437,0
630,160,437,0
631,91,438,0
632,92,438,0
633,93,438,0
634,94,438,0
635,95,438,8
636,96,438,11
637,97,438,9
638,98,438,4
639,99,438,0
640,100,438,0
641,101,438,0
642,102,438,0
643,103,438,2
644,104,438,4
645,105,438,4
646,106,438,1
647,107,438,0
648,108,438,0
649,109,438,0
650,110,438,0
651,111,438,0
652,112,438,0
653,113,438,0
654,114,438,0
655,115,438,0
656,116,438,0
657,117,438,0
658,118,438,0
659,119,438,0
660,120,438,0
661,121,438,0
662,122,438,0
663,123,438,0
664,124,438,0
665,125,438,0
666,126,438,0
667,127,438,0
668,128,438,0
669,129,438,0
670,130,438,0
671,131,438,0
672,132,438,0
673,133,438,0
674,134,438,0
675,135,438,0
676,136,438,1
677,137,438,2
678,138,438,5
679,139,438,6
680,140,438,7
681,141,438,0
682,142,438,0
683,143,438,0
684,144,438,0
685,145,438,0
686,146,438,0
687,147,438,2
688,148,438,5
689,149,438,7
690,150,438,8
691,151,438,8
692,152,438,5
693,153,438,7
694,154,438,7
695,155,438,5
696,156,438,2
697,157,438,1
698,158,438,0
699,159,438,0
700,160,438,0
701,91,439,0
702,92,439,0
703,93,439,0
704,94,439,0
705,95,439,6
706,96,439,10
707,97,439,8
708,98,439,2
709,99,439,0
710,100,439,0
711,101,439,0
712,102,439,0
713,103,439,1
714,104,439,3
715,105,439,3
716,106,439,1
717,107,439,2
718,108,439,2
719,109,439,0
720,110,439,0
721,111,439,0
722,112,439,0
723,113,439,0
724,114,439,0
725,115,439,0
726,116,439,0
727,117,439,0
728,118,439,0
729,119,439,0
730,120,439,0
731,121,439,0
732,122,439,0
733,123,439,0
734,124,439,0
735,125,439,0
736,126,439,0
737,127,439,0
738,128,439,0
739,129,439,0
740,130,439,0
741,131,439,0
742,132,439,0
743,133,439,0
744,134,439,1
745,135,439,0
746,136,439,1
747,137,439,1
748,138,439,7
749,139,439,11
750,140,439,12
751,141,439,5
752,142,439,0
753,143,439,2
754,144,439,2
755,145,439,1
756,146,439,2
757,147,439,4
758,148,439,6
759,149,439,7
760,150,439,9
761,151,439,8
762,152,439,10
763,153,439,8
764,154,439,7
765,155,439,5
766,156,439,2
767,157,439,2
768,158,439,1
769,159,439,0
770,160,439,0
771,91,440,0
772,92,440,0
773,93,440,0
774,94,440,0
775,95,440,0
776,96,440,2
777,97,440,2
778,98,440,1
779,99,440,0
780,100,440,0
781,101,440,0
782,102,440,1
783,103,440,0
784,104,440,2
785,105,440,2
786,106,440,0
787,107,440,0
788,108,440,1
789,109,440,2
790,110,440,0
791,111,440,0
792,112,440,0
793,113,440,0
794,114,440,0
795,115,440,0
796,116,440,0
797,117,440,0
798,118,440,0
799,119,440,0
800,120,440,0
801,121,440,0
802,122,440,0
803,123,440,0
804,124,440,0
805,125,440,0
806,126,440,0
807,127,440,0
808,128,440,0
809,129,440,0
810,130,440,0
811,131,440,0
812,132,440,0
813,133,440,1
814,134,440,2
815,135,440,3
816,136,440,4
817,137,440,4
818,138,440,10
819,139,440,11
820,140,440,11
821,141,440,7
822,142,440,4
823,143,440,2
824,144,440,2
825,145,440,4
826,146,440,5
827,147,440,7
828,148,440,7
829,149,440,12
830,150,440,18
831,151,440,22
832,152,440,18
833,153,440,11
834,154,440,7
835,155,440,6
836,156,440,3
837,157,440,3
838,158,440,0
839,159,440,1
840,160,440,0
841,91,441,0
842,92,441,0
843,93,441,0
844,94,441,0
845,95,441,0
846,96,441,0
847,97,441,0
848,98,441,0
849,99,441,0
850,100,441,1
851,101,441,0
852,102,441,2
853,103,441,1
854,104,441,4
855,105,441,1
856,106,441,2
857,107,441,2
858,108,441,3
859,109,441,0
860,110,441,1
861,111,441,0
862,112,441,0
863,113,441,0
864,114,441,0
865,115,441,0
866,116,441,0
867,117,441,0
868,118,441,0
869,119,441,0
870,120,441,0
871,121,441,0
872,122,441,2
873,123,441,0
874,124,441,0
875,125,441,0
876,126,441,0
877,127,441,0
878,128,441,0
879,129,441,0
880,130,441,0
881,131,441,0
882,132,441,1
883,133,441,1
884,134,441,5
885,135,441,5
886,136,441,5
887,137,441,6
888,138,441,7
889,139,441,8
890,140,441,11
891,141,441,9
892,142,441,7
893,143,441,9
894,144,441,8
895,145,441,7
896,146,441,9
897,147,441,9
898,148,441,8
899,149,441,16
900,150,441,31
901,151,441,41
902,152,441,32
903,153,441,14
904,154,441,6
905,155,441,6
906,156,441,7
907,157,441,3
908,158,441,3
909,159,441,2
910,160,441,0
911,91,442,0
912,92,442,0
913,93,442,0
914,94,442,0
915,95,442,0
916,96,442,0
917,97,442,2
918,98,442,0
919,99,442,1
920,100,442,1
921,101,442,0
922,102,442,5
923,103,442,4
924,104,442,7
925,105,442,4
926,106,442,2
927,107,442,3
928,108,442,3
929,109,442,1
930,110,442,2
931,111,442,0
932,112,442,1
933,113,442,1
934,114,442,0
935,115,442,0
936,116,442,0
937,117,442,0
938,118,442,0
939,119,442,1
940,120,442,1
941,121,442,0
942,122,442,3
943,123,442,0
944,124,442,1
945,125,442,0
946,126,442,0
947,127,442,0
948,128,442,0
949,129,442,0
950,130,442,0
951,131,442,0
952,132,442,1
953,133,442,0
954,134,442,6
955,135,442,9
956,136,442,9
957,137,442,10
958,138,442,11
959,139,442,10
960,140,442,12
961,141,442,12
962,142,442,10
963,143,442,10
964,144,442,10
965,145,442,11
966,146,442,11
967,147,442,14
968,148,442,25
969,149,442,36
970,150,442,42
971,151,442,40
972,152,442,28
973,153,442,13
974,154,442,9
975,155,442,8
976,156,442,5
977,157,442,5
978,158,442,4
979,159,442,3
980,160,442,2
981,91,443,2
982,92,443,2
983,93,443,0
984,94,443,0
985,95,443,1
986,96,443,5
987,97,443,7
988,98,443,4
989,99,443,3
990,100,443,2
991,101,443,5
992,102,443,7
993,103,443,6
994,104,443,6
995,105,443,7
996,106,443,4
997,107,443,5
998,108,443,3
999,109,443,4
1000,110,443,5
1001,111,443,2
1002,112,443,3
1003,113,443,1
1004,114,443,1
1005,115,443,1
1006,116,443,1
1007,117,443,1
1008,118,443,1
1009,119,443,0
1010,120,443,0
1011,121,443,2
1012,122,443,4
1013,123,443,1
1014,124,443,0
1015,125,443,0
1016,126,443,0
1017,127,443,0
1018,128,443,0
1019,129,443,0
1020,130,443,0
1021,131,443,0
1022,132,443,1
1023,133,443,6
1024,134,443,8
1025,135,443,10
1026,136,443,10
1027,137,443,11
1028,138,443,12
1029,139,443,14
1030,140,443,13
1031,141,443,13
1032,142,443,13
1033,143,443,13
1034,144,443,13
1035,145,443,14
1036,146,443,12
1037,147,443,26
1038,148,443,60
1039,149,443,84
1040,150,443,72
1041,151,443,40
1042,152,443,17
1043,153,443,14
1044,154,443,9
1045,155,443,10
1046,156,443,7
1047,157,443,7
1048,158,443,7
1049,159,443,6
1050,160,443,4
1051,91,444,2
1052,92,444,4
1053,93,444,2
1054,94,444,2
1055,95,444,16
1056,96,444,30
1057,97,444,32
1058,98,444,20
1059,99,444,10
1060,100,444,5
1061,101,444,6
1062,102,444,6
1063,103,444,8
1064,104,444,8
1065,105,444,8
1066,106,444,5
1067,107,444,6
1068,108,444,7
1069,109,444,4
1070,110,444,5
1071,111,444,6
1072,112,444,4
1073,113,444,4
1074,114,444,4
1075,115,444,4
1076,116,444,4
1077,117,444,3
1078,118,444,2
1079,119,444,5
1080,120,444,4
1081,121,444,6
1082,122,444,6
1083,123,444,6
1084,124,444,7
1085,125,444,5
1086,126,444,5
1087,127,444,2
1088,128,444,2
1089,129,444,4
1090,130,444,3
1091,131,444,4
1092,132,444,6
1093,133,444,11
1094,134,444,12
1095,135,444,14
1096,136,444,17
1097,137,444,17
1098,138,444,17
1099,139,444,18
1100,140,444,19
1101,141,444,19
1102,142,444,16
1103,143,444,17
1104,144,444,20
1105,145,444,18
1106,146,444,16
1107,147,444,30
1108,148,444,57
1109,149,444,74
1110,150,444,57
1111,151,444,26
1112,152,444,9
1113,153,444,14
1114,154,444,16
1115,155,444,16
1116,156,444,14
1117,157,444,11
1118,158,444,10
1119,159,444,10
1120,160,444,8
1121,91,445,5
1122,92,445,6
1123,93,445,7
1124,94,445,10
1125,95,445,22
1126,96,445,34
1127,97,445,35
1128,98,445,22
1129,99,445,11
1130,100,445,8
1131,101,445,10
1132,102,445,10
1133,103,445,9
1134,104,445,8
1135,105,445,11
1136,106,445,10
1137,107,445,11
1138,108,445,8
1139,109,445,9
1140,110,445,10
1141,111,445,7
1142,112,445,7
1143,113,445,7
1144,114,445,7
1145,115,445,6
1146,116,445,7
1147,117,445,8
1148,118,445,6
1149,119,445,9
1150,120,445,9
1151,121,445,9
1152,122,445,12
1153,123,445,12
1154,124,445,9
1155,125,445,9
1156,126,445,8
1157,127,445,11
1158,128,445,10
1159,129,445,9
1160,130,445,11
1161,131,445,11
1162,132,445,13
1163,133,445,18
1164,134,445,19
1165,135,445,21
1166,136,445,22
1167,137,445,23
1168,138,445,23
1169,139,445,23
1170,140,445,26
1171,141,445,27
1172,142,445,27
1173,143,445,26
1174,144,445,26
1175,145,445,24
1176,146,445,25
1177,147,445,33
1178,148,445,51
1179,149,445,64
1180,150,445,51
1181,151,445,32
1182,152,445,20
1183,153,445,21
1184,154,445,24
1185,155,445,21
1186,156,445,19
1187,157,445,17
1188,158,445,17
1189,159,445,14
1190,160,445,14
1191,91,446,17
1192,92,446,14
1193,93,446,14
1194,94,446,15
1195,95,446,28
1196,96,446,35
1197,97,446,31
1198,98,446,21
1199,99,446,14
1200,100,446,12
1201,101,446,10
1202,102,446,10
1203,103,446,12
1204,104,446,10
1205,105,446,11
1206,106,446,12
1207,107,446,13
1208,108,446,11
1209,109,446,13
1210,110,446,13
1211,111,446,13
1212,112,446,13
1213,113,446,12
1214,114,446,15
1215,115,446,11
1216,116,446,15
1217,117,446,17
1218,118,446,20
1219,119,446,18
1220,120,446,16
1221,121,446,15
1222,122,446,19
1223,123,446,18
1224,124,446,17
1225,125,446,19
1226,126,446,20
1227,127,446,21
1228,128,446,22
1229,129,446,20
1230,130,446,21
1231,131,446,23
1232,132,446,25
1233,133,446,26
1234,134,446,27
1235,135,446,31
1236,136,446,31
1237,137,446,35
1238,138,446,42
1239,139,446,57
1240,140,446,61
1241,141,446,53
1242,142,446,43
1243,143,446,40
1244,144,446,44
1245,145,446,43
1246,146,446,44
1247,147,446,39
1248,148,446,36
1249,149,446,33
1250,150,446,33
1251,151,446,38
1252,152,446,39
1253,153,446,41
1254,154,446,38
1255,155,446,36
1256,156,446,35
1257,157,446,33
1258,158,446,33
1259,159,446,29
1260,160,446,28
1261,91,447,40
1262,92,447,23
1263,93,447,16
1264,94,447,18
1265,95,447,19
1266,96,447,15
1267,97,447,14
1268,98,447,14
1269,99,447,13
1270,100,447,15
1271,101,447,15
1272,102,447,17
1273,103,447,18
1274,104,447,19
1275,105,447,23
1276,106,447,23
1277,107,447,21
1278,108,447,19
1279,109,447,19
1280,110,447,16
1281,111,447,18
1282,112,447,20
1283,113,447,18
1284,114,447,19
1285,115,447,20
1286,116,447,29
1287,117,447,46
1288,118,447,53
1289,119,447,43
1290,120,447,28
1291,121,447,22
1292,122,447,25
1293,123,447,25
1294,124,447,26
1295,125,447,26
1296,126,447,29
1297,127,447,31
1298,128,447,34
1299,129,447,33
1300,130,447,36
1301,131,447,37
1302,132,447,38
1303,133,447,42
1304,134,447,45
1305,135,447,47
1306,136,447,49
1307,137,447,53
1308,138,447,68
1309,139,447,86
1310,140,447,88
1311,141,447,81
1312,142,447,68
1313,143,447,65
1314,144,447,69
1315,145,447,68
1316,146,447,67
1317,147,447,66
1318,148,447,68
1319,149,447,70
1320,150,447,68
1321,151,447,67
1322,152,447,65
1323,153,447,63
1324,154,447,63
1325,155,447,63
1326,156,447,60
1327,157,447,58
1328,158,447,54
1329,159,447,51
1330,160,447,45
1331,91,448,39
1332,92,448,87
1333,93,448,143
1334,94,448,164
1335,95,448,99
1336,96,448,38
1337,97,448,17
1338,98,448,23
1339,99,448,24
1340,100,448,24
1341,101,448,22
1342,102,448,23
1343,103,448,25
1344,104,448,29
1345,105,448,43
1346,106,448,51
1347,107,448,43
1348,108,448,33
1349,109,448,28
1350,110,448,29
1351,111,448,30
1352,112,448,33
1353,113,448,33
1354,114,448,32
1355,115,448,34
1356,116,448,43
1357,117,448,58
1358,118,448,67
1359,119,448,57
1360,120,448,47
1361,121,448,44
1362,122,448,48
1363,123,448,52
1364,124,448,54
1365,125,448,56
1366,126,448,57
1367,127,448,60
1368,128,448,63
1369,129,448,66
1370,130,448,66
1371,131,448,70
1372,132,448,73
1373,133,448,74
1374,134,448,81
1375,135,448,85
1376,136,448,84
1377,137,448,90
1378,138,448,104
1379,139,448,122
1380,140,448,130
1381,141,448,122
1382,142,448,111
1383,143,448,113
1384,144,448,117
1385,145,448,117
1386,146,448,117
1387,147,448,118
1388,148,448,122
1389,149,448,120
1390,150,448,120
1391,151,448,120
1392,152,448,118
1393,153,448,116
1394,154,448,109
1395,155,448,106
1396,156,448,101
1397,157,448,97
1398,158,448,92
1399,159,448,86
1400,160,448,81
1401,91,449,31
1402,92,449,82
1403,93,449,140
1404,94,449,159
1405,95,449,95
1406,96,449,40
1407,97,449,29
1408,98,449,36
1409,99,449,37
1410,100,449,37
1411,101,449,41
1412,102,449,40
1413,103,449,41
1414,104,449,48
1415,105,449,59
1416,106,449,66
1417,107,449,61
1418,108,449,50
1419,109,449,47
1420,110,449,46
1421,111,449,51
1422,112,449,52
1423,113,449,57
1424,114,449,58
1425,115,449,59
1426,116,449,67
1427,117,449,81
1428,118,449,87
1429,119,449,82
1430,120,449,73
1431,121,449,73
1432,122,449,79
1433,123,449,83
1434,124,449,86
1435,125,449,88
1436,126,449,91
1437,127,449,96
1438,128,449,102
1439,129,449,109
1440,130,449,114
1441,131,449,116
1442,132,449,119
1443,133,449,125
1444,134,449,133
1445,135,449,138
1446,136,449,144
1447,137,449,151
1448,138,449,159
1449,139,449,170
1450,140,449,180
1451,141,449,187
1452,142,449,190
1453,143,449,196
1454,144,449,191
1455,145,449,186
1456,146,449,186
1457,147,449,189
1458,148,449,195
1459,149,449,196
1460,150,449,196
1461,151,449,195
1462,152,449,191
1463,153,449,184
1464,154,449,175
1465,155,449,169
1466,156,449,158
1467,157,449,150
1468,158,449,139
1469,159,449,129
1470,160,449,113
1471,91,450,24
1472,92,450,85
1473,93,450,148
1474,94,450,168
1475,95,450,109
1476,96,450,58
1477,97,450,50
1478,98,450,59
1479,99,450,63
1480,100,450,67
1481,101,450,69
1482,102,450,70
1483,103,450,70
1484,104,450,75
1485,105,450,86
1486,106,450,90
1487,107,450,89
1488,108,450,83
1489,109,450,82
1490,110,450,87
1491,111,450,90
1492,112,450,96
1493,113,450,99
1494,114,450,102
1495,115,450,103
1496,116,450,107
1497,117,450,107
1498,118,450,109
1499,119,450,113
1500,120,450,121
1501,121,450,129
1502,122,450,137
1503,123,450,147
1504,124,450,149
1505,125,450,150
1506,126,450,150
1507,127,450,158
1508,128,450,167
1509,129,450,173
1510,130,450,177
1511,131,450,181
1512,132,450,191
1513,133,450,199
1514,134,450,207
1515,135,450,213
1516,136,450,217
1517,137,450,220
1518,138,450,224
1519,139,450,226
1520,140,450,232
1521,141,450,240
1522,142,450,244
1523,143,450,249
1524,144,450,244
1525,145,450,241
1526,146,450,241
1527,147,450,244
1528,148,450,250
1529,149,450,251
1530,150,450,251
1531,151,450,250
1532,152,450,246
1533,153,450,241
1534,154,450,234
1535,155,450,230
1536,156,450,220
1537,157,450,205
1538,158,450,190
1539,159,450,175
1540,160,450,153
1541,91,451,43
1542,92,451,45
1543,93,451,48
1544,94,451,53
1545,95,451,64
1546,96,451,80
1547,97,451,96
1548,98,451,103
1549,99,451,106
1550,100,451,108
1551,101,451,114
1552,102,451,117
1553,103,451,121
1554,104,451,122
1555,105,451,120
1556,106,451,121
1557,107,451,124
1558,108,451,129
1559,109,451,132
1560,110,451,140
1561,111,451,144
1562,112,451,146
1563,113,451,151
1564,114,451,154
1565,115,451,159
1566,116,451,165
1567,117,451,170
1568,118,451,173
1569,119,451,179
1570,120,451,183
1571,121,451,189
1572,122,451,201
1573,123,451,207
1574,124,451,210
1575,125,451,212
1576,126,451,213
1577,127,451,216
1578,128,451,224
1579,129,451,229
1580,130,451,232
1581,131,451,234
1582,132,451,239
1583,133,451,246
1584,134,451,250
1585,135,451,253
1586,136,451,255
1587,137,451,255
1588,138,451,255
1589,139,451,255
1590,140,451,255
1591,141,451,255
1592,142,451,255
1593,143,451,255
1594,144,451,255
1595,145,451,255
1596,146,451,255
1597,147,451,255
1598,148,451,255
1599,149,451,255
1600,150,451,255
1601,151,451,255
1602,152,451,255
1603,153,451,255
1604,154,451,255
1605,155,451,255
1606,156,451,255
1607,157,451,249
1608,158,451,232
1609,159,451,209
1610,160,451,181
1611,91,452,81
1612,92,452,86
1613,93,452,95
1614,94,452,104
1615,95,452,119
1616,96,452,132
1617,97,452,146
1618,98,452,156
1619,99,452,162
1620,100,452,166
1621,101,452,168
1622,102,452,174
1623,103,452,179
1624,104,452,179
1625,105,452,176
1626,106,452,179
1627,107,452,182
1628,108,452,187
1629,109,452,195
1630,110,452,202
1631,111,452,206
1632,112,452,214
1633,113,452,217
1634,114,452,221
1635,115,452,224
1636,116,452,228
1637,117,452,229
1638,118,452,232
1639,119,452,236
1640,120,452,240
1641,121,452,242
1642,122,452,247
1643,123,452,253
1644,124,452,254
1645,125,452,254
1646,126,452,254
1647,127,452,255
1648,128,452,255
1649,129,452,255
1650,130,452,255
1651,131,452,255
1652,132,452,255
1653,133,452,255
1654,134,452,255
1655,135,452,255
1656,136,452,255
1657,137,452,255
1658,138,452,255
1659,139,452,255
1660,140,452,255
1661,141,452,255
1662,142,452,255
1663,143,452,255
1664,144,452,255
1665,145,452,255
1666,146,452,255
1667,147,452,255
1668,148,452,255
1669,149,452,255
1670,150,452,255
1671,151,452,255
1672,152,452,255
1673,153,452,255
1674,154,452,255
1675,155,452,255
1676,156,452,255
1677,157,452,255
1678,158,452,255
1679,159,452,238
1680,160,452,210
1681,91,453,110
1682,92,453,126
1683,93,453,141
1684,94,453,158
1685,95,453,170
1686,96,453,183
1687,97,453,194
1688,98,453,207
1689,99,453,214
1690,100,453,219
1691,101,453,222
1692,102,453,223
1693,103,453,227
1694,104,453,225
1695,105,453,227
1696,106,453,226
1697,107,453,232
1698,108,453,237
1699,109,453,238
1700,110,453,244
1701,111,453,247
1702,112,453,250
1703,113,453,251
1704,114,453,254
1705,115,453,254
1706,116,453,254
1707,117,453,255
1708,118,453,255
1709,119,453,255
1710,120,453,255
1711,121,453,255
1712,122,453,255
1713,123,453,255
1714,124,453,255
1715,125,453,255
1716,126,453,255
1717,127,453,255
1718,128,453,255
1719,129,453,255
1720,130,453,255
1721,131,453,255
1722,132,453,255
1723,133,453,255
1724,134,453,255
1725,135,453,255
1726,136,453,255
1727,137,453,255
1728,138,453,255
1729,139,453,255
1730,140,453,255
1731,141,453,255
1732,142,453,255
1733,143,453,255
1734,144,453,255
1735,145,453,255
1736,146,453,255
1737,147,453,255
1738,148,453,255
1739,149,453,255
1740,150,453,255
1741,151,453,255
1742,152,453,255
1743,153,453,255
1744,154,453,255
1745,155,453,255
1746,156,453,255
1747,157,453,255
1748,158,453,253
1749,159,453,235
1750,160,453,206
1751,91,454,142
1752,92,454,156
1753,93,454,177
1754,94,454,198
1755,95,454,210
1756,96,454,218
1757,97,454,223
1758,98,454,235
1759,99,454,246
1760,100,454,252
1761,101,454,253
1762,102,454,251
1763,103,454,254
1764,104,454,250
1765,105,454,250
1766,106,454,252
1767,107,454,255
1768,108,454,255
1769,109,454,255
1770,110,454,255
1771,111,454,255
1772,112,454,255
1773,113,454,255
1774,114,454,255
1775,115,454,255
1776,116,454,255
1777,117,454,255
1778,118,454,255
1779,119,454,255
1780,120,454,255
1781,121,454,255
1782,122,454,255
1783,123,454,255
1784,124,454,255
1785,125,454,255
1786,126,454,255
1787,127,454,255
1788,128,454,255
1789,129,454,255
1790,130,454,255
1791,131,454,255
1792,132,454,255
1793,133,454,255
1794,134,454,255
1795,135,454,255
1796,136,454,255
1797,137,454,255
1798,138,454,255
1799,139,454,255
1800,140,454,255
1801,141,454,255
1802,142,454,255
1803,143,454,255
1804,144,454,255
1805,145,454,255
1806,146,454,255
1807,147,454,255
1808,148,454,255
1809,149,454,255
1810,150,454,255
1811,151,454,255
1812,152,454,255
1813,153,454,255
1814,154,454,255
1815,155,454,255
1816,156,454,254
1817,157,454,243
1818,158,454,226
1819,159,454,204
1820,160,454,181
1821,91,455,163
1822,92,455,176
1823,93,455,193
1824,94,455,213
1825,95,455,224
1826,96,455,227
1827,97,455,233
1828,98,455,248
1829,99,455,255
1830,100,455,255
1831,101,455,255
1832,102,455,255
1833,103,455,255
1834,104,455,255
1835,105,455,255
1836,106,455,255
1837,107,455,255
1838,108,455,255
1839,109,455,255
1840,110,455,255
1841,111,455,255
1842,112,455,255
1843,113,455,255
1844,114,455,255
1845,115,455,255
1846,116,455,255
1847,117,455,255
1848,118,455,255
1849,119,455,255
1850,120,455,255
1851,121,455,255
1852,122,455,255
1853,123,455,255
1854,124,455,255
1855,125,455,255
1856,126,455,255
1857,127,455,255
1858,128,455,255
1859,129,455,255
1860,130,455,255
1861,131,455,255
1862,132,455,255
1863,133,455,255
1864,134,455,255
1865,135,455,255
1866,136,455,255
1867,137,455,255
1868,138,455,255
1869,139,455,255
1870,140,455,255
1871,141,455,255
1872,142,455,255
1873,143,455,255
1874,144,455,255
1875,145,455,255
1876,146,455,255
1877,147,455,255
1878,148,455,255
1879,149,455,255
1880,150,455,250
1881,151,455,248
1882,152,455,246
1883,153,455,249
1884,154,455,244
1885,155,455,234
1886,156,455,216
1887,157,455,200
1888,158,455,178
1889,159,455,160
1890,160,455,140
1891,91,456,167
1892,92,456,175
1893,93,456,188
1894,94,456,201
1895,95,456,211
1896,96,456,216
1897,97,456,223
1898,98,456,238
1899,99,456,250
1900,100,456,251
1901,101,456,248
1902,102,456,242
1903,103,456,242
1904,104,456,240
1905,105,456,238
1906,106,456,238
1907,107,456,242
1908,108,456,248
1909,109,456,251
1910,110,456,252
1911,111,456,253
1912,112,456,253
1913,113,456,255
1914,114,456,255
1915,115,456,255
1916,116,456,255
1917,117,456,255
1918,118,456,255
1919,119,456,255
1920,120,456,255
1921,121,456,254
1922,122,456,253
1923,123,456,254
1924,124,456,255
1925,125,456,255
1926,126,456,255
1927,127,456,255
1928,128,456,255
1929,129,456,254
1930,130,456,253
1931,131,456,254
1932,132,456,254
1933,133,456,255
1934,134,456,255
1935,135,456,255
1936,136,456,254
1937,137,456,252
1938,138,456,251
1939,139,456,244
1940,140,456,243
1941,141,456,243
1942,142,456,240
1943,143,456,238
1944,144,456,234
1945,145,456,237
1946,146,456,236
1947,147,456,235
1948,148,456,229
1949,149,456,226
1950,150,456,216
1951,151,456,208
1952,152,456,205
1953,153,456,202
1954,154,456,196
1955,155,456,177
1956,156,456,161
1957,157,456,144
1958,158,456,131
1959,159,456,117
1960,160,456,100
1961,91,457,155
1962,92,457,159
1963,93,457,167
1964,94,457,174
1965,95,457,179
1966,96,457,184
1967,97,457,193
1968,98,457,206
1969,99,457,220
1970,100,457,223
1971,101,457,218
1972,102,457,209
1973,103,457,209
1974,104,457,207
1975,105,457,207
1976,106,457,208
1977,107,457,210
1978,108,457,217
1979,109,457,222
1980,110,457,226
1981,111,457,228
1982,112,457,228
1983,113,457,233
1984,114,457,237
1985,115,457,239
1986,116,457,240
1987,117,457,240
1988,118,457,241
1989,119,457,237
1990,120,457,236
1991,121,457,232
1992,122,457,226
1993,123,457,227
1994,124,457,229
1995,125,457,231
1996,126,457,231
1997,127,457,231
1998,128,457,228
1999,129,457,226
2000,130,457,224
2001,131,457,220
2002,132,457,222
2003,133,457,223
2004,134,457,225
2005,135,457,220
2006,136,457,217
2007,137,457,211
2008,138,457,209
2009,139,457,202
2010,140,457,197
2011,141,457,192
2012,142,457,193
2013,143,457,187
2014,144,457,184
2015,145,457,184
2016,146,457,182
2017,147,457,179
2018,148,457,171
2019,149,457,163
2020,150,457,154
2021,151,457,141
2022,152,457,134
2023,153,457,130
2024,154,457,124
2025,155,457,115
2026,156,457,106
2027,157,457,96
2028,158,457,84
2029,159,457,76
2030,160,457,66
2031,91,458,126
2032,92,458,129
2033,93,458,134
2034,94,458,136
2035,95,458,140
2036,96,458,141
2037,97,458,150
2038,98,458,160
2039,99,458,170
2040,100,458,172
2041,101,458,167
2042,102,458,164
2043,103,458,163
2044,104,458,164
2045,105,458,166
2046,106,458,165
2047,107,458,165
2048,108,458,165
2049,109,458,171
2050,110,458,178
2051,111,458,176
2052,112,458,179
2053,113,458,181
2054,114,458,186
2055,115,458,192
2056,116,458,193
2057,117,458,193
2058,118,458,194
2059,119,458,191
2060,120,458,186
2061,121,458,181
2062,122,458,175
2063,123,458,177
2064,124,458,177
2065,125,458,181
2066,126,458,180
2067,127,458,177
2068,128,458,172
2069,129,458,170
2070,130,458,165
2071,131,458,160
2072,132,458,161
2073,133,458,157
2074,134,458,158
2075,135,458,154
2076,136,458,146
2077,137,458,141
2078,138,458,137
2079,139,458,130
2080,140,458,122
2081,141,458,119
2082,142,458,120
2083,143,458,120
2084,144,458,120
2085,145,458,117
2086,146,458,115
2087,147,458,111
2088,148,458,106
2089,149,458,103
2090,150,458,99
2091,151,458,92
2092,152,458,85
2093,153,458,79
2094,154,458,72
2095,155,458,68
2096,156,458,62
2097,157,458,58
2098,158,458,49
2099,159,458,41
2100,160,458,35
2101,91,459,95
2102,92,459,97
2103,93,459,98
2104,94,459,98
2105,95,459,96
2106,96,459,101
2107,97,459,107
2108,98,459,115
2109,99,459,117
2110,100,459,117
2111,101,459,115
2112,102,459,114
2113,103,459,112
2114,104,459,116
2115,105,459,114
2116,106,459,116
2117,107,459,117
2118,108,459,116
2119,109,459,123
2120,110,459,127
2121,111,459,127
2122,112,459,128
2123,113,459,128
2124,114,459,131
2125,115,459,132
2126,116,459,131
2127,117,459,130
2128,118,459,132
2129,119,459,128
2130,120,459,128
2131,121,459,125
2132,122,459,128
2133,123,459,126
2134,124,459,125
2135,125,459,121
2136,126,459,118
2137,127,459,116
2138,128,459,114
2139,129,459,114
2140,130,459,115
2141,131,459,107
2142,132,459,103
2143,133,459,101
2144,134,459,99
2145,135,459,95
2146,136,459,90
2147,137,459,88
2148,138,459,83
2149,139,459,82
2150,140,459,76
2151,141,459,75
2152,142,459,72
2153,143,459,71
2154,144,459,70
2155,145,459,70
2156,146,459,67
2157,147,459,65
2158,148,459,64
2159,149,459,61
2160,150,459,59
2161,151,459,53
2162,152,459,50
2163,153,459,41
2164,154,459,37
2165,155,459,45
2166,156,459,52
2167,157,459,46
2168,158,459,33
2169,159,459,22
2170,160,459,14
2171,91,460,69
2172,92,460,68
2173,93,460,65
2174,94,460,62
2175,95,460,63
2176,96,460,68
2177,97,460,70
2178,98,460,74
2179,99,460,76
2180,100,460,75
2181,101,460,73
2182,102,460,75
2183,103,460,72
2184,104,460,72
2185,105,460,74
2186,106,460,76
2187,107,460,73
2188,108,460,76
2189,109,460,78
2190,110,460,81
2191,111,460,82
2192,112,460,81
2193,113,460,80
2194,114,460,82
2195,115,460,81
2196,116,460,81
2197,117,460,81
2198,118,460,82
2199,119,460,80
2200,120,460,79
2201,121,460,80
2202,122,460,79
2203,123,460,80
2204,124,460,76
2205,125,460,77
2206,126,460,71
2207,127,460,69
2208,128,460,66
2209,129,460,67
2210,130,460,70
2211,131,460,64
2212,132,460,62
2213,133,460,57
2214,134,460,58
2215,135,460,56
2216,136,460,52
2217,137,460,49
2218,138,460,46
2219,139,460,43
2220,140,460,42
2221,141,460,39
2222,142,460,39
2223,143,460,37
2224,144,460,36
2225,145,460,34
2226,146,460,36
2227,147,460,35
2228,148,460,35
2229,149,460,33
2230,150,460,29
2231,151,460,27
2232,152,460,24
2233,153,460,19
2234,154,460,21
2235,155,460,40
2236,156,460,59
2237,157,460,56
2238,158,460,30
2239,159,460,10
2240,160,460,4
2241,91,461,43
2242,92,461,39
2243,93,461,38
2244,94,461,36
2245,95,461,35
2246,96,461,39
2247,97,461,39
2248,98,461,43
2249,99,461,41
2250,100,461,41
2251,101,461,39
2252,102,461,38
2253,103,461,38
2254,104,461,38
2255,105,461,37
2256,106,461,39
2257,107,461,43
2258,108,461,44
2259,109,461,44
2260,110,461,45
2261,111,461,44
2262,112,461,44
2263,113,461,44
2264,114,461,43
2265,115,461,43
2266,116,461,43
2267,117,461,43
2268,118,461,44
2269,119,461,42
2270,120,461,43
2271,121,461,41
2272,122,461,42
2273,123,461,40
2274,124,461,39
2275,125,461,38
2276,126,461,35
2277,127,461,32
2278,128,461,34
2279,129,461,32
2280,130,461,33
2281,131,461,35
2282,132,461,32
2283,133,461,32
2284,134,461,31
2285,135,461,31
2286,136,461,29
2287,137,461,25
2288,138,461,24
2289,139,461,19
2290,140,461,17
2291,141,461,17
2292,142,461,18
2293,143,461,19
2294,144,461,16
2295,145,461,16
2296,146,461,17
2297,147,461,15
2298,148,461,16
2299,149,461,16
2300,150,461,13
2301,151,461,12
2302,152,461,7
2303,153,461,2
2304,154,461,9
2305,155,461,25
2306,156,461,42
2307,157,461,40
2308,158,461,17
2309,159,461,3
2310,160,461,0
2311,91,462,25
2312,92,462,24
2313,93,462,23
2314,94,462,21
2315,95,462,22
2316,96,462,22
2317,97,462,21
2318,98,462,21
2319,99,462,20
2320,100,462,21
2321,101,462,19
2322,102,462,17
2323,103,462,18
2324,104,462,18
2325,105,462,18
2326,106,462,19
2327,107,462,21
2328,108,462,22
2329,109,462,20
2330,110,462,22
2331,111,462,22
2332,112,462,21
2333,113,462,21
2334,114,462,20
2335,115,462,22
2336,116,462,22
2337,117,462,20
2338,118,462,19
2339,119,462,20
2340,120,462,21
2341,121,462,21
2342,122,462,19
2343,123,462,20
2344,124,462,18
2345,125,462,20
2346,126,462,18
2347,127,462,17
2348,128,462,15
2349,129,462,14
2350,130,462,16
2351,131,462,17
2352,132,462,14
2353,133,462,14
2354,134,462,13
2355,135,462,15
2356,136,462,11
2357,137,462,12
2358,138,462,10
2359,139,462,4
2360,140,462,4
2361,141,462,3
2362,142,462,3
2363,143,462,6
2364,144,462,5
2365,145,462,8
2366,146,462,8
2367,147,462,8
2368,148,462,6
2369,149,462,7
2370,150,462,7
2371,151,462,3
2372,152,462,4
2373,153,462,0
2374,154,462,3
2375,155,462,11
2376,156,462,21
2377,157,462,17
2378,158,462,7
2379,159,462,1
2380,160,462,0
2381,91,463,13
2382,92,463,12
2383,93,463,10
2384,94,463,12
2385,95,463,11
2386,96,463,9
2387,97,463,7
2388,98,463,7
2389,99,463,7
2390,100,463,8
2391,101,463,6
2392,102,463,4
2393,103,463,5
2394,104,463,5
2395,105,463,5
2396,106,463,4
2397,107,463,6
2398,108,463,5
2399,109,463,7
2400,110,463,6
2401,111,463,8
2402,112,463,7
2403,113,463,5
2404,114,463,8
2405,115,463,8
2406,116,463,9
2407,117,463,7
2408,118,463,7
2409,119,463,6
2410,120,463,7
2411,121,463,7
2412,122,463,7
2413,123,463,8
2414,124,463,5
2415,125,463,6
2416,126,463,7
2417,127,463,8
2418,128,463,4
2419,129,463,9
2420,130,463,13
2421,131,463,14
2422,132,463,7
2423,133,463,5
2424,134,463,4
2425,135,463,5
2426,136,463,3
2427,137,463,2
2428,138,463,2
2429,139,463,0
2430,140,463,0
2431,141,463,0
2432,142,463,0
2433,143,463,0
2434,144,463,0
2435,145,463,2
2436,146,463,1
2437,147,463,1
2438,148,463,2
2439,149,463,0
2440,150,463,1
2441,151,463,0
2442,152,463,0
2443,153,463,0
2444,154,463,0
2445,155,463,0
2446,156,463,0
2447,157,463,0
2448,158,463,0
2449,159,463,0
2450,160,463,0
2451,91,464,7
2452,92,464,9
2453,93,464,7
2454,94,464,6
2455,95,464,5
2456,96,464,1
2457,97,464,2
2458,98,464,3
2459,99,464,3
2460,100,464,0
2461,101,464,1
2462,102,464,2
2463,103,464,0
2464,104,464,0
2465,105,464,0
2466,106,464,0
2467,107,464,0
2468,108,464,0
2469,109,464,1
2470,110,464,0
2471,111,464,3
2472,112,464,1
2473,113,464,3
2474,114,464,13
2475,115,464,22
2476,116,464,17
2477,117,464,7
2478,118,464,3
2479,119,464,0
2480,120,464,0
2481,121,464,0
2482,122,464,0
2483,123,464,1
2484,124,464,1
2485,125,464,1
2486,126,464,1
2487,127,464,1
2488,128,464,0
2489,129,464,4
2490,130,464,8
2491,131,464,8
2492,132,464,5
2493,133,464,0
2494,134,464,0
2495,135,464,0
2496,136,464,0
2497,137,464,1
2498,138,464,0
2499,139,464,0
2500,140,464,0
2501,141,464,0
2502,142,464,0
2503,143,464,0
2504,144,464,0
2505,145,464,0
2506,146,464,0
2507,147,464,0
2508,148,464,0
2509,149,464,0
2510,150,464,1
2511,151,464,0
2512,152,464,0
2513,153,464,0
2514,154,464,0
2515,155,464,0
2516,156,464,0
2517,157,464,0
2518,158,464,0
2519,159,464,0
2520,160,464,0
2521,91,465,7
2522,92,465,5
2523,93,465,4
2524,94,465,3
2525,95,465,2
2526,96,465,1
2527,97,465,0
2528,98,465,0
2529,99,465,0
2530,100,465,0
2531,101,465,0
2532,102,465,0
2533,103,465,0
2534,104,465,0
2535,105,465,0
2536,106,465,0
2537,107,465,0
2538,108,465,0
2539,109,465,0
2540,110,465,0
2541,111,465,0
2542,112,465,0
2543,113,465,2
2544,114,465,10
2545,115,465,15
2546,116,465,14
2547,117,465,5
2548,118,465,0
2549,119,465,0
2550,120,465,0
2551,121,465,0
2552,122,465,0
2553,123,465,0
2554,124,465,0
2555,125,465,0
2556,126,465,0
2557,127,465,0
2558,128,465,0
2559,129,465,0
2560,130,465,5
2561,131,465,5
2562,132,465,1
2563,133,465,0
2564,134,465,0
2565,135,465,0
2566,136,465,0
2567,137,465,0
2568,138,465,0
2569,139,465,0
2570,140,465,0
2571,141,465,0
2572,142,465,0
2573,143,465,0
2574,144,465,0
2575,145,465,0
2576,146,465,0
2577,147,465,0
2578,148,465,0
2579,149,465,0
2580,150,465,0
2581,151,465,0
2582,152,465,0
2583,153,465,0
2584,154,465,0
2585,155,465,0
2586,156,465,0
2587,157,465,0
2588,158,465,0
2589,159,465,0
2590,160,465,0
2591,91,466,5
2592,92,466,3
2593,93,466,3
2594,94,466,2
2595,95,466,0
2596,96,466,0
2597,97,466,0
2598,98,466,0
2599,99,466,0
2600,100,466,0
2601,101,466,0
2602,102,466,0
2603,103,466,0
2604,104,466,0
2605,105,466,0
2606,106,466,0
2607,107,466,0
2608,108,466,0
2609,109,466,0
2610,110,466,0
2611,111,466,0
2612,112,466,0
2613,113,466,1
2614,114,466,8
2615,115,466,14
2616,116,466,9
2617,117,466,1
2618,118,466,0
2619,119,466,0
2620,120,466,0
2621,121,466,0
2622,122,466,0
2623,123,466,0
2624,124,466,0
2625,125,466,0
2626,126,466,0
2627,127,466,0
2628,128,466,0
2629,129,466,0
2630,130,466,0
2631,131,466,0
2632,132,466,0
2633,133,466,0
2634,134,466,0
2635,135,466,0
2636,136,466,0
2637,137,466,0
2638,138,466,0
2639,139,466,0
2640,140,466,0
2641,141,466,0
2642,142,466,0
2643,143,466,0
2644,144,466,0
2645,145,466,0
2646,146,466,0
2647,147,466,0
2648,148,466,0
2649,149,466,0
2650,150,466,0
2651,151,466,0
2652,152,466,0
2653,153,466,0
2654,154,466,0
2655,155,466,0
2656,156,466,0
2657,157,466,0
2658,158,466,0
2659,159,466,0
2660,160,466,0
2661,91,467,5
2662,92,467,3
2663,93,467,2
2664,94,467,0
2665,95,467,0
2666,96,467,0
2667,97,467,0
2668,98,467,0
2669,99,467,0
2670,100,467,0
2671,101,467,0
2672,102,467,0
2673,103,467,0
2674,104,467,0
2675,105,467,0
2676,106,467,0
2677,107,467,0
2678,108,467,0
2679,109,467,0
2680,110,467,0
2681,111,467,0
2682,112,467,0
2683,113,467,0
2684,114,467,0
2685,115,467,0
2686,116,467,0
2687,117,467,0
2688,118,467,0
2689,119,467,0
2690,120,467,0
2691,121,467,0
2692,122,467,0
2693,123,467,0
2694,124,467,0
2695,125,467,0
2696,126,467,0
2697,127,467,0
2698,128,467,0
2699,129,467,0
2700,130,467,0
2701,131,467,0
2702,132,467,0
2703,133,467,0
2704,134,467,0
2705,135,467,0
2706,136,467,0
2707,137,467,0
2708,138,467,0
2709,139,467,0
2710,140,467,0
2711,141,467,0
2712,142,467,0
2713,143,467,0
2714,144,467,0
2715,145,467,0
2716,146,467,0
2717,147,467,0
2718,148,467,0
2719,149,467,0
2720,150,467,0
2721,151,467,0
2722,152,467,0
2723,153,467,0
2724,154,467,0
2725,155,467,0
2726,156,467,0
2727,157,467,0
2728,158,467,0
2729,159,467,0
2730,160,467,0
2731,91,468,4
2732,92,468,2
2733,93,468,1
2734,94,468,0
2735,95,468,0
2736,96,468,0
2737,97,468,0
2738,98,468,0
2739,99,468,0
2740,100,468,0
2741,101,468,0
2742,102,468,0
2743,103,468,0
2744,104,468,0
2745,105,468,0
2746,106,468,0
2747,107,468,0
2748,108,468,0
2749,109,468,0
2750,110,468,0
2751,111,468,0
2752,112,468,0
2753,113,468,0
2754,114,468,9
2755,115,468,17
2756,116,468,18
2757,117,468,7
2758,118,468,0
2759,119,468,0
2760,120,468,0
2761,121,468,0
2762,122,468,0
2763,123,468,0
2764,124,468,0
2765,125,468,0
2766,126,468,0
2767,127,468,0
2768,128,468,0
2769,129,468,0
2770,130,468,0
2771,131,468,0
2772,132,468,0
2773,133,468,0
2774,134,468,0
2775,135,468,0
2776,136,468,0
2777,137,468,0
2778,138,468,0
2779,139,468,0
2780,140,468,0
2781,141,468,0
2782,142,468,0
2783,143,468,0
2784,144,468,0
2785,145,468,0
2786,146,468,0
2787,147,468,0
2788,148,468,0
2789,149,468,0
2790,150,468,0
2791,151,468,0
2792,152,468,0
2793,153,468,0
2794,154,468,0
2795,155,468,0
2796,156,468,0
2797,157,468,0
2798,158,468,0
2799,159,468,0
2800,160,468,0
2801,91,469,3
2802,92,469,1
2803,93,469,0
2804,94,469,0
2805,95,469,0
2806,96,469,0
2807,97,469,0
2808,98,469,0
2809,99,469,0
2810,100,469,0
2811,101,469,0
2812,102,469,0
2813,103,469,0
2814,104,469,0
2815,105,469,0
2816,106,469,0
2817,107,469,0
2818,108,469,0
2819,109,469,0
2820,110,469,0
2821,111,469,0
2822,112,469,0
2823,113,469,0
2824,114,469,10
2825,115,469,16
2826,116,469,17
2827,117,469,8
2828,118,469,0
2829,119,469,0
2830,120,469,0
2831,121,469,0
2832,122,469,0
2833,123,469,0
2834,124,469,0
2835,125,469,0
2836,126,469,0
2837,127,469,0
2838,128,469,0
2839,129,469,0
2840,130,469,0
2841,131,469,0
2842,132,469,0
2843,133,469,0
2844,134,469,0
2845,135,469,0
2846,136,469,0
2847,137,469,0
2848,138,469,0
2849,139,469,0
2850,140,469,0
2851,141,469,0
2852,142,469,0
2853,143,469,0
2854,144,469,0
2855,145,469,0
2856,146,469,0
2857,147,469,0
2858,148,469,0
2859,149,469,0
2860,150,469,0
2861,151,469,0
2862,152,469,0
2863,153,469,0
2864,154,469,0
2865,155,469,0
2866,156,469,0
2867,157,469,0
2868,158,469,0
2869,159,469,0
2870,160,469,0
2871,91,470,2
2872,92,470,0
2873,93,470,0
2874,94,470,0
2875,95,470,0
2876,96,470,0
2877,97,470,0
2878,98,470,0
2879,99,470,0
2880,100,470,0
2881,101,470,0
2882,102,470,0
2883,103,470,0
2884,104,470,0
2885,105,470,0
2886,106,470,0
2887,107,470,0
2888,108,470,0
2889,109,470,0
2890,110,470,0
2891,111,470,0
2892,112,470,0
2893,113,470,0
2894,114,470,7
2895,115,470,16
2896,116,470,16
2897,117,470,5
2898,118,470,0
2899,119,470,0
2900,120,470,0
2901,121,470,0
2902,122,470,0
2903,123,470,0
2904,124,470,0
2905,125,470,0
2906,126,470,0
2907,127,470,0
2908,128,470,0
2909,129,470,0
2910,130,470,2
2911,131,470,1
2912,132,470,2
2913,133,470,0
2914,134,470,0
2915,135,470,0
2916,136,470,0
2917,137,470,0
2918,138,470,0
2919,139,470,0
2920,140,470,0
2921,141,470,0
2922,142,470,0
2923,143,470,0
2924,144,470,0
2925,145,470,0
2926,146,470,0
2927,147,470,0
2928,148,470,0
2929,149,470,0
2930,150,470,0
2931,151,470,0
2932,152,470,0
2933,153,470,0
2934,154,470,0
2935,155,470,0
2936,156,470,0
2937,157,470,0
2938,158,470,0
2939,159,470,0
2940,160,470,0
2941,91,471,0
2942,92,471,0
2943,93,471,0
2944,94,471,0
2945,95,471,0
2946,96,471,0
2947,97,471,0
2948,98,471,0
2949,99,471,0
2950,100,471,0
2951,101,471,0
2952,102,471,0
2953,103,471,0
2954,104,471,0
2955,105,471,0
2956,106,471,0
2957,107,471,0
2958,108,471,0
2959,109,471,0
2960,110,471,0
2961,111,471,0
2962,112,471,0
2963,113,471,0
2964,114,471,0
2965,115,471,0
2966,116,471,0
2967,117,471,0
2968,118,471,0
2969,119,471,0
2970,120,471,0
2971,121,471,0
2972,122,471,0
2973,123,471,0
2974,124,471,0
2975,125,471,0
2976,126,471,0
2977,127,471,0
2978,128,471,0
2979,129,471,0
2980,130,471,4
2981,131,471,2
2982,132,471,3
2983,133,471,1
2984,134,471,0
2985,135,471,0
2986,136,471,0
2987,137,471,0
2988,138,471,0
2989,139,471,0
2990,140,471,0
2991,141,471,0
2992,142,471,0
2993,143,471,0
2994,144,471,0
2995,145,471,0
2996,146,471,0
2997,147,471,0
2998,148,471,0
2999,149,471,0
3000,150,471,0
3001,151,471,0
3002,152,471,0
3003,153,471,0
3004,154,471,0
3005,155,471,0
3006,156,471,0
3007,157,471,0
3008,158,471,0
3009,159,471,0
3010,160,471,0
3011,91,472,0
3012,92,472,0
3013,93,472,0
3014,94,472,0
3015,95,472,0
3016,96,472,0
3017,97,472,0
3018,98,472,0
3019,99,472,0
3020,100,472,0
3021,101,472,0
3022,102,472,0
3023,103,472,0
3024,104,472,0
3025,105,472,0
3026,106,472,0
3027,107,472,0
3028,108,472,0
3029,109,472,0
3030,110,472,0
3031,111,472,0
3032,112,472,0
3033,113,472,0
3034,114,472,0
3035,115,472,0
3036,116,472,0
3037,117,472,0
3038,118,472,0
3039,119,472,0
3040,120,472,0
3041,121,472,0
3042,122,472,0
3043,123,472,0
3044,124,472,0
3045,125,472,0
3046,126,472,0
3047,127,472,0
3048,128,472,0
3049,129,472,0
3050,130,472,4
3051,131,472,5
3052,132,472,5
3053,133,472,0
3054,134,472,0
3055,135,472,0
3056,136,472,0
3057,137,472,0
3058,138,472,0
3059,139,472,0
3060,140,472,0
3061,141,472,0
3062,142,472,0
3063,143,472,0
3064,144,472,0
3065,145,472,0
3066,146,472,0
3067,147,472,0
3068,148,472,0
3069,149,472,0
3070,150,472,0
3071,151,472,0
3072,152,472,0
3073,153,472,0
3074,154,472,0
3075,155,472,0
3076,156,472,0
3077,157,472,0
3078,158,472,0
3079,159,472,0
3080,160,472,0
3081,91,473,0
3082,92,473,0
3083,93,473,0
3084,94,473,0
3085,95,473,0
3086,96,473,0
3087,97,473,0
3088,98,473,0
3089,99,473,0
3090,100,473,0
3091,101,473,0
3092,102,473,0
3093,103,473,0
3094,104,473,0
3095,105,473,0
3096,106,473,0
3097,107,473,0
3098,108,473,0
3099,109,473,0
3100,110,473,0
3101,111,473,0
3102,112,473,0
3103,113,473,0
3104,114,473,0
3105,115,473,0
3106,116,473,0
3107,117,473,0
3108,118,473,0
3109,119,473,0
3110,120,473,0
3111,121,473,0
3112,122,473,0
3113,123,473,0
3114,124,473,0
3115,125,473,0
3116,126,473,0
3117,127,473,0
3118,128,473,0
3119,129,473,0
3120,130,473,1
3121,131,473,2
3122,132,473,5
3123,133,473,2
3124,134,473,1
3125,135,473,0
3126,136,473,0
3127,137,473,0
3128,138,473,0
3129,139,473,0
3130,140,473,0
3131,141,473,0
3132,142,473,0
3133,143,473,0
3134,144,473,0
3135,145,473,0
3136,146,473,0
3137,147,473,0
3138,148,473,0
3139,149,473,0
3140,150,473,0
3141,151,473,0
3142,152,473,0
3143,153,473,0
3144,154,473,0
3145,155,473,0
3146,156,473,0
3147,157,473,0
3148,158,473,0
3149,159,473,0
3150,160,473,0
3151,91,474,0
3152,92,474,0
3153,93,474,0
3154,94,474,0
3155,95,474,0
3156,96,474,0
3157,97,474,0
3158,98,474,0
3159,99,474,0
3160,100,474,0
3161,101,474,0
3162,102,474,0
3163,103,474,0
3164,104,474,0
3165,105,474,0
3166,106,474,0
3167,107,474,0
3168,108,474,0
3169,109,474,0
3170,110,474,0
3171,111,474,0
3172,112,474,0
3173,113,474,0
3174,114,474,0
3175,115,474,0
3176,116,474,0
3177,117,474,0
3178,118,474,0
3179,119,474,0
3180,120,474,0
3181,121,474,0
3182,122,474,0
3183,123,474,0
3184,124,474,0
3185,125,474,0
3186,126,474,0
3187,127,474,0
3188,128,474,0
3189,129,474,0
3190,130,474,0
3191,131,474,0
3192,132,474,4
3193,133,474,4
3194,134,474,3
3195,135,474,0
3196,136,474,0
3197,137,474,0
3198,138,474,0
3199,139,474,0
3200,140,474,0
3201,141,474,0
3202,142,474,0
3203,143,474,0
3204,144,474,0
3205,145,474,0
3206,146,474,0
3207,147,474,0
3208,148,474,0
3209,149,474,0
3210,150,474,0
3211,151,474,0
3212,152,474,0
3213,153,474,0
3214,154,474,0
3215,155,474,0
3216,156,474,0
3217,157,474,0
3218,158,474,0
3219,159,474,0
3220,160,474,0
3221,91,475,0
3222,92,475,0
3223,93,475,0
3224,94,475,0
3225,95,475,0
3226,96,475,0
3227,97,475,0
3228,98,475,0
3229,99,475,0
3230,100,475,0
3231,101,475,0
3232,102,475,0
3233,103,475,0
3234,104,475,0
3235,105,475,0
3236,106,475,0
3237,107,475,0
3238,108,475,0
3239,109,475,0
3240,110,475,0
3241,111,475,0
3242,112,475,0
3243,113,475,0
3244,114,475,0
3245,115,475,0
3246,116,475,0
3247,117,475,0
3248,118,475,0
3249,119,475,0
3250,120,475,0
3251,121,475,0
3252,122,475,0
3253,123,475,0
3254,124,475,0
3255,125,475,0
3256,126,475,0
3257,127,475,0
3258,128,475,0
3259,129,475,0
3260,130,475,0
3261,131,475,1
3262,132,475,5
3263,133,475,7
3264,134,475,6
3265,135,475,0
3266,136,475,0
3267,137,475,0
3268,138,475,0
3269,139,475,0
3270,140,475,0
3271,141,475,0
3272,142,475,0
3273,143,475,0
3274,144,475,0
3275,145,475,0
3276,146,475,0
3277,147,475,0
3278,148,475,0
3279,149,475,0
3280,150,475,0
3281,151,475,0
3282,152,475,0
3283,153,475,0
3284,154,475,0
3285,155,475,0
3286,156,475,0
3287,157,475,0
3288,158,475,0
3289,159,475,0
3290,160,475,0
3291,91,476,0
3292,92,476,0
3293,93,476,0
3294,94,476,0
3295,95,476,0
3296,96,476,0
3297,97,476,0
3298,98,476,0
3299,99,476,0
3300,100,476,0
3301,101,476,0
3302,102,476,0
3303,103,476,0
3304,104,476,0
3305,105,476,0
3306,106,476,0
3307,107,476,0
3308,108,476,0
3309,109,476,0
3310,110,476,0
3311,111,476,0
3312,112,476,0
3313,113,476,0
3314,114,476,0
3315,115,476,0
3316,116,476,0
3317,117,476,0
3318,118,476,0
3319,119,476,0
3320,120,476,0
3321,121,476,0
3322,122,476,0
3323,123,476,0
3324,124,476,0
3325,125,476,0
3326,126,476,0
3327,127,476,0
3328,128,476,0
3329,129,476,0
3330,130,476,0
3331,131,476,1
3332,132,476,3
3333,133,476,2
3334,134,476,4
3335,135,476,0
3336,136,476,0
3337,137,476,0
3338,138,476,0
3339,139,476,0
3340,140,476,0
3341,141,476,0
3342,142,476,0
3343,143,476,0
3344,144,476,0
3345,145,476,0
3346,146,476,0
3347,147,476,0
3348,148,476,0
3349,149,476,0
3350,150,476,0
3351,151,476,0
3352,152,476,0
3353,153,476,0
3354,154,476,0
3355,155,476,0
3356,156,476,0
3357,157,476,0
3358,158,476,0
3359,159,476,0
3360,160,476,0
3361,91,477,0
3362,92,477,0
3363,93,477,0
3364,94,477,0
3365,95,477,0
3366,96,477,0
3367,97,477,0
3368,98,477,0
3369,99,477,0
3370,100,477,0
3371,101,477,0
3372,102,477,0
3373,103,477,0
3374,104,477,0
3375,105,477,0
3376,106,477,0
3377,107,477,0
3378,108,477,0
3379,109,477,0
3380,110,477,0
3381,111,477,0
3382,112,477,0
3383,113,477,0
3384,114,477,0
3385,115,477,0
3386,116,477,0
3387,117,477,0
3388,118,477,0
3389,119,477,0
3390,120,477,0
3391,121,477,0
3392,122,477,0
3393,123,477,0
3394,124,477,0
3395,125,477,0
3396,126,477,0
3397,127,477,0
3398,128,477,0
3399,129,477,0
3400,130,477,0
3401,131,477,0
3402,132,477,2
3403,133,477,1
3404,134,477,0
3405,135,477,0
3406,136,477,0
3407,137,477,0
3408,138,477,0
3409,139,477,0
3410,140,477,0
3411,141,477,0
3412,142,477,0
3413,143,477,0
3414,144,477,0
3415,145,477,0
3416,146,477,0
3417,147,477,0
3418,148,477,0
3419,149,477,0
3420,150,477,0
3421,151,477,0
3422,152,477,0
3423,153,477,0
3424,154,477,0
3425,155,477,0
3426,156,477,0
3427,157,477,0
3428,158,477,0
3429,159,477,0
3430,160,477,0
3431,91,478,0
3432,92,478,0
3433,93,478,0
3434,94,478,0
3435,95,478,0
3436,96,478,0
3437,97,478,0
3438,98,478,0
3439,99,478,0
3440,100,478,0
3441,101,478,0
3442,102,478,0
3443,103,478,0
3444,104,478,0
3445,105,478,0
3446,106,478,0
3447,107,478,0
3448,108,478,0
3449,109,478,0
3450,110,478,0
3451,111,478,0
3452,112,478,0
3453,113,478,0
3454,114,478,0
3455,115,478,0
3456,116,478,0
3457,117,478,0
3458,118,478,0
3459,119,478,0
3460,120,478,0
3461,121,478,0
3462,122,478,0
3463,123,478,0
3464,124,478,0
3465,125,478,0
3466,126,478,0
3467,127,478,0
3468,128,478,0
3469,129,478,0
3470,130,478,0
3471,131,478,0
3472,132,478,0
3473,133,478,0
3474,134,478,0
3475,135,478,0
3476,136,478,0
3477,137,478,0
3478,138,478,0
3479,139,478,0
3480,140,478,0
3481,141,478,0
3482,142,478,0
3483,143,478,0
3484,144,478,0
3485,145,478,0
3486,146,478,0
3487,147,478,0
3488,148,478,0
3489,149,478,0
3490,150,478,0
3491,151,478,0
3492,152,478,0
3493,153,478,0
3494,154,478,0
3495,155,478,0
3496,156,478,0
3497,157,478,0
3498,158,478,0
3499,159,478,0
3500,160,478,0
3501,91,479,0
3502,92,479,0
3503,93,479,0
3504,94,479,0
3505,95,479,0
3506,96,479,0
3507,97,479,0
3508,98,479,0
3509,99,479,0
3510,100,479,0
3511,101,479,0
3512,102,479,0
3513,103,479,0
3514,104,479,0
3515,105,479,0
3516,106,479,0
3517,107,479,0
3518,108,479,0
3519,109,479,0
3520,110,479,0
3521,111,479,0
3522,112,479,0
3523,113,479,0
3524,114,479,0
3525,115,479,0
3526,116,479,0
3527,117,479,0
3528,118,479,0
3529,119,479,0
3530,120,479,0
3531,121,479,0
3532,122,479,0
3533,123,479,0
3534,124,479,0
3535,125,479,0
3536,126,479,0
3537,127,479,0
3538,128,479,0
3539,129,479,0
3540,130,479,0
3541,131,479,0
3542,132,479,0
3543,133,479,0
3544,134,479,0
3545,135,479,0
3546,136,479,0
3547,137,479,0
3548,138,479,0
3549,139,479,0
3550,140,479,0
3551,141,479,0
3552,142,479,0
3553,143,479,0
3554,144,479,0
3555,145,479,0
3556,146,479,0
3557,147,479,0
3558,148,479,0
3559,149,479,0
3560,150,479,0
3561,151,479,0
3562,152,479,0
3563,153,479,0
3564,154,479,0
3565,155,479,0
3566,156,479,0
3567,157,479,0
3568,158,479,0
3569,159,479,0
3570,160,479,0
3571,91,480,0
3572,92,480,0
3573,93,480,0
3574,94,480,0
3575,95,480,0
3576,96,480,0
3577,97,480,0
3578,98,480,0
3579,99,480,0
3580,100,480,0
3581,101,480,0
3582,102,480,0
3583,103,480,0
3584,104,480,0
3585,105,480,0
3586,106,480,0
3587,107,480,0
3588,108,480,0
3589,109,480,0
3590,110,480,0
3591,111,480,0
3592,112,480,0
3593,113,480,0
3594,114,480,0
3595,115,480,0
3596,116,480,0
3597,117,480,0
3598,118,480,0
3599,119,480,0
3600,120,480,0
3601,121,480,0
3602,122,480,0
3603,123,480,0
3604,124,480,0
3605,125,480,0
3606,126,480,0
3607,127,480,0
3608,128,480,0
3609,129,480,0
3610,130,480,0
3611,131,480,0
3612,132,480,0
3613,133,480,0
3614,134,480,0
3615,135,480,0
3616,136,480,0
3617,137,480,0
3618,138,480,0
3619,139,480,0
3620,140,480,0
3621,141,480,0
3622,142,480,0
3623,143,480,0
3624,144,480,0
3625,145,480,0
3626,146,480,0
3627,147,480,0
3628,148,480,0
3629,149,480,0
3630,150,480,0
3631,151,480,0
3632,152,480,0
3633,153,480,0
3634,154,480,0
3635,155,480,0
3636,156,480,0
3637,157,480,0
3638,158,480,0
3639,159,480,0
3640,160,480,0
3641,91,481,0
3642,92,481,0
3643,93,481,0
3644,94,481,0
3645,95,481,0
3646,96,481,0
3647,97,481,0
3648,98,481,0
3649,99,481,0
3650,100,481,0
3651,101,481,0
3652,102,481,0
3653,103,481,0
3654,104,481,0
3655,105,481,0
3656,106,481,0
3657,107,481,0
3658,108,481,0
3659,109,481,0
3660,110,481,0
3661,111,481,0
3662,112,481,0
3663,113,481,0
3664,114,481,0
3665,115,481,0
3666,116,481,0
3667,117,481,0
3668,118,481,0
3669,119,481,0
3670,120,481,0
3671,121,481,0
3672,122,481,0
3673,123,481,0
3674,124,481,0
3675,125,481,0
3676,126,481,0
3677,127,481,0
3678,128,481,0
3679,129,481,0
3680,130,481,0
3681,131,481,0
3682,132,481,0
3683,133,481,0
3684,134,481,0
3685,135,481,0
3686,136,481,0
3687,137,481,0
3688,138,481,0
3689,139,481,0
3690,140,481,0
3691,141,481,0
3692,142,481,0
3693,143,481,0
3694,144,481,0
3695,145,481,0
3696,146,481,0
3697,147,481,0
3698,148,481,0
3699,149,481,0
3700,150,481,0
3701,151,481,0
3702,152,481,0
3703,153,481,0
3704,154,481,0
3705,155,481,0
3706,156,481,0
3707,157,481,0
3708,158,481,0
3709,159,481,0
3710,160,481,0
