 ,X,Y,Value
1,443,327,9
2,444,327,9
3,445,327,10
4,446,327,7
5,447,327,7
6,448,327,9
7,449,327,8
8,450,327,9
9,451,327,10
10,452,327,11
11,453,327,11
12,454,327,14
13,455,327,13
14,456,327,14
15,457,327,12
16,458,327,17
17,459,327,26
18,460,327,35
19,461,327,38
20,462,327,38
21,463,327,31
22,464,327,25
23,465,327,22
24,466,327,19
25,467,327,18
26,468,327,14
27,469,327,14
28,470,327,13
29,471,327,13
30,472,327,13
31,473,327,13
32,474,327,14
33,475,327,12
34,476,327,10
35,477,327,11
36,478,327,11
37,479,327,10
38,480,327,12
39,481,327,14
40,482,327,13
41,483,327,12
42,484,327,15
43,485,327,13
44,486,327,17
45,487,327,17
46,488,327,18
47,489,327,19
48,490,327,20
49,491,327,22
50,492,327,22
51,493,327,19
52,494,327,21
53,495,327,17
54,496,327,17
55,497,327,16
56,498,327,12
57,499,327,14
58,500,327,12
59,501,327,14
60,502,327,12
61,503,327,11
62,504,327,9
63,505,327,10
64,506,327,9
65,507,327,12
66,508,327,11
67,509,327,11
68,510,327,10
69,511,327,12
70,512,327,14
71,443,328,10
72,444,328,10
73,445,328,7
74,446,328,8
75,447,328,8
76,448,328,10
77,449,328,10
78,450,328,13
79,451,328,15
80,452,328,17
81,453,328,15
82,454,328,13
83,455,328,13
84,456,328,14
85,457,328,14
86,458,328,19
87,459,328,32
88,460,328,54
89,461,328,72
90,462,328,71
91,463,328,54
92,464,328,34
93,465,328,23
94,466,328,20
95,467,328,18
96,468,328,15
97,469,328,13
98,470,328,12
99,471,328,13
100,472,328,13
101,473,328,13
102,474,328,14
103,475,328,11
104,476,328,13
105,477,328,10
106,478,328,10
107,479,328,13
108,480,328,11
109,481,328,13
110,482,328,12
111,483,328,15
112,484,328,14
113,485,328,15
114,486,328,16
115,487,328,17
116,488,328,17
117,489,328,18
118,490,328,20
119,491,328,21
120,492,328,21
121,493,328,22
122,494,328,20
123,495,328,19
124,496,328,19
125,497,328,15
126,498,328,15
127,499,328,13
128,500,328,15
129,501,328,12
130,502,328,14
131,503,328,12
132,504,328,10
133,505,328,11
134,506,328,11
135,507,328,11
136,508,328,10
137,509,328,13
138,510,328,12
139,511,328,14
140,512,328,13
141,443,329,7
142,444,329,8
143,445,329,8
144,446,329,8
145,447,329,8
146,448,329,7
147,449,329,7
148,450,329,15
149,451,329,22
150,452,329,24
151,453,329,17
152,454,329,10
153,455,329,11
154,456,329,12
155,457,329,14
156,458,329,16
157,459,329,35
158,460,329,71
159,461,329,107
160,462,329,121
161,463,329,98
162,464,329,58
163,465,329,32
164,466,329,20
165,467,329,19
166,468,329,17
167,469,329,16
168,470,329,12
169,471,329,13
170,472,329,13
171,473,329,13
172,474,329,13
173,475,329,14
174,476,329,12
175,477,329,12
176,478,329,13
177,479,329,12
178,480,329,14
179,481,329,13
180,482,329,15
181,483,329,14
182,484,329,16
183,485,329,14
184,486,329,15
185,487,329,19
186,488,329,20
187,489,329,21
188,490,329,22
189,491,329,21
190,492,329,23
191,493,329,20
192,494,329,22
193,495,329,21
194,496,329,17
195,497,329,17
196,498,329,16
197,499,329,15
198,500,329,13
199,501,329,14
200,502,329,15
201,503,329,13
202,504,329,14
203,505,329,12
204,506,329,12
205,507,329,12
206,508,329,12
207,509,329,11
208,510,329,14
209,511,329,13
210,512,329,13
211,443,330,8
212,444,330,6
213,445,330,6
214,446,330,9
215,447,330,8
216,448,330,7
217,449,330,8
218,450,330,13
219,451,330,18
220,452,330,20
221,453,330,16
222,454,330,9
223,455,330,9
224,456,330,13
225,457,330,12
226,458,330,15
227,459,330,31
228,460,330,72
229,461,330,133
230,462,330,169
231,463,330,147
232,464,330,91
233,465,330,40
234,466,330,19
235,467,330,19
236,468,330,17
237,469,330,15
238,470,330,12
239,471,330,13
240,472,330,13
241,473,330,13
242,474,330,13
243,475,330,13
244,476,330,14
245,477,330,11
246,478,330,12
247,479,330,12
248,480,330,14
249,481,330,13
250,482,330,12
251,483,330,14
252,484,330,15
253,485,330,16
254,486,330,17
255,487,330,18
256,488,330,18
257,489,330,22
258,490,330,20
259,491,330,22
260,492,330,22
261,493,330,22
262,494,330,23
263,495,330,22
264,496,330,19
265,497,330,18
266,498,330,17
267,499,330,16
268,500,330,14
269,501,330,16
270,502,330,13
271,503,330,15
272,504,330,13
273,505,330,13
274,506,330,14
275,507,330,14
276,508,330,14
277,509,330,14
278,510,330,13
279,511,330,13
280,512,330,13
281,443,331,9
282,444,331,6
283,445,331,6
284,446,331,9
285,447,331,8
286,448,331,10
287,449,331,8
288,450,331,10
289,451,331,10
290,452,331,13
291,453,331,11
292,454,331,8
293,455,331,11
294,456,331,14
295,457,331,14
296,458,331,14
297,459,331,22
298,460,331,54
299,461,331,117
300,462,331,164
301,463,331,158
302,464,331,98
303,465,331,42
304,466,331,16
305,467,331,17
306,468,331,18
307,469,331,16
308,470,331,12
309,471,331,13
310,472,331,13
311,473,331,13
312,474,331,13
313,475,331,13
314,476,331,13
315,477,331,14
316,478,331,11
317,479,331,12
318,480,331,11
319,481,331,14
320,482,331,12
321,483,331,14
322,484,331,17
323,485,331,18
324,486,331,19
325,487,331,19
326,488,331,20
327,489,331,24
328,490,331,22
329,491,331,24
330,492,331,24
331,493,331,24
332,494,331,22
333,495,331,21
334,496,331,20
335,497,331,19
336,498,331,18
337,499,331,17
338,500,331,16
339,501,331,17
340,502,331,15
341,503,331,13
342,504,331,15
343,505,331,12
344,506,331,12
345,507,331,12
346,508,331,13
347,509,331,13
348,510,331,13
349,511,331,13
350,512,331,13
351,443,332,8
352,444,332,9
353,445,332,9
354,446,332,8
355,447,332,8
356,448,332,10
357,449,332,9
358,450,332,9
359,451,332,5
360,452,332,8
361,453,332,8
362,454,332,7
363,455,332,12
364,456,332,12
365,457,332,14
366,458,332,14
367,459,332,16
368,460,332,33
369,461,332,74
370,462,332,110
371,463,332,111
372,464,332,73
373,465,332,35
374,466,332,16
375,467,332,16
376,468,332,16
377,469,332,13
378,470,332,12
379,471,332,13
380,472,332,14
381,473,332,14
382,474,332,14
383,475,332,14
384,476,332,13
385,477,332,13
386,478,332,14
387,479,332,11
388,480,332,11
389,481,332,14
390,482,332,12
391,483,332,14
392,484,332,17
393,485,332,18
394,486,332,18
395,487,332,21
396,488,332,21
397,489,332,22
398,490,332,24
399,491,332,23
400,492,332,25
401,493,332,23
402,494,332,24
403,495,332,23
404,496,332,21
405,497,332,20
406,498,332,19
407,499,332,18
408,500,332,17
409,501,332,15
410,502,332,17
411,503,332,15
412,504,332,13
413,505,332,14
414,506,332,14
415,507,332,14
416,508,332,14
417,509,332,12
418,510,332,13
419,511,332,13
420,512,332,13
421,443,333,8
422,444,333,8
423,445,333,8
424,446,333,8
425,447,333,8
426,448,333,7
427,449,333,10
428,450,333,10
429,451,333,9
430,452,333,9
431,453,333,9
432,454,333,8
433,455,333,10
434,456,333,10
435,457,333,13
436,458,333,11
437,459,333,12
438,460,333,20
439,461,333,35
440,462,333,48
441,463,333,49
442,464,333,39
443,465,333,22
444,466,333,16
445,467,333,14
446,468,333,16
447,469,333,15
448,470,333,13
449,471,333,14
450,472,333,11
451,473,333,11
452,474,333,11
453,475,333,11
454,476,333,14
455,477,333,14
456,478,333,14
457,479,333,14
458,480,333,14
459,481,333,13
460,482,333,12
461,483,333,14
462,484,333,15
463,485,333,15
464,486,333,18
465,487,333,21
466,488,333,21
467,489,333,25
468,490,333,23
469,491,333,25
470,492,333,24
471,493,333,25
472,494,333,23
473,495,333,21
474,496,333,23
475,497,333,22
476,498,333,21
477,499,333,20
478,500,333,19
479,501,333,17
480,502,333,16
481,503,333,17
482,504,333,15
483,505,333,15
484,506,333,18
485,507,333,18
486,508,333,16
487,509,333,15
488,510,333,13
489,511,333,13
490,512,333,13
491,443,334,8
492,444,334,8
493,445,334,8
494,446,334,8
495,447,334,8
496,448,334,8
497,449,334,8
498,450,334,10
499,451,334,10
500,452,334,9
501,453,334,9
502,454,334,9
503,455,334,8
504,456,334,9
505,457,334,13
506,458,334,12
507,459,334,12
508,460,334,12
509,461,334,14
510,462,334,16
511,463,334,15
512,464,334,16
513,465,334,16
514,466,334,16
515,467,334,12
516,468,334,11
517,469,334,12
518,470,334,13
519,471,334,14
520,472,334,12
521,473,334,13
522,474,334,13
523,475,334,13
524,476,334,12
525,477,334,11
526,478,334,14
527,479,334,13
528,480,334,13
529,481,334,13
530,482,334,12
531,483,334,14
532,484,334,15
533,485,334,15
534,486,334,18
535,487,334,18
536,488,334,21
537,489,334,24
538,490,334,25
539,491,334,24
540,492,334,26
541,493,334,23
542,494,334,25
543,495,334,23
544,496,334,22
545,497,334,21
546,498,334,20
547,499,334,19
548,500,334,18
549,501,334,16
550,502,334,18
551,503,334,15
552,504,334,16
553,505,334,16
554,506,334,16
555,507,334,17
556,508,334,16
557,509,334,12
558,510,334,13
559,511,334,13
560,512,334,13
561,443,335,8
562,444,335,8
563,445,335,8
564,446,335,8
565,447,335,8
566,448,335,9
567,449,335,6
568,450,335,8
569,451,335,7
570,452,335,10
571,453,335,9
572,454,335,9
573,455,335,9
574,456,335,10
575,457,335,11
576,458,335,11
577,459,335,14
578,460,335,13
579,461,335,16
580,462,335,14
581,463,335,14
582,464,335,15
583,465,335,15
584,466,335,12
585,467,335,12
586,468,335,13
587,469,335,14
588,470,335,14
589,471,335,15
590,472,335,13
591,473,335,11
592,474,335,11
593,475,335,11
594,476,335,10
595,477,335,12
596,478,335,14
597,479,335,13
598,480,335,13
599,481,335,13
600,482,335,12
601,483,335,14
602,484,335,15
603,485,335,15
604,486,335,18
605,487,335,21
606,488,335,20
607,489,335,23
608,490,335,24
609,491,335,25
610,492,335,25
611,493,335,25
612,494,335,26
613,495,335,24
614,496,335,24
615,497,335,20
616,498,335,20
617,499,335,19
618,500,335,18
619,501,335,19
620,502,335,17
621,503,335,17
622,504,335,18
623,505,335,18
624,506,335,19
625,507,335,18
626,508,335,14
627,509,335,12
628,510,335,13
629,511,335,13
630,512,335,13
631,443,336,8
632,444,336,8
633,445,336,8
634,446,336,8
635,447,336,9
636,448,336,6
637,449,336,7
638,450,336,6
639,451,336,8
640,452,336,7
641,453,336,10
642,454,336,9
643,455,336,9
644,456,336,8
645,457,336,9
646,458,336,13
647,459,336,13
648,460,336,14
649,461,336,13
650,462,336,13
651,463,336,13
652,464,336,13
653,465,336,14
654,466,336,11
655,467,336,13
656,468,336,10
657,469,336,11
658,470,336,12
659,471,336,12
660,472,336,11
661,473,336,9
662,474,336,9
663,475,336,12
664,476,336,10
665,477,336,12
666,478,336,11
667,479,336,13
668,480,336,13
669,481,336,15
670,482,336,14
671,483,336,16
672,484,336,14
673,485,336,15
674,486,336,17
675,487,336,20
676,488,336,22
677,489,336,22
678,490,336,26
679,491,336,27
680,492,336,26
681,493,336,27
682,494,336,24
683,495,336,26
684,496,336,26
685,497,336,23
686,498,336,20
687,499,336,19
688,500,336,17
689,501,336,18
690,502,336,19
691,503,336,17
692,504,336,17
693,505,336,18
694,506,336,16
695,507,336,15
696,508,336,11
697,509,336,13
698,510,336,13
699,511,336,13
700,512,336,12
701,443,337,8
702,444,337,8
703,445,337,8
704,446,337,8
705,447,337,9
706,448,337,6
707,449,337,6
708,450,337,6
709,451,337,8
710,452,337,7
711,453,337,10
712,454,337,9
713,455,337,9
714,456,337,9
715,457,337,10
716,458,337,11
717,459,337,12
718,460,337,14
719,461,337,13
720,462,337,12
721,463,337,13
722,464,337,13
723,465,337,13
724,466,337,16
725,467,337,16
726,468,337,14
727,469,337,12
728,470,337,13
729,471,337,10
730,472,337,11
731,473,337,9
732,474,337,9
733,475,337,11
734,476,337,10
735,477,337,12
736,478,337,14
737,479,337,13
738,480,337,12
739,481,337,14
740,482,337,16
741,483,337,15
742,484,337,17
743,485,337,17
744,486,337,20
745,487,337,21
746,488,337,24
747,489,337,26
748,490,337,27
749,491,337,25
750,492,337,28
751,493,337,28
752,494,337,26
753,495,337,25
754,496,337,25
755,497,337,22
756,498,337,19
757,499,337,19
758,500,337,17
759,501,337,18
760,502,337,19
761,503,337,17
762,504,337,18
763,505,337,16
764,506,337,18
765,507,337,13
766,508,337,15
767,509,337,13
768,510,337,13
769,511,337,13
770,512,337,12
771,443,338,10
772,444,338,8
773,445,338,8
774,446,338,8
775,447,338,8
776,448,338,8
777,449,338,8
778,450,338,8
779,451,338,8
780,452,338,10
781,453,338,9
782,454,338,9
783,455,338,9
784,456,338,9
785,457,338,8
786,458,338,9
787,459,338,10
788,460,338,12
789,461,338,14
790,462,338,14
791,463,338,14
792,464,338,11
793,465,338,11
794,466,338,13
795,467,338,13
796,468,338,14
797,469,338,12
798,470,338,10
799,471,338,11
800,472,338,11
801,473,338,11
802,474,338,11
803,475,338,10
804,476,338,12
805,477,338,11
806,478,338,14
807,479,338,13
808,480,338,12
809,481,338,14
810,482,338,16
811,483,338,15
812,484,338,16
813,485,338,16
814,486,338,18
815,487,338,23
816,488,338,25
817,489,338,24
818,490,338,28
819,491,338,27
820,492,338,27
821,493,338,27
822,494,338,28
823,495,338,27
824,496,338,24
825,497,338,22
826,498,338,19
827,499,338,19
828,500,338,17
829,501,338,18
830,502,338,19
831,503,338,17
832,504,338,16
833,505,338,14
834,506,338,12
835,507,338,13
836,508,338,15
837,509,338,12
838,510,338,12
839,511,338,12
840,512,338,15
841,443,339,10
842,444,339,8
843,445,339,8
844,446,339,8
845,447,339,7
846,448,339,10
847,449,339,10
848,450,339,7
849,451,339,7
850,452,339,10
851,453,339,9
852,454,339,9
853,455,339,9
854,456,339,9
855,457,339,9
856,458,339,11
857,459,339,12
858,460,339,13
859,461,339,12
860,462,339,12
861,463,339,12
862,464,339,13
863,465,339,12
864,466,339,15
865,467,339,15
866,468,339,15
867,469,339,13
868,470,339,11
869,471,339,11
870,472,339,11
871,473,339,10
872,474,339,13
873,475,339,12
874,476,339,14
875,477,339,14
876,478,339,13
877,479,339,12
878,480,339,15
879,481,339,14
880,482,339,13
881,483,339,14
882,484,339,15
883,485,339,18
884,486,339,21
885,487,339,22
886,488,339,24
887,489,339,26
888,490,339,30
889,491,339,28
890,492,339,28
891,493,339,28
892,494,339,29
893,495,339,29
894,496,339,23
895,497,339,22
896,498,339,19
897,499,339,19
898,500,339,17
899,501,339,18
900,502,339,19
901,503,339,17
902,504,339,16
903,505,339,14
904,506,339,16
905,507,339,13
906,508,339,14
907,509,339,15
908,510,339,15
909,511,339,15
910,512,339,14
911,443,340,7
912,444,340,8
913,445,340,8
914,446,340,8
915,447,340,10
916,448,340,9
917,449,340,9
918,450,340,10
919,451,340,10
920,452,340,9
921,453,340,9
922,454,340,9
923,455,340,9
924,456,340,9
925,457,340,8
926,458,340,7
927,459,340,9
928,460,340,11
929,461,340,13
930,462,340,10
931,463,340,10
932,464,340,10
933,465,340,10
934,466,340,10
935,467,340,10
936,468,340,10
937,469,340,10
938,470,340,11
939,471,340,11
940,472,340,10
941,473,340,12
942,474,340,14
943,475,340,13
944,476,340,13
945,477,340,12
946,478,340,12
947,479,340,15
948,480,340,14
949,481,340,13
950,482,340,15
951,483,340,16
952,484,340,17
953,485,340,17
954,486,340,20
955,487,340,21
956,488,340,25
957,489,340,27
958,490,340,30
959,491,340,29
960,492,340,29
961,493,340,29
962,494,340,28
963,495,340,27
964,496,340,25
965,497,340,21
966,498,340,19
967,499,340,18
968,500,340,17
969,501,340,18
970,502,340,18
971,503,340,17
972,504,340,15
973,505,340,17
974,506,340,15
975,507,340,16
976,508,340,13
977,509,340,14
978,510,340,14
979,511,340,14
980,512,340,13
981,443,341,8
982,444,341,8
983,445,341,8
984,446,341,7
985,447,341,10
986,448,341,9
987,449,341,9
988,450,341,8
989,451,341,9
990,452,341,9
991,453,341,9
992,454,341,9
993,455,341,8
994,456,341,8
995,457,341,11
996,458,341,10
997,459,341,9
998,460,341,11
999,461,341,10
1000,462,341,10
1001,463,341,10
1002,464,341,10
1003,465,341,10
1004,466,341,10
1005,467,341,10
1006,468,341,10
1007,469,341,10
1008,470,341,10
1009,471,341,10
1010,472,341,12
1011,473,341,13
1012,474,341,15
1013,475,341,14
1014,476,341,14
1015,477,341,14
1016,478,341,14
1017,479,341,13
1018,480,341,15
1019,481,341,14
1020,482,341,16
1021,483,341,17
1022,484,341,18
1023,485,341,19
1024,486,341,18
1025,487,341,23
1026,488,341,26
1027,489,341,31
1028,490,341,30
1029,491,341,32
1030,492,341,32
1031,493,341,30
1032,494,341,29
1033,495,341,29
1034,496,341,27
1035,497,341,22
1036,498,341,20
1037,499,341,20
1038,500,341,18
1039,501,341,20
1040,502,341,17
1041,503,341,19
1042,504,341,17
1043,505,341,16
1044,506,341,17
1045,507,341,15
1046,508,341,16
1047,509,341,13
1048,510,341,13
1049,511,341,13
1050,512,341,15
1051,443,342,7
1052,444,342,7
1053,445,342,7
1054,446,342,7
1055,447,342,9
1056,448,342,8
1057,449,342,11
1058,450,342,10
1059,451,342,10
1060,452,342,7
1061,453,342,7
1062,454,342,10
1063,455,342,10
1064,456,342,9
1065,457,342,12
1066,458,342,11
1067,459,342,10
1068,460,342,10
1069,461,342,12
1070,462,342,12
1071,463,342,12
1072,464,342,12
1073,465,342,12
1074,466,342,12
1075,467,342,12
1076,468,342,12
1077,469,342,12
1078,470,342,12
1079,471,342,11
1080,472,342,13
1081,473,342,14
1082,474,342,13
1083,475,342,15
1084,476,342,14
1085,477,342,15
1086,478,342,15
1087,479,342,14
1088,480,342,16
1089,481,342,18
1090,482,342,19
1091,483,342,17
1092,484,342,19
1093,485,342,19
1094,486,342,22
1095,487,342,23
1096,488,342,26
1097,489,342,30
1098,490,342,33
1099,491,342,34
1100,492,342,34
1101,493,342,32
1102,494,342,32
1103,495,342,29
1104,496,342,27
1105,497,342,25
1106,498,342,22
1107,499,342,23
1108,500,342,18
1109,501,342,21
1110,502,342,19
1111,503,342,18
1112,504,342,16
1113,505,342,18
1114,506,342,16
1115,507,342,17
1116,508,342,14
1117,509,342,15
1118,510,342,15
1119,511,342,14
1120,512,342,16
1121,443,343,10
1122,444,343,10
1123,445,343,10
1124,446,343,10
1125,447,343,9
1126,448,343,11
1127,449,343,12
1128,450,343,11
1129,451,343,11
1130,452,343,12
1131,453,343,11
1132,454,343,11
1133,455,343,10
1134,456,343,10
1135,457,343,12
1136,458,343,11
1137,459,343,14
1138,460,343,13
1139,461,343,13
1140,462,343,12
1141,463,343,12
1142,464,343,12
1143,465,343,12
1144,466,343,12
1145,467,343,12
1146,468,343,12
1147,469,343,12
1148,470,343,12
1149,471,343,11
1150,472,343,13
1151,473,343,14
1152,474,343,16
1153,475,343,18
1154,476,343,17
1155,477,343,17
1156,478,343,14
1157,479,343,17
1158,480,343,15
1159,481,343,17
1160,482,343,18
1161,483,343,20
1162,484,343,18
1163,485,343,18
1164,486,343,24
1165,487,343,25
1166,488,343,29
1167,489,343,33
1168,490,343,35
1169,491,343,36
1170,492,343,35
1171,493,343,34
1172,494,343,30
1173,495,343,31
1174,496,343,28
1175,497,343,26
1176,498,343,24
1177,499,343,24
1178,500,343,21
1179,501,343,20
1180,502,343,20
1181,503,343,19
1182,504,343,18
1183,505,343,16
1184,506,343,17
1185,507,343,15
1186,508,343,16
1187,509,343,16
1188,510,343,16
1189,511,343,16
1190,512,343,18
1191,443,344,9
1192,444,344,9
1193,445,344,9
1194,446,344,9
1195,447,344,8
1196,448,344,10
1197,449,344,11
1198,450,344,13
1199,451,344,12
1200,452,344,12
1201,453,344,11
1202,454,344,14
1203,455,344,13
1204,456,344,12
1205,457,344,11
1206,458,344,13
1207,459,344,15
1208,460,344,14
1209,461,344,14
1210,462,344,14
1211,463,344,14
1212,464,344,14
1213,465,344,14
1214,466,344,14
1215,467,344,14
1216,468,344,13
1217,469,344,13
1218,470,344,15
1219,471,344,14
1220,472,344,16
1221,473,344,17
1222,474,344,16
1223,475,344,18
1224,476,344,17
1225,477,344,21
1226,478,344,17
1227,479,344,20
1228,480,344,19
1229,481,344,21
1230,482,344,19
1231,483,344,21
1232,484,344,22
1233,485,344,22
1234,486,344,27
1235,487,344,28
1236,488,344,32
1237,489,344,33
1238,490,344,35
1239,491,344,36
1240,492,344,39
1241,493,344,37
1242,494,344,34
1243,495,344,34
1244,496,344,31
1245,497,344,30
1246,498,344,27
1247,499,344,25
1248,500,344,25
1249,501,344,22
1250,502,344,22
1251,503,344,18
1252,504,344,18
1253,505,344,17
1254,506,344,19
1255,507,344,17
1256,508,344,17
1257,509,344,18
1258,510,344,15
1259,511,344,18
1260,512,344,17
1261,443,345,8
1262,444,345,9
1263,445,345,9
1264,446,345,8
1265,447,345,10
1266,448,345,12
1267,449,345,10
1268,450,345,12
1269,451,345,14
1270,452,345,12
1271,453,345,14
1272,454,345,13
1273,455,345,14
1274,456,345,12
1275,457,345,17
1276,458,345,17
1277,459,345,16
1278,460,345,18
1279,461,345,17
1280,462,345,17
1281,463,345,17
1282,464,345,17
1283,465,345,17
1284,466,345,17
1285,467,345,17
1286,468,345,16
1287,469,345,18
1288,470,345,20
1289,471,345,18
1290,472,345,21
1291,473,345,20
1292,474,345,22
1293,475,345,22
1294,476,345,21
1295,477,345,21
1296,478,345,24
1297,479,345,23
1298,480,345,22
1299,481,345,24
1300,482,345,23
1301,483,345,24
1302,484,345,25
1303,485,345,28
1304,486,345,30
1305,487,345,31
1306,488,345,33
1307,489,345,37
1308,490,345,39
1309,491,345,40
1310,492,345,40
1311,493,345,41
1312,494,345,37
1313,495,345,37
1314,496,345,35
1315,497,345,33
1316,498,345,28
1317,499,345,29
1318,500,345,27
1319,501,345,24
1320,502,345,25
1321,503,345,22
1322,504,345,20
1323,505,345,17
1324,506,345,17
1325,507,345,18
1326,508,345,18
1327,509,345,19
1328,510,345,16
1329,511,345,16
1330,512,345,19
1331,443,346,10
1332,444,346,8
1333,445,346,8
1334,446,346,11
1335,447,346,9
1336,448,346,11
1337,449,346,13
1338,450,346,11
1339,451,346,15
1340,452,346,12
1341,453,346,16
1342,454,346,16
1343,455,346,16
1344,456,346,19
1345,457,346,21
1346,458,346,20
1347,459,346,24
1348,460,346,22
1349,461,346,24
1350,462,346,24
1351,463,346,24
1352,464,346,24
1353,465,346,24
1354,466,346,24
1355,467,346,24
1356,468,346,23
1357,469,346,24
1358,470,346,25
1359,471,346,27
1360,472,346,30
1361,473,346,27
1362,474,346,27
1363,475,346,27
1364,476,346,27
1365,477,346,27
1366,478,346,26
1367,479,346,28
1368,480,346,27
1369,481,346,29
1370,482,346,31
1371,483,346,29
1372,484,346,33
1373,485,346,32
1374,486,346,35
1375,487,346,37
1376,488,346,38
1377,489,346,42
1378,490,346,45
1379,491,346,46
1380,492,346,45
1381,493,346,44
1382,494,346,43
1383,495,346,43
1384,496,346,41
1385,497,346,36
1386,498,346,35
1387,499,346,33
1388,500,346,31
1389,501,346,29
1390,502,346,27
1391,503,346,26
1392,504,346,23
1393,505,346,18
1394,506,346,19
1395,507,346,18
1396,508,346,19
1397,509,346,20
1398,510,346,18
1399,511,346,19
1400,512,346,18
1401,443,347,11
1402,444,347,9
1403,445,347,10
1404,446,347,9
1405,447,347,12
1406,448,347,10
1407,449,347,11
1408,450,347,11
1409,451,347,15
1410,452,347,13
1411,453,347,18
1412,454,347,19
1413,455,347,23
1414,456,347,23
1415,457,347,26
1416,458,347,30
1417,459,347,32
1418,460,347,32
1419,461,347,34
1420,462,347,33
1421,463,347,32
1422,464,347,32
1423,465,347,32
1424,466,347,32
1425,467,347,32
1426,468,347,34
1427,469,347,36
1428,470,347,37
1429,471,347,39
1430,472,347,36
1431,473,347,37
1432,474,347,34
1433,475,347,35
1434,476,347,35
1435,477,347,35
1436,478,347,35
1437,479,347,37
1438,480,347,36
1439,481,347,37
1440,482,347,38
1441,483,347,39
1442,484,347,40
1443,485,347,39
1444,486,347,42
1445,487,347,43
1446,488,347,48
1447,489,347,50
1448,490,347,52
1449,491,347,54
1450,492,347,54
1451,493,347,52
1452,494,347,51
1453,495,347,48
1454,496,347,46
1455,497,347,45
1456,498,347,41
1457,499,347,40
1458,500,347,38
1459,501,347,37
1460,502,347,34
1461,503,347,32
1462,504,347,27
1463,505,347,22
1464,506,347,22
1465,507,347,20
1466,508,347,19
1467,509,347,18
1468,510,347,17
1469,511,347,18
1470,512,347,18
1471,443,348,12
1472,444,348,11
1473,445,348,12
1474,446,348,11
1475,447,348,10
1476,448,348,11
1477,449,348,14
1478,450,348,14
1479,451,348,15
1480,452,348,18
1481,453,348,23
1482,454,348,27
1483,455,348,31
1484,456,348,34
1485,457,348,38
1486,458,348,42
1487,459,348,45
1488,460,348,46
1489,461,348,46
1490,462,348,48
1491,463,348,47
1492,464,348,47
1493,465,348,47
1494,466,348,47
1495,467,348,46
1496,468,348,49
1497,469,348,47
1498,470,348,50
1499,471,348,49
1500,472,348,50
1501,473,348,48
1502,474,348,49
1503,475,348,46
1504,476,348,47
1505,477,348,47
1506,478,348,47
1507,479,348,47
1508,480,348,49
1509,481,348,50
1510,482,348,50
1511,483,348,50
1512,484,348,53
1513,485,348,55
1514,486,348,57
1515,487,348,59
1516,488,348,61
1517,489,348,63
1518,490,348,66
1519,491,348,64
1520,492,348,64
1521,493,348,66
1522,494,348,62
1523,495,348,63
1524,496,348,61
1525,497,348,57
1526,498,348,54
1527,499,348,51
1528,500,348,50
1529,501,348,47
1530,502,348,46
1531,503,348,41
1532,504,348,33
1533,505,348,28
1534,506,348,24
1535,507,348,22
1536,508,348,21
1537,509,348,19
1538,510,348,18
1539,511,348,17
1540,512,348,17
1541,443,349,12
1542,444,349,9
1543,445,349,11
1544,446,349,10
1545,447,349,12
1546,448,349,14
1547,449,349,16
1548,450,349,17
1549,451,349,19
1550,452,349,23
1551,453,349,28
1552,454,349,34
1553,455,349,44
1554,456,349,46
1555,457,349,53
1556,458,349,60
1557,459,349,63
1558,460,349,68
1559,461,349,69
1560,462,349,69
1561,463,349,67
1562,464,349,69
1563,465,349,68
1564,466,349,68
1565,467,349,67
1566,468,349,67
1567,469,349,67
1568,470,349,67
1569,471,349,68
1570,472,349,66
1571,473,349,67
1572,474,349,65
1573,475,349,66
1574,476,349,67
1575,477,349,64
1576,478,349,65
1577,479,349,62
1578,480,349,64
1579,481,349,65
1580,482,349,67
1581,483,349,69
1582,484,349,71
1583,485,349,75
1584,486,349,76
1585,487,349,78
1586,488,349,80
1587,489,349,83
1588,490,349,83
1589,491,349,85
1590,492,349,85
1591,493,349,84
1592,494,349,83
1593,495,349,80
1594,496,349,79
1595,497,349,76
1596,498,349,71
1597,499,349,69
1598,500,349,65
1599,501,349,65
1600,502,349,57
1601,503,349,52
1602,504,349,45
1603,505,349,38
1604,506,349,32
1605,507,349,27
1606,508,349,23
1607,509,349,20
1608,510,349,18
1609,511,349,20
1610,512,349,18
1611,443,350,13
1612,444,350,12
1613,445,350,10
1614,446,350,10
1615,447,350,13
1616,448,350,14
1617,449,350,17
1618,450,350,22
1619,451,350,25
1620,452,350,32
1621,453,350,37
1622,454,350,46
1623,455,350,54
1624,456,350,62
1625,457,350,70
1626,458,350,77
1627,459,350,85
1628,460,350,89
1629,461,350,93
1630,462,350,93
1631,463,350,95
1632,464,350,96
1633,465,350,97
1634,466,350,97
1635,467,350,97
1636,468,350,97
1637,469,350,95
1638,470,350,96
1639,471,350,95
1640,472,350,93
1641,473,350,91
1642,474,350,93
1643,475,350,91
1644,476,350,92
1645,477,350,90
1646,478,350,88
1647,479,350,89
1648,480,350,88
1649,481,350,91
1650,482,350,93
1651,483,350,97
1652,484,350,100
1653,485,350,102
1654,486,350,106
1655,487,350,107
1656,488,350,110
1657,489,350,110
1658,490,350,110
1659,491,350,112
1660,492,350,113
1661,493,350,111
1662,494,350,108
1663,495,350,108
1664,496,350,107
1665,497,350,101
1666,498,350,98
1667,499,350,93
1668,500,350,88
1669,501,350,83
1670,502,350,77
1671,503,350,67
1672,504,350,58
1673,505,350,49
1674,506,350,42
1675,507,350,32
1676,508,350,29
1677,509,350,25
1678,510,350,22
1679,511,350,22
1680,512,350,21
1681,443,351,15
1682,444,351,10
1683,445,351,9
1684,446,351,12
1685,447,351,12
1686,448,351,15
1687,449,351,23
1688,450,351,25
1689,451,351,32
1690,452,351,39
1691,453,351,46
1692,454,351,58
1693,455,351,69
1694,456,351,79
1695,457,351,89
1696,458,351,101
1697,459,351,107
1698,460,351,116
1699,461,351,122
1700,462,351,128
1701,463,351,130
1702,464,351,132
1703,465,351,133
1704,466,351,131
1705,467,351,131
1706,468,351,132
1707,469,351,130
1708,470,351,129
1709,471,351,125
1710,472,351,127
1711,473,351,125
1712,474,351,124
1713,475,351,121
1714,476,351,123
1715,477,351,121
1716,478,351,119
1717,479,351,119
1718,480,351,118
1719,481,351,118
1720,482,351,122
1721,483,351,125
1722,484,351,130
1723,485,351,134
1724,486,351,140
1725,487,351,141
1726,488,351,140
1727,489,351,144
1728,490,351,145
1729,491,351,147
1730,492,351,145
1731,493,351,144
1732,494,351,143
1733,495,351,143
1734,496,351,141
1735,497,351,137
1736,498,351,132
1737,499,351,123
1738,500,351,117
1739,501,351,110
1740,502,351,99
1741,503,351,88
1742,504,351,75
1743,505,351,63
1744,506,351,52
1745,507,351,41
1746,508,351,33
1747,509,351,30
1748,510,351,25
1749,511,351,24
1750,512,351,24
1751,443,352,14
1752,444,352,13
1753,445,352,13
1754,446,352,12
1755,447,352,14
1756,448,352,16
1757,449,352,23
1758,450,352,27
1759,451,352,35
1760,452,352,43
1761,453,352,54
1762,454,352,66
1763,455,352,79
1764,456,352,89
1765,457,352,103
1766,458,352,116
1767,459,352,128
1768,460,352,139
1769,461,352,147
1770,462,352,155
1771,463,352,160
1772,464,352,163
1773,465,352,162
1774,466,352,163
1775,467,352,165
1776,468,352,163
1777,469,352,161
1778,470,352,160
1779,471,352,158
1780,472,352,157
1781,473,352,155
1782,474,352,157
1783,475,352,154
1784,476,352,155
1785,477,352,156
1786,478,352,153
1787,479,352,153
1788,480,352,152
1789,481,352,155
1790,482,352,159
1791,483,352,161
1792,484,352,168
1793,485,352,171
1794,486,352,176
1795,487,352,179
1796,488,352,178
1797,489,352,182
1798,490,352,183
1799,491,352,183
1800,492,352,181
1801,493,352,179
1802,494,352,178
1803,495,352,181
1804,496,352,176
1805,497,352,172
1806,498,352,166
1807,499,352,160
1808,500,352,149
1809,501,352,137
1810,502,352,125
1811,503,352,113
1812,504,352,96
1813,505,352,80
1814,506,352,66
1815,507,352,51
1816,508,352,41
1817,509,352,31
1818,510,352,27
1819,511,352,24
1820,512,352,25
1821,443,353,15
1822,444,353,10
1823,445,353,10
1824,446,353,8
1825,447,353,14
1826,448,353,16
1827,449,353,22
1828,450,353,26
1829,451,353,36
1830,452,353,45
1831,453,353,55
1832,454,353,69
1833,455,353,85
1834,456,353,96
1835,457,353,111
1836,458,353,125
1837,459,353,141
1838,460,353,152
1839,461,353,163
1840,462,353,171
1841,463,353,179
1842,464,353,182
1843,465,353,186
1844,466,353,186
1845,467,353,187
1846,468,353,187
1847,469,353,185
1848,470,353,186
1849,471,353,183
1850,472,353,184
1851,473,353,181
1852,474,353,182
1853,475,353,182
1854,476,353,182
1855,477,353,181
1856,478,353,181
1857,479,353,180
1858,480,353,181
1859,481,353,184
1860,482,353,184
1861,483,353,189
1862,484,353,195
1863,485,353,198
1864,486,353,206
1865,487,353,209
1866,488,353,210
1867,489,353,213
1868,490,353,212
1869,491,353,212
1870,492,353,210
1871,493,353,209
1872,494,353,211
1873,495,353,210
1874,496,353,209
1875,497,353,206
1876,498,353,197
1877,499,353,190
1878,500,353,175
1879,501,353,162
1880,502,353,148
1881,503,353,130
1882,504,353,112
1883,505,353,91
1884,506,353,75
1885,507,353,58
1886,508,353,45
1887,509,353,35
1888,510,353,30
1889,511,353,25
1890,512,353,23
1891,443,354,13
1892,444,354,11
1893,445,354,10
1894,446,354,9
1895,447,354,14
1896,448,354,16
1897,449,354,20
1898,450,354,27
1899,451,354,34
1900,452,354,44
1901,453,354,55
1902,454,354,67
1903,455,354,81
1904,456,354,93
1905,457,354,108
1906,458,354,122
1907,459,354,133
1908,460,354,147
1909,461,354,159
1910,462,354,169
1911,463,354,178
1912,464,354,186
1913,465,354,188
1914,466,354,190
1915,467,354,190
1916,468,354,193
1917,469,354,189
1918,470,354,192
1919,471,354,191
1920,472,354,193
1921,473,354,191
1922,474,354,194
1923,475,354,193
1924,476,354,192
1925,477,354,195
1926,478,354,196
1927,479,354,197
1928,480,354,197
1929,481,354,199
1930,482,354,202
1931,483,354,207
1932,484,354,210
1933,485,354,217
1934,486,354,221
1935,487,354,223
1936,488,354,226
1937,489,354,229
1938,490,354,228
1939,491,354,226
1940,492,354,227
1941,493,354,226
1942,494,354,225
1943,495,354,225
1944,496,354,225
1945,497,354,218
1946,498,354,213
1947,499,354,204
1948,500,354,191
1949,501,354,176
1950,502,354,158
1951,503,354,140
1952,504,354,121
1953,505,354,99
1954,506,354,79
1955,507,354,60
1956,508,354,49
1957,509,354,37
1958,510,354,29
1959,511,354,25
1960,512,354,23
1961,443,355,12
1962,444,355,12
1963,445,355,11
1964,446,355,9
1965,447,355,15
1966,448,355,17
1967,449,355,21
1968,450,355,26
1969,451,355,33
1970,452,355,39
1971,453,355,50
1972,454,355,58
1973,455,355,68
1974,456,355,80
1975,457,355,91
1976,458,355,104
1977,459,355,117
1978,460,355,132
1979,461,355,141
1980,462,355,151
1981,463,355,160
1982,464,355,168
1983,465,355,169
1984,466,355,174
1985,467,355,174
1986,468,355,176
1987,469,355,174
1988,470,355,176
1989,471,355,179
1990,472,355,182
1991,473,355,182
1992,474,355,186
1993,475,355,184
1994,476,355,186
1995,477,355,185
1996,478,355,185
1997,479,355,188
1998,480,355,192
1999,481,355,193
2000,482,355,196
2001,483,355,201
2002,484,355,205
2003,485,355,209
2004,486,355,213
2005,487,355,218
2006,488,355,221
2007,489,355,224
2008,490,355,222
2009,491,355,223
2010,492,355,222
2011,493,355,221
2012,494,355,218
2013,495,355,217
2014,496,355,214
2015,497,355,210
2016,498,355,205
2017,499,355,195
2018,500,355,181
2019,501,355,169
2020,502,355,151
2021,503,355,133
2022,504,355,114
2023,505,355,92
2024,506,355,74
2025,507,355,56
2026,508,355,43
2027,509,355,37
2028,510,355,28
2029,511,355,24
2030,512,355,23
2031,443,356,11
2032,444,356,10
2033,445,356,11
2034,446,356,9
2035,447,356,12
2036,448,356,15
2037,449,356,21
2038,450,356,25
2039,451,356,28
2040,452,356,32
2041,453,356,40
2042,454,356,49
2043,455,356,56
2044,456,356,66
2045,457,356,74
2046,458,356,84
2047,459,356,94
2048,460,356,107
2049,461,356,116
2050,462,356,128
2051,463,356,133
2052,464,356,136
2053,465,356,142
2054,466,356,144
2055,467,356,144
2056,468,356,145
2057,469,356,146
2058,470,356,146
2059,471,356,151
2060,472,356,153
2061,473,356,155
2062,474,356,159
2063,475,356,159
2064,476,356,161
2065,477,356,161
2066,478,356,161
2067,479,356,166
2068,480,356,169
2069,481,356,173
2070,482,356,172
2071,483,356,178
2072,484,356,182
2073,485,356,185
2074,486,356,189
2075,487,356,194
2076,488,356,197
2077,489,356,199
2078,490,356,201
2079,491,356,198
2080,492,356,197
2081,493,356,197
2082,494,356,193
2083,495,356,190
2084,496,356,188
2085,497,356,184
2086,498,356,181
2087,499,356,173
2088,500,356,160
2089,501,356,149
2090,502,356,132
2091,503,356,115
2092,504,356,96
2093,505,356,77
2094,506,356,64
2095,507,356,48
2096,508,356,41
2097,509,356,31
2098,510,356,26
2099,511,356,20
2100,512,356,22
2101,443,357,13
2102,444,357,11
2103,445,357,12
2104,446,357,10
2105,447,357,13
2106,448,357,15
2107,449,357,18
2108,450,357,21
2109,451,357,24
2110,452,357,25
2111,453,357,30
2112,454,357,36
2113,455,357,41
2114,456,357,49
2115,457,357,54
2116,458,357,66
2117,459,357,73
2118,460,357,84
2119,461,357,89
2120,462,357,98
2121,463,357,100
2122,464,357,105
2123,465,357,107
2124,466,357,107
2125,467,357,109
2126,468,357,107
2127,469,357,111
2128,470,357,114
2129,471,357,115
2130,472,357,120
2131,473,357,122
2132,474,357,122
2133,475,357,123
2134,476,357,126
2135,477,357,126
2136,478,357,128
2137,479,357,132
2138,480,357,135
2139,481,357,139
2140,482,357,141
2141,483,357,143
2142,484,357,147
2143,485,357,153
2144,486,357,157
2145,487,357,161
2146,488,357,164
2147,489,357,166
2148,490,357,167
2149,491,357,167
2150,492,357,166
2151,493,357,164
2152,494,357,161
2153,495,357,156
2154,496,357,151
2155,497,357,148
2156,498,357,144
2157,499,357,138
2158,500,357,129
2159,501,357,118
2160,502,357,104
2161,503,357,89
2162,504,357,75
2163,505,357,60
2164,506,357,47
2165,507,357,39
2166,508,357,32
2167,509,357,27
2168,510,357,23
2169,511,357,22
2170,512,357,22
2171,443,358,8
2172,444,358,9
2173,445,358,9
2174,446,358,11
2175,447,358,12
2176,448,358,14
2177,449,358,16
2178,450,358,18
2179,451,358,19
2180,452,358,20
2181,453,358,25
2182,454,358,28
2183,455,358,33
2184,456,358,38
2185,457,358,44
2186,458,358,49
2187,459,358,57
2188,460,358,62
2189,461,358,69
2190,462,358,75
2191,463,358,76
2192,464,358,78
2193,465,358,79
2194,466,358,78
2195,467,358,78
2196,468,358,78
2197,469,358,79
2198,470,358,82
2199,471,358,84
2200,472,358,86
2201,473,358,89
2202,474,358,89
2203,475,358,89
2204,476,358,92
2205,477,358,94
2206,478,358,96
2207,479,358,101
2208,480,358,101
2209,481,358,104
2210,482,358,109
2211,483,358,113
2212,484,358,116
2213,485,358,122
2214,486,358,124
2215,487,358,128
2216,488,358,134
2217,489,358,135
2218,490,358,136
2219,491,358,135
2220,492,358,134
2221,493,358,133
2222,494,358,130
2223,495,358,126
2224,496,358,119
2225,497,358,117
2226,498,358,113
2227,499,358,105
2228,500,358,97
2229,501,358,89
2230,502,358,78
2231,503,358,68
2232,504,358,52
2233,505,358,41
2234,506,358,32
2235,507,358,27
2236,508,358,27
2237,509,358,25
2238,510,358,21
2239,511,358,18
2240,512,358,18
2241,443,359,9
2242,444,359,10
2243,445,359,10
2244,446,359,9
2245,447,359,10
2246,448,359,13
2247,449,359,13
2248,450,359,16
2249,451,359,15
2250,452,359,18
2251,453,359,18
2252,454,359,24
2253,455,359,26
2254,456,359,30
2255,457,359,33
2256,458,359,38
2257,459,359,43
2258,460,359,49
2259,461,359,53
2260,462,359,55
2261,463,359,56
2262,464,359,60
2263,465,359,56
2264,466,359,55
2265,467,359,53
2266,468,359,54
2267,469,359,54
2268,470,359,55
2269,471,359,58
2270,472,359,58
2271,473,359,58
2272,474,359,61
2273,475,359,63
2274,476,359,66
2275,477,359,68
2276,478,359,68
2277,479,359,70
2278,480,359,74
2279,481,359,76
2280,482,359,80
2281,483,359,86
2282,484,359,90
2283,485,359,95
2284,486,359,100
2285,487,359,106
2286,488,359,110
2287,489,359,110
2288,490,359,113
2289,491,359,113
2290,492,359,112
2291,493,359,110
2292,494,359,105
2293,495,359,102
2294,496,359,97
2295,497,359,92
2296,498,359,85
2297,499,359,80
2298,500,359,74
2299,501,359,67
2300,502,359,58
2301,503,359,48
2302,504,359,37
2303,505,359,30
2304,506,359,22
2305,507,359,19
2306,508,359,18
2307,509,359,19
2308,510,359,16
2309,511,359,15
2310,512,359,15
2311,443,360,9
2312,444,360,9
2313,445,360,9
2314,446,360,9
2315,447,360,11
2316,448,360,12
2317,449,360,12
2318,450,360,16
2319,451,360,16
2320,452,360,16
2321,453,360,18
2322,454,360,19
2323,455,360,22
2324,456,360,25
2325,457,360,27
2326,458,360,32
2327,459,360,34
2328,460,360,37
2329,461,360,40
2330,462,360,44
2331,463,360,44
2332,464,360,46
2333,465,360,44
2334,466,360,44
2335,467,360,38
2336,468,360,37
2337,469,360,35
2338,470,360,37
2339,471,360,39
2340,472,360,39
2341,473,360,39
2342,474,360,42
2343,475,360,44
2344,476,360,47
2345,477,360,47
2346,478,360,50
2347,479,360,50
2348,480,360,51
2349,481,360,56
2350,482,360,59
2351,483,360,66
2352,484,360,72
2353,485,360,77
2354,486,360,83
2355,487,360,91
2356,488,360,94
2357,489,360,99
2358,490,360,101
2359,491,360,103
2360,492,360,99
2361,493,360,98
2362,494,360,94
2363,495,360,89
2364,496,360,82
2365,497,360,75
2366,498,360,72
2367,499,360,67
2368,500,360,60
2369,501,360,52
2370,502,360,42
2371,503,360,35
2372,504,360,26
2373,505,360,21
2374,506,360,15
2375,507,360,13
2376,508,360,13
2377,509,360,12
2378,510,360,14
2379,511,360,11
2380,512,360,13
2381,443,361,11
2382,444,361,11
2383,445,361,11
2384,446,361,11
2385,447,361,10
2386,448,361,11
2387,449,361,12
2388,450,361,13
2389,451,361,14
2390,452,361,15
2391,453,361,18
2392,454,361,20
2393,455,361,21
2394,456,361,25
2395,457,361,25
2396,458,361,29
2397,459,361,31
2398,460,361,32
2399,461,361,34
2400,462,361,37
2401,463,361,38
2402,464,361,38
2403,465,361,36
2404,466,361,34
2405,467,361,29
2406,468,361,27
2407,469,361,26
2408,470,361,27
2409,471,361,25
2410,472,361,26
2411,473,361,29
2412,474,361,32
2413,475,361,31
2414,476,361,35
2415,477,361,35
2416,478,361,36
2417,479,361,36
2418,480,361,37
2419,481,361,42
2420,482,361,47
2421,483,361,52
2422,484,361,62
2423,485,361,71
2424,486,361,78
2425,487,361,84
2426,488,361,88
2427,489,361,95
2428,490,361,99
2429,491,361,98
2430,492,361,97
2431,493,361,94
2432,494,361,88
2433,495,361,84
2434,496,361,75
2435,497,361,69
2436,498,361,64
2437,499,361,59
2438,500,361,50
2439,501,361,42
2440,502,361,34
2441,503,361,25
2442,504,361,19
2443,505,361,14
2444,506,361,12
2445,507,361,11
2446,508,361,11
2447,509,361,9
2448,510,361,10
2449,511,361,10
2450,512,361,11
2451,443,362,12
2452,444,362,12
2453,445,362,12
2454,446,362,12
2455,447,362,11
2456,448,362,13
2457,449,362,14
2458,450,362,15
2459,451,362,17
2460,452,362,15
2461,453,362,15
2462,454,362,18
2463,455,362,20
2464,456,362,25
2465,457,362,26
2466,458,362,28
2467,459,362,28
2468,460,362,28
2469,461,362,31
2470,462,362,32
2471,463,362,31
2472,464,362,32
2473,465,362,31
2474,466,362,29
2475,467,362,24
2476,468,362,23
2477,469,362,20
2478,470,362,18
2479,471,362,21
2480,472,362,22
2481,473,362,25
2482,474,362,27
2483,475,362,27
2484,476,362,27
2485,477,362,28
2486,478,362,29
2487,479,362,29
2488,480,362,30
2489,481,362,34
2490,482,362,41
2491,483,362,48
2492,484,362,58
2493,485,362,68
2494,486,362,76
2495,487,362,83
2496,488,362,89
2497,489,362,96
2498,490,362,100
2499,491,362,99
2500,492,362,99
2501,493,362,94
2502,494,362,89
2503,495,362,83
2504,496,362,74
2505,497,362,70
2506,498,362,62
2507,499,362,55
2508,500,362,46
2509,501,362,38
2510,502,362,30
2511,503,362,22
2512,504,362,15
2513,505,362,14
2514,506,362,10
2515,507,362,11
2516,508,362,10
2517,509,362,9
2518,510,362,6
2519,511,362,9
2520,512,362,10
2521,443,363,14
2522,444,363,14
2523,445,363,14
2524,446,363,14
2525,447,363,13
2526,448,363,15
2527,449,363,16
2528,450,363,17
2529,451,363,15
2530,452,363,17
2531,453,363,18
2532,454,363,18
2533,455,363,21
2534,456,363,23
2535,457,363,25
2536,458,363,28
2537,459,363,28
2538,460,363,29
2539,461,363,30
2540,462,363,29
2541,463,363,30
2542,464,363,31
2543,465,363,30
2544,466,363,27
2545,467,363,23
2546,468,363,19
2547,469,363,17
2548,470,363,16
2549,471,363,16
2550,472,363,17
2551,473,363,20
2552,474,363,22
2553,475,363,24
2554,476,363,24
2555,477,363,24
2556,478,363,25
2557,479,363,28
2558,480,363,28
2559,481,363,32
2560,482,363,38
2561,483,363,46
2562,484,363,58
2563,485,363,69
2564,486,363,82
2565,487,363,87
2566,488,363,93
2567,489,363,100
2568,490,363,101
2569,491,363,101
2570,492,363,99
2571,493,363,92
2572,494,363,88
2573,495,363,82
2574,496,363,74
2575,497,363,67
2576,498,363,60
2577,499,363,53
2578,500,363,45
2579,501,363,37
2580,502,363,24
2581,503,363,19
2582,504,363,17
2583,505,363,11
2584,506,363,13
2585,507,363,10
2586,508,363,10
2587,509,363,8
2588,510,363,9
2589,511,363,9
2590,512,363,9
2591,443,364,13
2592,444,364,13
2593,445,364,13
2594,446,364,13
2595,447,364,12
2596,448,364,13
2597,449,364,14
2598,450,364,16
2599,451,364,17
2600,452,364,18
2601,453,364,19
2602,454,364,20
2603,455,364,20
2604,456,364,23
2605,457,364,23
2606,458,364,27
2607,459,364,27
2608,460,364,28
2609,461,364,30
2610,462,364,27
2611,463,364,28
2612,464,364,27
2613,465,364,25
2614,466,364,25
2615,467,364,24
2616,468,364,20
2617,469,364,16
2618,470,364,13
2619,471,364,15
2620,472,364,13
2621,473,364,16
2622,474,364,19
2623,475,364,23
2624,476,364,24
2625,477,364,27
2626,478,364,26
2627,479,364,29
2628,480,364,28
2629,481,364,35
2630,482,364,40
2631,483,364,48
2632,484,364,62
2633,485,364,71
2634,486,364,83
2635,487,364,91
2636,488,364,96
2637,489,364,104
2638,490,364,103
2639,491,364,104
2640,492,364,100
2641,493,364,94
2642,494,364,88
2643,495,364,82
2644,496,364,75
2645,497,364,67
2646,498,364,60
2647,499,364,54
2648,500,364,45
2649,501,364,37
2650,502,364,27
2651,503,364,23
2652,504,364,20
2653,505,364,17
2654,506,364,16
2655,507,364,13
2656,508,364,13
2657,509,364,11
2658,510,364,9
2659,511,364,12
2660,512,364,10
2661,443,365,13
2662,444,365,13
2663,445,365,13
2664,446,365,12
2665,447,365,14
2666,448,365,15
2667,449,365,16
2668,450,365,17
2669,451,365,18
2670,452,365,18
2671,453,365,19
2672,454,365,21
2673,455,365,22
2674,456,365,23
2675,457,365,24
2676,458,365,25
2677,459,365,26
2678,460,365,27
2679,461,365,29
2680,462,365,29
2681,463,365,25
2682,464,365,23
2683,465,365,22
2684,466,365,24
2685,467,365,22
2686,468,365,19
2687,469,365,12
2688,470,365,11
2689,471,365,10
2690,472,365,9
2691,473,365,11
2692,474,365,17
2693,475,365,22
2694,476,365,24
2695,477,365,29
2696,478,365,27
2697,479,365,32
2698,480,365,34
2699,481,365,37
2700,482,365,45
2701,483,365,52
2702,484,365,65
2703,485,365,78
2704,486,365,86
2705,487,365,97
2706,488,365,102
2707,489,365,107
2708,490,365,107
2709,491,365,106
2710,492,365,103
2711,493,365,95
2712,494,365,89
2713,495,365,81
2714,496,365,77
2715,497,365,70
2716,498,365,62
2717,499,365,56
2718,500,365,46
2719,501,365,40
2720,502,365,31
2721,503,365,27
2722,504,365,23
2723,505,365,20
2724,506,365,18
2725,507,365,16
2726,508,365,16
2727,509,365,13
2728,510,365,14
2729,511,365,14
2730,512,365,13
2731,443,366,13
2732,444,366,12
2733,445,366,14
2734,446,366,13
2735,447,366,15
2736,448,366,16
2737,449,366,17
2738,450,366,18
2739,451,366,22
2740,452,366,22
2741,453,366,23
2742,454,366,24
2743,455,366,23
2744,456,366,22
2745,457,366,21
2746,458,366,23
2747,459,366,24
2748,460,366,26
2749,461,366,27
2750,462,366,28
2751,463,366,26
2752,464,366,24
2753,465,366,25
2754,466,366,24
2755,467,366,21
2756,468,366,18
2757,469,366,12
2758,470,366,11
2759,471,366,7
2760,472,366,10
2761,473,366,12
2762,474,366,15
2763,475,366,22
2764,476,366,26
2765,477,366,32
2766,478,366,32
2767,479,366,33
2768,480,366,35
2769,481,366,40
2770,482,366,48
2771,483,366,57
2772,484,366,67
2773,485,366,80
2774,486,366,88
2775,487,366,100
2776,488,366,105
2777,489,366,110
2778,490,366,108
2779,491,366,108
2780,492,366,103
2781,493,366,98
2782,494,366,93
2783,495,366,85
2784,496,366,75
2785,497,366,71
2786,498,366,61
2787,499,366,57
2788,500,366,50
2789,501,366,42
2790,502,366,39
2791,503,366,33
2792,504,366,29
2793,505,366,26
2794,506,366,25
2795,507,366,23
2796,508,366,21
2797,509,366,17
2798,510,366,16
2799,511,366,17
2800,512,366,17
2801,443,367,12
2802,444,367,14
2803,445,367,15
2804,446,367,17
2805,447,367,16
2806,448,367,17
2807,449,367,18
2808,450,367,19
2809,451,367,19
2810,452,367,22
2811,453,367,23
2812,454,367,25
2813,455,367,24
2814,456,367,24
2815,457,367,23
2816,458,367,25
2817,459,367,24
2818,460,367,26
2819,461,367,25
2820,462,367,28
2821,463,367,25
2822,464,367,26
2823,465,367,26
2824,466,367,27
2825,467,367,24
2826,468,367,21
2827,469,367,14
2828,470,367,13
2829,471,367,12
2830,472,367,12
2831,473,367,12
2832,474,367,16
2833,475,367,21
2834,476,367,28
2835,477,367,32
2836,478,367,38
2837,479,367,38
2838,480,367,40
2839,481,367,44
2840,482,367,51
2841,483,367,60
2842,484,367,74
2843,485,367,84
2844,486,367,93
2845,487,367,100
2846,488,367,109
2847,489,367,112
2848,490,367,110
2849,491,367,108
2850,492,367,107
2851,493,367,99
2852,494,367,93
2853,495,367,87
2854,496,367,77
2855,497,367,71
2856,498,367,64
2857,499,367,57
2858,500,367,49
2859,501,367,43
2860,502,367,39
2861,503,367,36
2862,504,367,31
2863,505,367,28
2864,506,367,27
2865,507,367,22
2866,508,367,20
2867,509,367,20
2868,510,367,19
2869,511,367,18
2870,512,367,16
2871,443,368,14
2872,444,368,15
2873,445,368,16
2874,446,368,18
2875,447,368,16
2876,448,368,18
2877,449,368,19
2878,450,368,20
2879,451,368,23
2880,452,368,23
2881,453,368,24
2882,454,368,25
2883,455,368,24
2884,456,368,24
2885,457,368,26
2886,458,368,25
2887,459,368,27
2888,460,368,27
2889,461,368,27
2890,462,368,27
2891,463,368,27
2892,464,368,27
2893,465,368,26
2894,466,368,29
2895,467,368,28
2896,468,368,23
2897,469,368,20
2898,470,368,18
2899,471,368,17
2900,472,368,17
2901,473,368,19
2902,474,368,19
2903,475,368,23
2904,476,368,28
2905,477,368,32
2906,478,368,37
2907,479,368,39
2908,480,368,39
2909,481,368,46
2910,482,368,55
2911,483,368,64
2912,484,368,75
2913,485,368,83
2914,486,368,95
2915,487,368,103
2916,488,368,112
2917,489,368,115
2918,490,368,114
2919,491,368,112
2920,492,368,105
2921,493,368,101
2922,494,368,93
2923,495,368,87
2924,496,368,77
2925,497,368,71
2926,498,368,62
2927,499,368,56
2928,500,368,48
2929,501,368,44
2930,502,368,39
2931,503,368,32
2932,504,368,31
2933,505,368,27
2934,506,368,26
2935,507,368,22
2936,508,368,20
2937,509,368,20
2938,510,368,19
2939,511,368,18
2940,512,368,16
2941,443,369,15
2942,444,369,16
2943,445,369,18
2944,446,369,19
2945,447,369,20
2946,448,369,18
2947,449,369,19
2948,450,369,20
2949,451,369,23
2950,452,369,23
2951,453,369,27
2952,454,369,28
2953,455,369,26
2954,456,369,28
2955,457,369,27
2956,458,369,29
2957,459,369,29
2958,460,369,29
2959,461,369,26
2960,462,369,27
2961,463,369,28
2962,464,369,28
2963,465,369,30
2964,466,369,35
2965,467,369,35
2966,468,369,33
2967,469,369,25
2968,470,369,22
2969,471,369,24
2970,472,369,25
2971,473,369,22
2972,474,369,22
2973,475,369,23
2974,476,369,23
2975,477,369,28
2976,478,369,35
2977,479,369,38
2978,480,369,40
2979,481,369,49
2980,482,369,57
2981,483,369,67
2982,484,369,76
2983,485,369,84
2984,486,369,97
2985,487,369,105
2986,488,369,111
2987,489,369,114
2988,490,369,113
2989,491,369,112
2990,492,369,108
2991,493,369,102
2992,494,369,91
2993,495,369,86
2994,496,369,76
2995,497,369,71
2996,498,369,62
2997,499,369,53
2998,500,369,45
2999,501,369,41
3000,502,369,36
3001,503,369,32
3002,504,369,30
3003,505,369,26
3004,506,369,25
3005,507,369,23
3006,508,369,21
3007,509,369,18
3008,510,369,17
3009,511,369,16
3010,512,369,16
3011,443,370,16
3012,444,370,18
3013,445,370,16
3014,446,370,17
3015,447,370,21
3016,448,370,21
3017,449,370,23
3018,450,370,23
3019,451,370,23
3020,452,370,26
3021,453,370,29
3022,454,370,29
3023,455,370,30
3024,456,370,31
3025,457,370,33
3026,458,370,32
3027,459,370,32
3028,460,370,33
3029,461,370,32
3030,462,370,31
3031,463,370,29
3032,464,370,26
3033,465,370,28
3034,466,370,33
3035,467,370,35
3036,468,370,31
3037,469,370,29
3038,470,370,29
3039,471,370,27
3040,472,370,28
3041,473,370,24
3042,474,370,23
3043,475,370,19
3044,476,370,21
3045,477,370,26
3046,478,370,32
3047,479,370,38
3048,480,370,41
3049,481,370,49
3050,482,370,58
3051,483,370,68
3052,484,370,75
3053,485,370,84
3054,486,370,94
3055,487,370,106
3056,488,370,110
3057,489,370,114
3058,490,370,113
3059,491,370,111
3060,492,370,108
3061,493,370,99
3062,494,370,89
3063,495,370,83
3064,496,370,74
3065,497,370,66
3066,498,370,57
3067,499,370,52
3068,500,370,44
3069,501,370,37
3070,502,370,34
3071,503,370,29
3072,504,370,27
3073,505,370,23
3074,506,370,21
3075,507,370,19
3076,508,370,20
3077,509,370,16
3078,510,370,16
3079,511,370,14
3080,512,370,15
3081,443,371,17
3082,444,371,19
3083,445,371,17
3084,446,371,21
3085,447,371,21
3086,448,371,21
3087,449,371,25
3088,450,371,22
3089,451,371,26
3090,452,371,28
3091,453,371,30
3092,454,371,33
3093,455,371,32
3094,456,371,33
3095,457,371,37
3096,458,371,36
3097,459,371,36
3098,460,371,35
3099,461,371,32
3100,462,371,29
3101,463,371,29
3102,464,371,28
3103,465,371,28
3104,466,371,30
3105,467,371,33
3106,468,371,31
3107,469,371,30
3108,470,371,28
3109,471,371,29
3110,472,371,28
3111,473,371,27
3112,474,371,23
3113,475,371,20
3114,476,371,23
3115,477,371,25
3116,478,371,31
3117,479,371,39
3118,480,371,43
3119,481,371,52
3120,482,371,61
3121,483,371,69
3122,484,371,76
3123,485,371,86
3124,486,371,93
3125,487,371,103
3126,488,371,108
3127,489,371,109
3128,490,371,109
3129,491,371,107
3130,492,371,104
3131,493,371,95
3132,494,371,88
3133,495,371,79
3134,496,371,70
3135,497,371,65
3136,498,371,54
3137,499,371,48
3138,500,371,39
3139,501,371,35
3140,502,371,32
3141,503,371,27
3142,504,371,24
3143,505,371,23
3144,506,371,21
3145,507,371,18
3146,508,371,19
3147,509,371,15
3148,510,371,15
3149,511,371,13
3150,512,371,13
3151,443,372,18
3152,444,372,19
3153,445,372,20
3154,446,372,20
3155,447,372,24
3156,448,372,23
3157,449,372,27
3158,450,372,27
3159,451,372,28
3160,452,372,30
3161,453,372,32
3162,454,372,36
3163,455,372,38
3164,456,372,41
3165,457,372,41
3166,458,372,44
3167,459,372,41
3168,460,372,41
3169,461,372,36
3170,462,372,34
3171,463,372,32
3172,464,372,28
3173,465,372,29
3174,466,372,26
3175,467,372,26
3176,468,372,26
3177,469,372,27
3178,470,372,28
3179,471,372,29
3180,472,372,28
3181,473,372,26
3182,474,372,25
3183,475,372,22
3184,476,372,25
3185,477,372,28
3186,478,372,35
3187,479,372,40
3188,480,372,45
3189,481,372,48
3190,482,372,56
3191,483,372,65
3192,484,372,75
3193,485,372,83
3194,486,372,91
3195,487,372,99
3196,488,372,102
3197,489,372,107
3198,490,372,106
3199,491,372,105
3200,492,372,98
3201,493,372,92
3202,494,372,85
3203,495,372,75
3204,496,372,70
3205,497,372,61
3206,498,372,53
3207,499,372,43
3208,500,372,37
3209,501,372,33
3210,502,372,29
3211,503,372,27
3212,504,372,23
3213,505,372,22
3214,506,372,20
3215,507,372,17
3216,508,372,18
3217,509,372,14
3218,510,372,12
3219,511,372,13
3220,512,372,13
3221,443,373,18
3222,444,373,19
3223,445,373,23
3224,446,373,22
3225,447,373,26
3226,448,373,26
3227,449,373,29
3228,450,373,29
3229,451,373,30
3230,452,373,33
3231,453,373,35
3232,454,373,39
3233,455,373,44
3234,456,373,46
3235,457,373,47
3236,458,373,50
3237,459,373,48
3238,460,373,45
3239,461,373,42
3240,462,373,37
3241,463,373,35
3242,464,373,34
3243,465,373,32
3244,466,373,33
3245,467,373,33
3246,468,373,33
3247,469,373,30
3248,470,373,31
3249,471,373,29
3250,472,373,30
3251,473,373,29
3252,474,373,30
3253,475,373,29
3254,476,373,29
3255,477,373,32
3256,478,373,37
3257,479,373,41
3258,480,373,45
3259,481,373,50
3260,482,373,56
3261,483,373,62
3262,484,373,70
3263,485,373,81
3264,486,373,90
3265,487,373,96
3266,488,373,97
3267,489,373,102
3268,490,373,102
3269,491,373,100
3270,492,373,93
3271,493,373,87
3272,494,373,82
3273,495,373,75
3274,496,373,66
3275,497,373,57
3276,498,373,51
3277,499,373,43
3278,500,373,37
3279,501,373,32
3280,502,373,28
3281,503,373,26
3282,504,373,22
3283,505,373,20
3284,506,373,18
3285,507,373,16
3286,508,373,15
3287,509,373,14
3288,510,373,15
3289,511,373,15
3290,512,373,14
3291,443,374,19
3292,444,374,22
3293,445,374,25
3294,446,374,25
3295,447,374,29
3296,448,374,30
3297,449,374,31
3298,450,374,35
3299,451,374,36
3300,452,374,37
3301,453,374,36
3302,454,374,41
3303,455,374,44
3304,456,374,44
3305,457,374,46
3306,458,374,46
3307,459,374,44
3308,460,374,43
3309,461,374,43
3310,462,374,39
3311,463,374,39
3312,464,374,37
3313,465,374,37
3314,466,374,36
3315,467,374,35
3316,468,374,37
3317,469,374,37
3318,470,374,34
3319,471,374,33
3320,472,374,31
3321,473,374,30
3322,474,374,30
3323,475,374,32
3324,476,374,32
3325,477,374,37
3326,478,374,40
3327,479,374,43
3328,480,374,45
3329,481,374,48
3330,482,374,52
3331,483,374,60
3332,484,374,69
3333,485,374,80
3334,486,374,86
3335,487,374,93
3336,488,374,94
3337,489,374,96
3338,490,374,96
3339,491,374,95
3340,492,374,91
3341,493,374,84
3342,494,374,78
3343,495,374,71
3344,496,374,64
3345,497,374,55
3346,498,374,47
3347,499,374,42
3348,500,374,38
3349,501,374,33
3350,502,374,29
3351,503,374,24
3352,504,374,23
3353,505,374,21
3354,506,374,19
3355,507,374,16
3356,508,374,15
3357,509,374,16
3358,510,374,16
3359,511,374,16
3360,512,374,16
3361,443,375,22
3362,444,375,25
3363,445,375,26
3364,446,375,27
3365,447,375,29
3366,448,375,28
3367,449,375,31
3368,450,375,30
3369,451,375,32
3370,452,375,31
3371,453,375,32
3372,454,375,36
3373,455,375,37
3374,456,375,36
3375,457,375,36
3376,458,375,36
3377,459,375,34
3378,460,375,35
3379,461,375,35
3380,462,375,33
3381,463,375,33
3382,464,375,33
3383,465,375,35
3384,466,375,36
3385,467,375,36
3386,468,375,39
3387,469,375,39
3388,470,375,38
3389,471,375,39
3390,472,375,35
3391,473,375,34
3392,474,375,34
3393,475,375,33
3394,476,375,37
3395,477,375,36
3396,478,375,41
3397,479,375,42
3398,480,375,45
3399,481,375,47
3400,482,375,53
3401,483,375,59
3402,484,375,65
3403,485,375,74
3404,486,375,83
3405,487,375,92
3406,488,375,95
3407,489,375,94
3408,490,375,95
3409,491,375,91
3410,492,375,87
3411,493,375,82
3412,494,375,76
3413,495,375,69
3414,496,375,62
3415,497,375,54
3416,498,375,49
3417,499,375,42
3418,500,375,38
3419,501,375,33
3420,502,375,26
3421,503,375,24
3422,504,375,20
3423,505,375,21
3424,506,375,18
3425,507,375,18
3426,508,375,17
3427,509,375,18
3428,510,375,18
3429,511,375,18
3430,512,375,18
3431,443,376,27
3432,444,376,28
3433,445,376,27
3434,446,376,28
3435,447,376,28
3436,448,376,26
3437,449,376,25
3438,450,376,22
3439,451,376,23
3440,452,376,23
3441,453,376,22
3442,454,376,24
3443,455,376,20
3444,456,376,21
3445,457,376,21
3446,458,376,19
3447,459,376,19
3448,460,376,22
3449,461,376,21
3450,462,376,23
3451,463,376,25
3452,464,376,26
3453,465,376,26
3454,466,376,29
3455,467,376,29
3456,468,376,34
3457,469,376,36
3458,470,376,39
3459,471,376,42
3460,472,376,38
3461,473,376,38
3462,474,376,36
3463,475,376,36
3464,476,376,38
3465,477,376,38
3466,478,376,41
3467,479,376,43
3468,480,376,44
3469,481,376,46
3470,482,376,49
3471,483,376,57
3472,484,376,62
3473,485,376,68
3474,486,376,77
3475,487,376,88
3476,488,376,93
3477,489,376,97
3478,490,376,95
3479,491,376,91
3480,492,376,87
3481,493,376,82
3482,494,376,77
3483,495,376,65
3484,496,376,61
3485,497,376,52
3486,498,376,50
3487,499,376,42
3488,500,376,38
3489,501,376,32
3490,502,376,29
3491,503,376,27
3492,504,376,23
3493,505,376,21
3494,506,376,21
3495,507,376,17
3496,508,376,19
3497,509,376,17
3498,510,376,17
3499,511,376,18
3500,512,376,15
3501,443,377,25
3502,444,377,25
3503,445,377,24
3504,446,377,23
3505,447,377,19
3506,448,377,19
3507,449,377,15
3508,450,377,14
3509,451,377,12
3510,452,377,13
3511,453,377,13
3512,454,377,13
3513,455,377,10
3514,456,377,11
3515,457,377,8
3516,458,377,9
3517,459,377,9
3518,460,377,11
3519,461,377,13
3520,462,377,14
3521,463,377,15
3522,464,377,16
3523,465,377,18
3524,466,377,20
3525,467,377,15
3526,468,377,14
3527,469,377,18
3528,470,377,26
3529,471,377,34
3530,472,377,40
3531,473,377,40
3532,474,377,38
3533,475,377,37
3534,476,377,36
3535,477,377,38
3536,478,377,38
3537,479,377,41
3538,480,377,42
3539,481,377,46
3540,482,377,50
3541,483,377,55
3542,484,377,61
3543,485,377,68
3544,486,377,74
3545,487,377,84
3546,488,377,93
3547,489,377,96
3548,490,377,96
3549,491,377,89
3550,492,377,86
3551,493,377,78
3552,494,377,72
3553,495,377,67
3554,496,377,59
3555,497,377,53
3556,498,377,50
3557,499,377,42
3558,500,377,38
3559,501,377,35
3560,502,377,28
3561,503,377,26
3562,504,377,22
3563,505,377,23
3564,506,377,20
3565,507,377,20
3566,508,377,19
3567,509,377,17
3568,510,377,18
3569,511,377,15
3570,512,377,16
3571,443,378,23
3572,444,378,22
3573,445,378,18
3574,446,378,16
3575,447,378,13
3576,448,378,10
3577,449,378,9
3578,450,378,8
3579,451,378,6
3580,452,378,7
3581,453,378,4
3582,454,378,5
3583,455,378,5
3584,456,378,6
3585,457,378,6
3586,458,378,6
3587,459,378,6
3588,460,378,5
3589,461,378,7
3590,462,378,5
3591,463,378,6
3592,464,378,10
3593,465,378,9
3594,466,378,6
3595,467,378,19
3596,468,378,82
3597,469,378,118
3598,470,378,111
3599,471,378,52
3600,472,378,32
3601,473,378,35
3602,474,378,41
3603,475,378,38
3604,476,378,40
3605,477,378,38
3606,478,378,36
3607,479,378,40
3608,480,378,41
3609,481,378,45
3610,482,378,46
3611,483,378,52
3612,484,378,59
3613,485,378,63
3614,486,378,73
3615,487,378,82
3616,488,378,91
3617,489,378,96
3618,490,378,95
3619,491,378,88
3620,492,378,85
3621,493,378,81
3622,494,378,75
3623,495,378,65
3624,496,378,58
3625,497,378,50
3626,498,378,46
3627,499,378,43
3628,500,378,37
3629,501,378,32
3630,502,378,29
3631,503,378,27
3632,504,378,23
3633,505,378,21
3634,506,378,22
3635,507,378,17
3636,508,378,19
3637,509,378,17
3638,510,378,15
3639,511,378,15
3640,512,378,16
3641,443,379,15
3642,444,379,12
3643,445,379,8
3644,446,379,9
3645,447,379,5
3646,448,379,5
3647,449,379,3
3648,450,379,2
3649,451,379,3
3650,452,379,4
3651,453,379,1
3652,454,379,2
3653,455,379,2
3654,456,379,2
3655,457,379,2
3656,458,379,2
3657,459,379,2
3658,460,379,1
3659,461,379,4
3660,462,379,3
3661,463,379,4
3662,464,379,7
3663,465,379,6
3664,466,379,2
3665,467,379,12
3666,468,379,105
3667,469,379,147
3668,470,379,136
3669,471,379,45
3670,472,379,18
3671,473,379,26
3672,474,379,35
3673,475,379,39
3674,476,379,38
3675,477,379,39
3676,478,379,37
3677,479,379,41
3678,480,379,40
3679,481,379,44
3680,482,379,46
3681,483,379,50
3682,484,379,58
3683,485,379,63
3684,486,379,72
3685,487,379,81
3686,488,379,89
3687,489,379,94
3688,490,379,92
3689,491,379,91
3690,492,379,84
3691,493,379,77
3692,494,379,70
3693,495,379,65
3694,496,379,64
3695,497,379,61
3696,498,379,57
3697,499,379,46
3698,500,379,39
3699,501,379,33
3700,502,379,28
3701,503,379,23
3702,504,379,23
3703,505,379,18
3704,506,379,18
3705,507,379,16
3706,508,379,17
3707,509,379,17
3708,510,379,17
3709,511,379,17
3710,512,379,18
