,Row,Column,Plane,Timepoint,Field,Object No,X,Y,Bounding Box,Position X [µm],Position Y [µm],coloc AR - Relative Spot  Intensity,coloc AR - Corrected Spot  Intensity,coloc AR - Uncorrected Spot  Peak Intensity,coloc AR - Spot Contrast,coloc AR - Spot Background Intensity,coloc AR - Spot Area [px²],coloc AR - Region Intensity,coloc AR - Spot To Region Intensity,coloc AR - Object No in Nuclei Selected,coloc AR - Object No in Spots AR
3352,4,8,1,37,1,1,704,1597,"[701,1594,707,1599]",-378.41,-399.32,0.0268287578436,14.3274509804,592,0.0650298957617,519.705882353,30,512.4257803,1.0421671857,3,3
3353,4,8,1,61,1,1,16,203,"[14,200,20,206]",-480.07,-193.39,0.0258624042313,7.15053763441,299,0.0521994134897,269.333333333,31,251.785595568,1.09809248756,1,1
3354,4,8,1,62,1,1,10,160,"[7,158,12,162]",-481.07,-186.96,0.0293131477342,7.49350649351,293,0.0828933474129,248.142857143,22,288.343083788,0.886570124305,1,1
3355,4,8,2,40,1,1,789,1634,"[785,1630,793,1639]",-365.82,-404.89,0.0314178170197,18.6985294118,663,0.0698221669412,576.458333333,51,568.440265157,1.0469998331,2,2
3356,4,8,2,50,1,1,1982,914,"[1980,912,1987,920]",-189.31,-298.61,0.033991566389,18.8857142857,634,0.0830994508847,536.714285714,40,457.911891217,1.21333385452,1,1
3357,4,8,2,51,1,1,2095,898,"[2089,894,2099,902]",-172.85,-296.11,0.0320658177801,16.3407407407,574,0.0756524153248,493.259259259,65,522.539100584,0.975238024161,1,1
3358,4,8,2,62,1,1,21,228,"[18,224,27,233]",-479.24,-197.16,0.0330778518088,12.126557377,414,0.0774515927545,354.48,61,312.654676259,1.17256060828,2,1
3359,4,8,2,63,1,1,828,497,"[824,493,832,501]",-360.08,-236.84,0.0282709984521,18.4175084175,718,0.0628805975171,633.045454545,54,615.882640771,1.05777126978,5,4
3360,4,8,2,64,1,1,39,124,"[36,121,41,127]",-476.81,-181.63,0.0286279,12.16,466,0.0607785,412.6,25,341.621,1.24337,1,1
3361,4,8,2,64,1,2,39,199,"[33,194,43,203]",-476.85,-192.75,0.0336071,16.3218,565,0.092479,469.345,72,347.571,1.39732,2,2
3362,4,8,3,40,1,1,788,1637,"[784,1634,792,1640]",-366.03,-405.28,0.0346115748,24.7365079365,821,0.0867317995588,689.952380952,45,654.169648094,1.09251306748,1,3
3363,4,8,3,41,1,1,788,1641,"[783,1636,791,1646]",-366.12,-405.97,0.0596997647756,41.8603896104,808,0.101326518194,659.321428571,66,602.160895522,1.16444263219,2,4
3364,4,8,3,50,1,1,1981,915,"[1978,911,1988,918]",-189.43,-298.49,0.0351899893179,24.7071428571,834,0.103612544661,677.4,56,574.661894882,1.22177431479,1,2
3365,4,8,3,51,1,1,2091,892,"[2089,890,2096,896]",-173.13,-295.27,0.0341518605431,20.8974358974,693,0.0794392523364,591.0,39,647.160924255,0.945510479641,1,1
3366,4,8,4,40,1,1,786,1635,"[782,1628,792,1640]",-366.23,-404.97,0.0477651344025,39.1585648148,956,0.100966296583,780.65625,81,698.975096203,1.17288129329,1,5
3367,4,8,4,41,1,1,787,1638,"[782,1634,792,1646]",-366.07,-405.76,0.0825858386457,65.6324675325,972,0.142799556586,729.085714286,110,670.721169384,1.18487117761,1,1
3368,4,8,4,50,1,1,2087,886,"[2081,882,2093,891]",-173.97,-294.42,0.0348834,22.4701,735,0.0835286,621.679,74,681.95,0.944568,1,1
3369,4,8,4,50,1,2,1984,915,"[1978,910,1991,922]",-189.24,-298.69,0.0656738,55.5642,977,0.105516,790.5,109,681.95,1.24065,1,3
3370,4,8,4,51,1,1,2095,894,"[2093,891,2099,902]",-172.66,-295.91,0.0331787,25.2177,870,0.0842202,734.84,52,729.242,1.04226,1,1
3371,4,8,4,51,1,2,1983,918,"[1980,913,1987,922]",-189.36,-299.01,0.0274036,24.3964,1040,0.0913687,865.864,50,729.242,1.2208,1,2
3372,4,8,5,39,1,1,794,1619,"[790,1615,798,1623]",-365.16,-402.67,0.0333637322935,27.4382183908,917,0.0712877552511,794.958333333,58,704.985547244,1.1665438461,1,3
3373,4,8,5,40,1,1,788,1633,"[783,1627,794,1639]",-365.98,-404.74,0.0604964205545,50.8756377551,983,0.108796418689,790.09375,98,707.792107727,1.18815875251,2,2
3374,4,8,5,41,1,1,786,1640,"[781,1635,792,1646]",-366.15,-405.92,0.0705481481481,58.4807017544,953,0.105910567848,770.466666667,95,703.268067471,1.17870753239,1,2
3375,4,8,5,50,1,1,2088,890,"[2086,889,2095,893]",-173.38,-295.01,0.0303155716503,24.8606060606,905,0.0645806375721,795.2,33,757.421840392,1.08269997289,1,1
3376,4,8,5,51,1,1,2094,896,"[2087,892,2098,901]",-173.06,-295.91,0.04184,34.3646,918,0.0768526,786.969,75,777.466,1.05642,1,1
3377,4,8,5,51,1,2,1987,913,"[1984,910,1990,918]",-188.73,-298.51,0.0255505,25.7222,1082,0.0489578,981.0,36,777.466,1.29488,1,2
3378,4,8,5,51,1,3,1982,916,"[1979,913,1987,921]",-189.35,-298.93,0.0273678,25.6989,1052,0.0705636,913.32,53,777.466,1.20779,1,3
3379,4,8,5,53,1,1,2085,899,"[2078,893,2090,906]",-174.4,-296.26,0.0562692268811,38.8862825089,801,0.102402916233,652.189189189,106,692.108279414,0.9985077368,2,2
3380,4,8,6,42,1,1,784,1649,"[781,1646,789,1655]",-366.44,-407.34,0.0285919679103,23.2009803922,890,0.0606286310144,788.25,51,707.704935699,1.14659505602,1,2
3381,4,8,6,48,1,1,773,1662,"[770,1659,778,1668]",-368.1,-409.19,0.0297686886193,21.8345762712,815,0.0677042393754,711.64,59,719.504999635,1.01941553796,1,2
3382,4,8,6,52,1,1,2092,892,"[2089,890,2096,895]",-173.13,-295.26,0.0279424140418,18.7439516129,736,0.0604709802332,652.0625,31,691.909901517,0.969499713969,2,1
3383,4,8,6,53,1,1,2086,897,"[2081,894,2090,902]",-174.19,-296.02,0.043843098129,34.5682148041,887,0.0811241591074,753.884615385,53,756.841543299,1.04176737809,2,2
3384,4,8,6,54,1,1,2078,904,"[2074,902,2082,909]",-175.36,-297.13,0.0332899,27.3391,918,0.0724896,793.905,41,746.189,1.10058,2,3
3385,4,8,6,54,1,2,2081,908,"[2076,904,2084,913]",-174.95,-297.65,0.0299167,23.9425,917,0.0830515,776.364,49,746.189,1.07252,2,5
3386,4,8,7,42,1,1,789,1646,"[785,1642,792,1653]",-365.91,-406.89,0.0311236086219,24.3682795699,863,0.0643917981397,758.583333333,62,694.120940325,1.12797578551,1,1
3387,4,8,7,51,1,1,2034,904,"[2030,898,2039,908]",-181.76,-296.88,0.0309624189673,31.2251157407,1086,0.05270338192,977.259259259,64,775.201638354,1.30093168681,4,2
3388,4,8,7,52,1,1,2096,896,"[2094,893,2099,901]",-172.53,-295.89,0.030833917309,23.2941176471,884,0.0939399454049,732.176470588,34,755.779564931,0.999591181464,2,1
3389,4,8,7,53,1,1,2083,896,"[2079,892,2090,906]",-174.31,-296.19,0.0526709595502,40.7543859649,889,0.0961775585697,733.0,114,781.908615163,0.98957137824,2,2
3390,4,8,7,54,1,1,2079,906,"[2073,900,2084,913]",-175.2,-297.36,0.0598961864407,49.5403037383,970,0.110117663889,777.5625,107,777.530453677,1.06375615235,2,2
3391,4,8,8,40,1,1,791,1608,"[783,1602,797,1616]",-365.7,-401.15,0.0868745108894,76.4719544259,1094,0.152922578945,803.785714286,163,607.249459957,1.44958164108,1,1
3392,4,8,8,51,1,1,2034,906,"[2031,901,2040,909]",-181.7,-297.18,0.0345526635769,36.3103703704,1171,0.071578908838,1014.56,54,744.241665494,1.41200153,7,1
3393,4,8,3,31,2,1,2078,928,"[2073,921,2084,933]",-1143.97,-300.55,0.0574344779863,18.9376114082,383,0.104083861105,310.787878788,102,320.819494585,1.02776014476,1,3
3394,4,8,5,32,2,1,2097,887,"[2095,885,2100,890]",-1141.2,-294.52,0.0281553398058,8.97619047619,348,0.0580187484165,309.833333333,21,276.238439306,1.15410992261,1,1
3395,4,8,1,31,3,1,26,210,"[23,208,30,214]",490.21,-194.51,0.0262204811007,12.3244206774,521,0.0646712345234,457.705882353,33,357.069048437,1.31635689256,2,7
3396,4,8,1,47,3,1,17,141,"[13,138,20,144]",488.72,-184.23,0.0349306,12.2586,389,0.0691451,338.684,35,294.432,1.19193,1,1
3397,4,8,1,47,3,2,17,168,"[14,165,20,172]",488.8,-188.28,0.0267498,8.86667,362,0.0575519,322.6,30,294.432,1.12578,1,2
3398,4,8,1,64,3,1,1283,1829,"[1280,1827,1285,1831]",675.77,-433.69,0.0255331088664,7.58333333333,320,0.0501846027622,289.416666667,21,274.635782482,1.08143227847,4,5
3399,4,8,2,31,3,1,18,224,"[13,221,21,229]",488.77,-196.58,0.0258961207405,11.0503144654,468,0.0592229347416,415.666666667,53,395.735511064,1.0782883244,1,1
3400,4,8,2,33,3,1,25,166,"[23,163,28,171]",489.95,-188.01,0.0274234278797,14.1630252101,559,0.0534308834941,502.294117647,35,380.370860927,1.35777262643,1,1
3401,4,8,2,49,3,1,11,182,"[9,180,13,184]",487.87,-190.22,0.0257474583409,7.13333333333,296,0.0460904137829,269.916666667,20,288.548455804,0.960150693678,1,2
3402,4,8,3,32,3,1,1253,1108,"[1251,1106,1260,1111]",671.71,-327.26,0.0278181079041,11.975,487,0.0756488128106,418.5,40,406.932173659,1.05785442358,2,1
3403,4,8,3,35,3,1,1279,962,"[1275,959,1283,968]",675.27,-305.74,0.0381144037343,14.1120448179,416,0.0775208140611,356.142857143,51,383.048989972,0.966599342784,2,1
3404,4,8,3,42,3,1,6,201,"[4,198,9,204]",487.19,-193.06,0.0257032,7.57143,328,0.0666667,287.0,28,329.363,0.894366,1,1
3405,4,8,3,42,3,2,1220,1003,"[1216,1000,1222,1005]",666.56,-311.56,0.0275468,11.0865,443,0.0618727,391.375,26,377.452,1.06626,3,2
3406,4,8,3,50,3,1,68,1387,"[64,1385,70,1392]",496.16,-368.59,0.0250011412572,41.075,1761,0.0473259288996,1601.85,40,1063.36880429,1.54501899376,1,3
3407,4,8,3,51,3,1,62,1377,"[58,1372,68,1382]",495.44,-366.83,0.0301451093615,45.7113821138,1649,0.0571642269473,1470.66666667,82,1082.05321653,1.40138953022,1,1
3408,4,8,4,39,3,1,10,87,"[7,84,13,90]",487.72,-176.21,0.0304789141138,8.48431372549,301,0.0545079855744,269.882352941,30,304.082738944,0.91543067401,1,1
3409,4,8,4,43,3,1,900,434,"[897,431,905,440]",619.32,-227.73,0.0339181718516,36.6575630252,1222,0.0785015208586,1044.10714286,68,993.839901478,1.08746358873,1,1
3410,4,8,4,50,3,1,66,1386,"[59,1380,71,1391]",495.88,-368.25,0.0380948900812,60.4938749194,1749,0.0676075616884,1527.48484848,94,1082.61822098,1.46679475056,1,1
3411,4,8,4,62,3,1,26,71,"[24,68,31,78]",490.26,-174.1,0.0258202117737,9.60459183673,406,0.056775662925,362.375,49,309.175775886,1.20313304227,1,1
3412,4,8,5,43,3,1,896,432,"[890,428,903,438]",618.85,-227.33,0.0335043271234,31.1873433584,1055,0.0794727843074,899.657894737,84,1009.66285186,0.92193670034,3,3
3413,4,8,5,58,3,1,1295,1003,"[1291,1000,1299,1009]",677.71,-311.8,0.0311026221468,12.931372549,477,0.0842962682326,402.833333333,51,392.050210809,1.06048841301,1,1
3414,4,8,5,62,3,1,29,33,"[27,32,31,36]",490.53,-168.36,0.0261849813598,9.83333333333,408,0.0546723536254,365.7,15,287.917436033,1.3043091051,1,1
3415,4,8,6,41,3,1,21,1324,"[13,1315,29,1335]",489.21,-359.34,0.028508713202,33.3028794881,1490,0.135297749635,1134.86206897,194,1072.50896057,1.08918898713,5,3
3416,4,8,7,28,3,1,33,184,"[28,179,37,190]",491.08,-190.68,0.0252623665394,12.799469496,569,0.0706939623009,493.862068966,65,355.93452381,1.4234683757,1,1
3417,4,8,1,39,4,1,532,921,"[527,916,539,926]",565.01,-945.29,0.0763081,64.6799,1005,0.124202,782.935,104,776.707,1.09129,1,1
3418,4,8,1,39,4,2,518,924,"[515,921,523,927]",562.86,-945.83,0.0327243,25.2934,832,0.0534102,747.632,40,776.707,0.995131,1,2
3419,4,8,1,48,4,1,1416,1275,"[1412,1273,1418,1283]",695.49,-998.08,0.0394481298826,31.7149122807,926,0.0905343736199,772.25,57,663.589451913,1.21153961981,6,3
3420,4,8,1,51,4,1,1351,1261,"[1349,1259,1354,1267]",685.98,-995.79,0.0308527,19.9,719,0.0698609,625.1,42,679.334,0.94946,6,10
3421,4,8,1,51,4,2,1408,1286,"[1403,1281,1414,1293]",694.44,-999.34,0.13082,120.98,1208,0.200915,803.8,109,679.334,1.3613,6,11
3422,4,8,1,54,4,1,672,1614,"[669,1612,675,1619]",585.54,-1047.92,0.0256527352716,13.7551282051,581,0.0530608545924,522.45,39,496.75542522,1.0794147401,6,3
3423,4,8,1,59,4,1,720,1768,"[717,1763,724,1772]",592.7,-1070.5,0.030642052711,12.7620889749,455,0.0597078128308,403.727272727,47,385.689423803,1.07985683817,13,19
3424,4,8,1,61,4,1,66,1656,"[60,1652,71,1660]",495.99,-1053.92,0.0279140593233,15.2994891443,622,0.0772492460211,532.793103448,54,498.513681592,1.09945346102,22,25
3425,4,8,1,62,4,1,421,402,"[416,399,425,409]",548.34,-868.82,0.0444032145533,28.1698360656,722,0.0871529241703,606.24,61,479.901018233,1.32195976245,7,13
3426,4,8,2,36,4,1,6,1578,"[4,1575,11,1583]",487.23,-1042.55,0.0336026676927,15.947826087,582,0.118529350324,458.652173913,45,474.026195154,1.00121049185,1,1
3427,4,8,2,39,4,1,534,921,"[527,916,539,926]",565.05,-945.27,0.0602761415031,75.7638339921,1446,0.100799335617,1181.18181818,92,1100.04412924,1.14263202609,1,1
3428,4,8,2,45,4,1,485,764,"[480,761,492,769]",558.02,-922.19,0.026841006154,34.0016339869,1359,0.0487010203207,1232.77777778,68,1302.35056857,0.972686957208,5,5
3429,4,8,2,50,4,1,1246,1409,"[1240,1407,1249,1414]",670.19,-1017.64,0.0260011786108,20.7102040816,881,0.0634958957026,775.8,49,715.36285255,1.11343523254,11,7
3430,4,8,2,51,4,1,1409,1287,"[1404,1282,1414,1293]",694.53,-999.45,0.14042581016,182.022137887,1706,0.209846041223,1114.19354839,102,887.794543515,1.46004015878,6,14
3431,4,8,2,52,4,1,1408,1282,"[1404,1278,1413,1289]",694.46,-998.84,0.149841226327,190.115942029,1656,0.211116528523,1078.66666667,92,817.303339999,1.55240110569,3,5
3432,4,8,3,27,4,1,1028,1394,"[1025,1390,1034,1398]",638.32,-1015.23,0.0270051239151,29.7980769231,1213,0.0609522768272,1073.625,52,996.644799629,1.1071377459,6,1
3433,4,8,3,28,4,1,1026,1398,"[1023,1394,1030,1404]",637.95,-1016.02,0.0250949813301,32.5783898305,1426,0.0595829656806,1265.625,59,1027.9061626,1.26295904925,3,3
3434,4,8,3,32,4,1,1617,1754,"[1613,1749,1621,1759]",725.24,-1068.47,0.0263635564782,29.0924242424,1182,0.0476788418215,1074.41666667,55,1056.92681159,1.04407332542,3,2
3435,4,8,3,37,4,1,535,926,"[529,922,543,932]",565.38,-946.23,0.0339589597212,47.328987265,1516,0.0592575086569,1346.38235294,97,1263.87491793,1.10272885429,1,1
3436,4,8,3,51,4,1,1409,1288,"[1404,1281,1415,1293]",694.56,-999.41,0.117096123794,174.016849817,1854,0.171162228258,1312.08571429,117,1045.39233699,1.42157399812,13,16
3437,4,8,3,52,4,1,1409,1282,"[1404,1277,1414,1289]",694.51,-998.8,0.139512166161,213.625420875,1978,0.200386189141,1317.60606061,108,998.124796568,1.53410824653,13,9
3438,4,8,3,60,4,1,1952,1064,"[1949,1061,1957,1071]",774.88,-966.64,0.037890027705,22.649321267,646,0.0580490724117,575.115384615,68,561.540131062,1.06450932501,15,21
3439,4,8,4,29,4,1,515,545,"[507,541,519,550]",562.07,-889.91,0.0256897,21.2263,917,0.0650213,805.031,66,819.182,1.00864,2,1
3440,4,8,4,29,4,2,1497,1678,"[1493,1673,1501,1683]",707.51,-1057.23,0.0284354,18.6277,717,0.0595055,636.462,56,668.496,0.979945,4,2
3441,4,8,4,41,4,1,495,847,"[491,843,498,853]",559.36,-934.42,0.0273876310915,32.623015873,1303,0.0586886815722,1158.53571429,63,1377.35724534,0.864814654434,4,2
3442,4,8,4,42,4,1,15,1644,"[12,1642,18,1649]",488.45,-1052.39,0.0271535146657,15.0256410256,605,0.0583090379009,538.333333333,39,483.245614035,1.14508845665,3,7
3443,4,8,4,44,4,1,317,12,"[315,11,319,14]",533.06,-811.02,0.0344253770151,18.3888888889,708,0.157072816415,515.777777778,12,669.381142857,0.798000768869,1,1
3444,4,8,4,50,4,1,1410,1287,"[1403,1281,1417,1293]",694.59,-999.4,0.0557511328451,82.7694183865,1692,0.0937815338042,1401.85365854,130,1152.3306303,1.28836554187,12,8
3445,4,8,4,51,4,1,1409,1286,"[1403,1279,1416,1293]",694.58,-999.3,0.0954198982496,144.976351351,1821,0.139772327192,1374.375,148,1132.4072563,1.34170047295,14,11
3446,4,8,4,52,4,1,1409,1281,"[1404,1276,1414,1289]",694.52,-998.69,0.119249557236,195.379428571,1977,0.156130692308,1443.02857143,125,1108.85037243,1.47757356695,11,10
3447,4,8,4,53,4,1,1401,1242,"[1396,1240,1403,1246]",693.18,-992.91,0.0317106097486,36.0534883721,1306,0.0852133449666,1100.9,43,1084.31709957,1.04854335399,17,43
3448,4,8,4,56,4,1,474,310,"[470,307,476,314]",556.19,-855.17,0.0308695000068,14.7973856209,543,0.077856197618,464.555555556,34,593.930120935,0.807086430339,9,4
3449,4,8,4,59,4,1,926,1881,"[922,1874,933,1886]",623.25,-1087.13,0.0294209038149,32.6449175824,1354,0.113973518447,1076.9375,91,628.51632471,1.76539951941,21,11
3450,4,8,4,61,4,1,2044,575,"[2040,572,2047,579]",788.36,-894.24,0.0316342586094,19.8671052632,674,0.0513525717335,608.157894737,40,640.174698795,0.981021276195,3,5
3451,4,8,4,62,4,1,31,2127,"[27,2124,35,2131]",490.82,-1123.64,0.0301158727239,17.2357894737,647,0.0764674564089,555.08,57,561.504906334,1.01925340815,10,12
3452,4,8,5,31,4,1,1631,1668,"[1627,1663,1636,1673]",727.34,-1055.64,0.0312095358467,38.4515250545,1370,0.0688125749455,1193.59259259,68,1164.69492934,1.05782560446,5,1
3453,4,8,5,35,4,1,1598,1722,"[1594,1717,1601,1726]",722.4,-1063.75,0.0257083,29.1526,1319,0.0883619,1104.83,47,1096.31,1.03436,1,1
3454,4,8,5,35,4,2,1543,1763,"[1540,1755,1547,1766]",714.39,-1069.64,0.028332,32.0854,1303,0.0843005,1100.39,46,1206.15,0.938917,2,5
3455,4,8,5,42,4,1,1633,1800,"[1628,1797,1635,1806]",727.47,-1075.48,0.0271422134216,29.2437137331,1176,0.0574675059266,1048.18181818,47,1063.35063207,1.01323636759,7,4
3456,4,8,5,44,4,1,146,530,"[135,523,152,540]",507.6,-887.74,0.0594924754348,53.0702793296,1090,0.130130950036,838.98,179,597.544455193,1.49286010702,8,4
3457,4,8,5,50,4,1,1366,1214,"[1360,1208,1374,1227]",688.42,-988.96,0.0941295855563,130.8610958,1733,0.158282435421,1259.36170213,193,1172.8082345,1.18537946531,14,4
3458,4,8,5,51,4,1,1406,1287,"[1402,1281,1412,1292]",694.15,-999.41,0.0348878330796,51.5681818182,1632,0.0671739388895,1426.54545455,88,1166.2520361,1.26740497818,11,9
3459,4,8,5,52,4,1,1368,1208,"[1363,1201,1378,1217]",688.84,-987.94,0.0941359,130.79,1702,0.149772,1258.59,167,1152.49,1.20554,17,3
3460,4,8,5,52,4,2,1410,1277,"[1407,1274,1415,1287]",694.93,-998.19,0.0335678,51.6451,1759,0.0838336,1486.89,81,1152.49,1.33496,17,6
3461,4,8,5,53,4,1,167,1135,"[164,1133,171,1138]",511.05,-976.99,0.030024683365,43.6470588235,1590,0.0599792160938,1410.05882353,34,1247.62876911,1.16517502509,10,20
3462,4,8,5,58,4,1,234,996,"[230,993,240,1001]",521.0,-956.5,0.0341629446093,16.633015873,559,0.0862383894913,470.24,63,557.229006357,0.873739540331,11,21
3463,4,8,5,64,4,1,1986,656,"[1981,651,1994,668]",779.9,-906.54,0.0906394941256,62.8715680293,832,0.137565644324,630.772727273,149,876.695228528,0.79120345672,17,18
3464,4,8,6,36,4,1,1546,1776,"[1543,1772,1550,1785]",714.72,-1072.04,0.0258779170106,28.7395833333,1286,0.086220321759,1081.84375,72,1163.45595506,0.954555545061,3,2
3465,4,8,6,37,4,1,1203,2081,"[1200,2079,1206,2087]",664.05,-1117.1,0.0267428926816,13.5515151515,561,0.0643325284581,493.181818182,45,574.450255261,0.882118736466,7,8
3466,4,8,6,44,4,1,145,532,"[137,525,151,537]",507.55,-887.76,0.0303078310179,21.1528455285,800,0.0834379335403,676.780487805,105,453.029134607,1.54059260215,9,3
3467,4,8,6,50,4,1,1367,1211,"[1360,1206,1375,1216]",688.36,-988.14,0.0376441,45.0782,1543,0.144911,1152.41,122,1154.37,1.03734,15,10
3468,4,8,6,50,4,2,1359,1240,"[1351,1236,1363,1250]",686.96,-992.95,0.0742605,109.248,1730,0.119052,1361.9,126,1154.37,1.27441,15,12
3469,4,8,6,52,4,1,1369,1207,"[1365,1204,1375,1211]",688.65,-987.65,0.0335887242584,47.8531583265,1724,0.111961749323,1376.82608696,53,1153.93030758,1.23463196688,13,4
3470,4,8,6,53,4,1,1374,1210,"[1370,1208,1380,1214]",689.51,-988.14,0.0483826,75.6494,1893,0.119815,1487.92,53,1154.47,1.35436,15,14
3471,4,8,6,53,4,2,1376,1217,"[1372,1213,1382,1223]",689.91,-989.13,0.0505099,81.3877,1889,0.105023,1529.93,81,1154.47,1.39573,15,15
3472,4,8,6,62,4,1,1850,243,"[1847,240,1853,248]",759.69,-845.18,0.0280585428964,9.13157894737,359,0.0632062972489,316.315789474,38,376.287019414,0.864891297415,2,1
3473,4,8,7,27,4,1,1143,11,"[1142,10,1145,14]",655.3,-810.89,0.0262125902993,9.07142857143,374,0.0520393811533,337.0,14,396.815642458,0.872121437622,7,1
3474,4,8,7,28,4,1,754,1241,"[752,1238,757,1244]",597.86,-992.57,0.0313236,22.3304,799,0.0727982,690.563,28,365.189,1.95212,11,1
3475,4,8,7,28,4,2,752,1244,"[750,1242,757,1249]",597.58,-993.28,0.0315781,21.3056,794,0.0971481,653.389,36,365.189,1.84752,11,2
3476,4,8,7,29,4,1,1592,1683,"[1589,1676,1596,1688]",721.51,-1057.84,0.0300078,41.4853,1558,0.0748534,1341.0,68,1179.54,1.17205,2,1
3477,4,8,7,29,4,2,1641,1713,"[1633,1708,1644,1720]",728.5,-1062.55,0.0259409,22.1772,957,0.0694319,832.735,80,1179.54,0.724784,2,2
3478,4,8,7,50,4,1,1366,1214,"[1361,1209,1373,1220]",688.32,-988.67,0.0489957,57.0599,1338,0.0942416,1107.53,112,1113.57,1.04581,15,5
3479,4,8,7,50,4,2,1358,1241,"[1350,1236,1364,1251]",686.97,-992.92,0.0819883,117.446,1735,0.137696,1315.02,151,1113.57,1.28637,15,6
3480,4,8,7,50,4,3,1355,1255,"[1352,1252,1359,1261]",686.65,-994.85,0.0335267,41.4296,1322,0.0507526,1194.29,61,1113.57,1.10969,15,7
3481,4,8,7,51,4,1,1365,1214,"[1359,1208,1376,1219]",688.31,-988.5,0.0536633,64.4752,1582,0.163663,1137.0,141,1119.13,1.07357,19,7
3482,4,8,7,51,4,2,1359,1241,"[1354,1238,1364,1246]",687.21,-992.66,0.0421065,64.7949,1884,0.122084,1474.04,60,1119.13,1.37502,19,9
3483,4,8,7,52,4,1,1368,1208,"[1363,1204,1375,1214]",688.7,-987.75,0.0431699602721,55.0407608696,1506,0.104940960679,1219.9375,92,1124.16372379,1.13415709286,12,9
3484,4,8,7,53,4,1,1376,1213,"[1370,1207,1384,1225]",689.68,-988.76,0.0983831414255,142.76267044,1752,0.144976025573,1308.32608696,169,1134.76529589,1.27875672851,13,9
3485,4,8,7,61,4,1,260,1001,"[258,999,264,1006]",524.81,-957.27,0.0253070889448,10.0588235294,441,0.0646879216076,387.411764706,34,551.337837838,0.720920207099,8,7
3486,4,8,7,64,4,1,1643,199,"[1641,197,1649,204]",729.44,-838.82,0.0298041009223,12.1240310078,456,0.0721003134796,394.666666667,43,352.130995861,1.15522547704,15,16
3487,4,8,8,29,4,1,1544,1649,"[1543,1648,1547,1651]",714.58,-1052.98,0.0253566146653,27.2564102564,1232,0.0808597748209,1047.66666667,13,991.853500232,1.08375186121,2,1
3488,4,8,8,31,4,1,736,1259,"[734,1255,739,1263]",595.08,-995.4,0.0391864747238,24.6421052632,761,0.114854966305,604.2,38,396.462494642,1.58613264498,9,2
3489,4,8,8,37,4,1,1243,2087,"[1239,2083,1248,2092]",670.0,-1117.78,0.0284283353407,19.5176923077,762,0.066450204333,667.04,52,589.205310634,1.16522658557,6,3
3490,4,8,8,43,4,1,1914,941,"[1910,938,1917,949]",769.12,-948.67,0.0328937963421,14.6981345393,511,0.0836166867756,432.137931034,61,370.759485732,1.20519118935,7,3
3491,4,8,8,50,4,1,1358,1240,"[1350,1235,1364,1249]",686.89,-992.79,0.072883375181,93.3559046587,1504,0.117576450414,1187.53846154,142,1017.31649551,1.25909131705,9,1
3492,4,8,8,51,4,1,1368,1216,"[1363,1211,1376,1226]",688.6,-989.1,0.0477451,52.5328,1252,0.088817,1047.74,123,1045.93,1.05196,20,14
3493,4,8,8,51,4,2,1359,1239,"[1355,1236,1363,1249]",687.26,-992.73,0.0381915,53.657,1622,0.0910472,1351.29,76,1045.93,1.34325,20,15
3494,4,8,8,52,4,1,1359,1237,"[1354,1232,1364,1244]",687.15,-992.11,0.116905060476,187.977237852,2005,0.17081297392,1419.97058824,115,1063.45627735,1.51200181928,16,13
3495,4,8,8,58,4,1,774,1527,"[769,1521,781,1533]",600.78,-1034.75,0.0725073511451,48.9931467733,842,0.146587632169,626.705882353,103,747.773023635,0.90361514493,4,4
3496,4,8,8,60,4,1,736,1558,"[731,1553,739,1566]",594.94,-1039.74,0.0447970188019,41.7578947368,1140,0.12293144208,890.4,76,682.114835165,1.36657032904,7,14
3497,4,8,8,62,4,1,722,1476,"[717,1473,729,1480]",593.08,-1027.33,0.0260668,24.0067,1035,0.0714508,896.96,60,690.187,1.33437,7,11
3498,4,8,8,62,4,2,705,1495,"[698,1489,710,1505]",590.31,-1030.56,0.0495926,41.9692,1156,0.179406,804.31,122,690.187,1.22616,7,13
3499,4,8,1,25,5,1,746,1397,"[743,1394,750,1401]",-372.13,-1015.75,0.0358822149465,31.9818181818,1066,0.107349434568,859.318181818,50,1116.55055545,0.798262107926,4,12
3500,4,8,1,26,5,1,442,54,"[437,50,449,59]",-417.04,-817.13,0.0253973,13.8493,626,0.0816839,531.455,79,517.763,1.05319,2,2
3501,4,8,1,26,5,2,355,54,"[351,50,359,59]",-430.03,-817.21,0.0334,18.5556,632,0.081266,537.0,54,511.871,1.08534,3,3
3502,4,8,1,26,5,3,744,1397,"[737,1391,750,1410]",-372.36,-1016.12,0.0638788,65.0347,1204,0.116334,953.06,169,1181.88,0.861418,4,4
3503,4,8,1,27,5,1,725,1388,"[722,1384,729,1391]",-375.26,-1014.33,0.0309961,28.0559,1033,0.0816261,877.087,49,1069.13,0.846613,3,10
3504,4,8,1,27,5,2,745,1405,"[741,1401,749,1412]",-372.29,-1017.08,0.0647577,60.7562,1112,0.117896,877.452,77,1069.13,0.87754,3,11
3505,4,8,1,28,5,1,743,1399,"[736,1390,749,1411]",-372.59,-1016.26,0.0837911951927,74.2456140351,1121,0.159955160817,811.833333333,190,1083.40414844,0.817865566278,2,5
3506,4,8,1,32,5,1,1616,626,"[1612,622,1619,633]",-243.67,-901.86,0.0296124480526,15.068852459,569,0.0707564922845,493.8,61,504.989837398,1.00768137252,5,4
3507,4,8,1,35,5,1,1055,3,"[1051,0,1058,8]",-326.52,-809.63,0.0386757,32.2708,928,0.0727549,802.125,48,812.716,1.02668,1,1
3508,4,8,1,35,5,2,773,225,"[771,223,776,228]",-368.14,-842.42,0.0257056,6.38841,275,0.0635555,242.133,23,213.247,1.16541,4,4
3509,4,8,1,41,5,1,735,350,"[733,348,738,353]",-373.83,-860.91,0.0262769412459,5.93333333333,246,0.056096164854,219.866666667,25,212.413606911,1.06302041231,5,8
3510,4,8,1,42,5,1,1427,963,"[1423,960,1431,969]",-271.57,-951.7,0.110759798555,56.2044444444,674,0.197966656002,451.24,63,362.286424355,1.40067198308,3,5
3511,4,8,1,43,5,1,978,17,"[970,15,981,24]",-338.2,-812.14,0.0294253571095,23.8768939394,938,0.0871817161071,787.5625,66,745.339901478,1.08868368959,1,1
3512,4,8,1,55,5,1,1057,12,"[1052,8,1060,18]",-326.33,-811.1,0.025787965616,18.0,780,0.0684931506849,680.0,49,696.364337102,1.00234886081,1,2
3513,4,8,1,58,5,1,1541,864,"[1538,861,1546,873]",-254.53,-937.27,0.0389607939734,25.7179118774,783,0.104855975088,634.379310345,72,518.352044727,1.2734534935,7,9
3514,4,8,1,60,5,1,1536,844,"[1533,842,1541,848]",-255.15,-934.07,0.0461947,30.0209,775,0.111225,619.857,41,468.539,1.38703,8,12
3515,4,8,1,60,5,2,1535,849,"[1532,846,1541,853]",-255.41,-934.72,0.0258864,16.7302,724,0.0697674,629.565,44,468.539,1.37939,8,13
3516,4,8,2,25,5,1,746,1398,"[741,1392,750,1405]",-372.24,-1015.8,0.0330696907316,34.3375,1212,0.0938628158845,1004.0,80,1157.93168837,0.896717406068,3,13
3517,4,8,2,26,5,1,736,1372,"[730,1366,741,1378]",-373.65,-1012.01,0.0477572,57.2326,1409,0.105022,1141.18,110,1277.42,0.938152,7,20
3518,4,8,2,26,5,2,676,1379,"[670,1373,680,1388]",-382.69,-1013.18,0.0464477,52.0431,1295,0.0958676,1068.42,92,1277.42,0.877136,7,21
3519,4,8,2,27,5,1,748,1402,"[744,1398,750,1410]",-371.98,-1016.79,0.0575482918052,56.3288633461,1203,0.131978810901,922.481481481,58,1150.49358471,0.850774274483,4,11
3520,4,8,2,28,5,1,728,1390,"[724,1388,733,1395]",-374.88,-1014.83,0.027008,27.3297,1114,0.0616686,984.583,46,1150.15,0.879811,1,1
3521,4,8,2,28,5,2,744,1402,"[738,1394,750,1413]",-372.47,-1016.54,0.0895911,95.3311,1309,0.149386,968.738,159,1150.15,0.925159,1,3
3522,4,8,2,29,5,1,745,1395,"[740,1392,751,1408]",-372.14,-1016.0,0.0694820837734,61.2313710879,1074,0.13409409986,820.022727273,122,1039.25769142,0.847964951944,3,10
3523,4,8,2,30,5,1,353,78,"[349,73,357,83]",-430.27,-820.7,0.0381326992639,19.6544980443,573,0.0722614078019,495.769230769,59,482.899653713,1.06735162233,1,1
3524,4,8,2,36,5,1,767,218,"[764,215,770,222]",-369.12,-841.46,0.0297643942562,7.6523297491,280,0.0577124868835,249.444444444,31,212.457045005,1.21011178607,4,7
3525,4,8,2,37,5,1,654,290,"[653,289,655,292]",-385.82,-852.07,0.0306686777275,6.77777777778,255,0.0869050438077,214.222222222,11,213.473478558,1.03525740758,6,9
3526,4,8,2,38,5,1,1059,8,"[1056,3,1063,13]",-325.88,-810.4,0.0342366874431,27.4945054945,891,0.0692575754079,775.576923077,56,798.341098748,1.00592519893,1,1
3527,4,8,2,59,5,1,1545,854,"[1542,849,1549,861]",-253.97,-935.5,0.0328591571059,23.9612676056,811,0.0697444352844,705.25,71,586.175969514,1.24401426454,3,6
3528,4,8,2,60,5,1,1537,843,"[1534,841,1544,845]",-255.05,-933.76,0.0286450202935,19.3157894737,798,0.0984170681349,655.0,38,546.070723832,1.23485065221,6,3
3529,4,8,3,25,5,1,735,1370,"[729,1365,740,1379]",-373.89,-1011.89,0.0462218588378,58.1555023923,1488,0.107132018209,1200.02631579,132,1269.39521633,0.991166345986,6,13
3530,4,8,3,30,5,1,2134,153,"[2132,150,2137,157]",-167.03,-831.9,0.0270805328119,18.4666666667,755,0.0645422820685,663.45,36,645.95118975,1.0556783198,2,2
3531,4,8,3,31,5,1,400,55,"[398,52,403,59]",-423.34,-817.34,0.0297745144416,15.0798611111,548,0.0544657651398,491.388888889,32,445.685927831,1.1363803934,1,1
3532,4,8,3,36,5,1,650,276,"[645,273,653,284]",-386.46,-850.33,0.0602369165488,15.8711180124,313,0.11664649296,247.607142857,69,214.037209302,1.23099278732,9,6
3533,4,8,3,37,5,1,772,218,"[769,217,773,221]",-368.49,-841.56,0.0303171331693,7.01538461538,259,0.0716104392107,224.384615385,20,213.019675282,1.08628463401,8,2
3534,4,8,3,39,5,1,1476,1999,"[1474,1997,1479,2003]",-264.23,-1104.78,0.026431424767,10.6339285714,443,0.0614751029577,391.6875,28,420.479085503,0.956816741764,2,4
3535,4,8,3,41,5,1,1544,1185,"[1540,1181,1549,1189]",-254.15,-984.31,0.0273387529402,19.2214700193,807,0.0825939815238,683.863636364,47,745.049230769,0.943676038236,3,2
3536,4,8,3,43,5,1,973,16,"[969,12,978,21]",-338.58,-811.61,0.0364689091639,28.4528076464,850,0.0613452956274,751.740740741,62,677.28299837,1.15194615879,1,2
3537,4,8,3,51,5,1,1025,35,"[1020,30,1035,40]",-330.69,-814.36,0.0273900808996,22.1115263572,918,0.0779894028355,785.170731707,124,764.150338261,1.05644428543,1,3
3538,4,8,3,60,5,1,1538,843,"[1533,840,1543,848]",-255.18,-933.84,0.0410224,28.4647,795,0.0887304,665.417,59,584.566,1.187,5,10
3539,4,8,3,60,5,2,1528,852,"[1526,848,1535,856]",-256.27,-935.22,0.0257139,17.9758,776,0.065136,681.091,45,584.566,1.19587,5,11
3540,4,8,4,36,5,1,650,276,"[646,274,655,280]",-386.32,-850.09,0.0342543208886,9.24458874459,300,0.0702124209502,260.636363636,42,214.657053354,1.25726570902,6,9
3541,4,8,4,58,5,1,1571,920,"[1566,915,1576,927]",-250.21,-945.34,0.0560628830514,45.9863731656,947,0.100345350676,774.277777778,106,591.246409641,1.38734736917,4,5
3542,4,8,4,59,5,1,1562,913,"[1556,908,1567,921]",-251.65,-944.3,0.0652705617741,57.2851370851,1033,0.114725288278,820.371428571,99,575.504677635,1.52502073356,5,9
3543,4,8,5,29,5,1,1969,106,"[1965,103,1974,112]",-191.35,-824.97,0.0253799505877,14.125,598,0.0487394957983,542.416666667,48,528.992715398,1.05207812975,1,2
3544,4,8,5,30,5,1,396,4,"[390,1,400,9]",-424.01,-809.95,0.039658069958,16.1831812256,461,0.0810372040586,391.884615385,59,393.647606727,1.03663223055,1,1
3545,4,8,5,32,5,1,718,264,"[715,261,721,267]",-376.32,-848.22,0.0279837060852,7.03137254902,278,0.0646542013967,244.235294118,30,222.068884873,1.13148074216,3,5
3546,4,8,5,35,5,1,714,281,"[711,279,716,284]",-377.0,-850.79,0.0255617594988,5.82919254658,249,0.0568440200091,222.214285714,23,211.982990787,1.07576309502,5,2
3547,4,8,5,36,5,1,772,219,"[769,217,776,223]",-368.32,-841.62,0.0256367,6.50179,281,0.06417,247.111,31,227.965,1.11251,2,3
3548,4,8,5,36,5,2,649,281,"[647,278,651,284]",-386.6,-850.7,0.0287425,8.50916,325,0.0611579,287.538,21,213.402,1.38728,7,5
3549,4,8,5,37,5,1,1435,1982,"[1430,1976,1438,1986]",-270.42,-1101.95,0.025707,12.9521,542,0.049488,490.885,49,486.314,1.03603,3,1
3550,4,8,5,37,5,2,741,251,"[740,250,744,256]",-372.84,-846.56,0.0267623,5.76087,233,0.0531073,209.5,23,210.05,1.02481,7,2
3551,4,8,5,39,5,1,755,247,"[754,245,758,249]",-370.79,-845.73,0.0251438750343,5.39705882353,242,0.0725761772853,209.25,17,207.724610186,1.03332512518,4,3
3552,4,8,5,44,5,1,658,1629,"[655,1626,663,1633]",-385.17,-1050.05,0.0302461476156,38.576499388,1379,0.0543449829983,1236.84210526,43,1000.64150127,1.27460094653,3,1
3553,4,8,5,58,5,1,1572,916,"[1566,913,1575,922]",-250.32,-944.88,0.0363582076348,28.3105625718,855,0.0651908287213,750.346153846,67,554.262920041,1.40485081766,3,3
3554,4,8,5,59,5,1,1562,910,"[1558,907,1568,914]",-251.44,-943.81,0.0377701589863,30.7021857923,948,0.0958481841826,782.166666667,61,531.60052682,1.52909715369,3,1
3555,4,8,5,60,5,1,1546,903,"[1542,900,1552,910]",-253.75,-942.83,0.0469924776494,38.8998435055,1030,0.132559560171,788.888888889,71,573.13399584,1.44431972,4,4
3556,4,8,6,26,5,1,1240,319,"[1238,317,1243,326]",-299.16,-856.62,0.0290097,17.8498,697,0.0769015,597.455,46,480.867,1.27957,3,2
3557,4,8,6,26,5,2,683,1522,"[680,1519,687,1525]",-381.45,-1034.12,0.0250243,33.1613,1447,0.05659,1292.0,31,1365.51,0.97045,4,9
3558,4,8,6,28,5,1,690,1523,"[686,1520,697,1528]",-380.32,-1034.51,0.0305362462761,41.0,1478,0.0634368629332,1301.66666667,69,1309.59071367,1.02525671009,4,13
3559,4,8,6,33,5,1,779,261,"[777,258,781,265]",-367.36,-847.84,0.026648343441,6.77039848197,282,0.0655701266948,247.294117647,31,217.940421161,1.16575215729,6,2
3560,4,8,6,34,5,1,731,284,"[729,283,732,288]",-374.52,-851.39,0.0252895752896,5.77941176471,260,0.0771620921802,222.75,17,213.795526451,1.06891577929,1,3
3561,4,8,6,36,5,1,777,220,"[775,218,780,222]",-367.65,-841.64,0.0265816831282,6.30384615385,264,0.0669982900668,230.846153846,20,213.635573819,1.11006793373,8,3
3562,4,8,6,59,5,1,1562,912,"[1556,907,1568,921]",-251.56,-944.2,0.0608635016561,44.7606837607,833,0.093415007657,690.666666667,117,477.09164324,1.54148026034,5,2
3563,4,8,6,60,5,1,1547,908,"[1541,905,1552,912]",-253.86,-943.34,0.0436979627908,35.221182266,914,0.0849996929941,770.793103448,70,530.33823883,1.51981174786,3,1
3564,4,8,7,27,5,1,759,250,"[755,246,766,258]",-370.09,-846.36,0.0318896594515,14.4692082111,537,0.100118953212,439.258064516,77,312.837891928,1.45035906594,2,5
3565,4,8,7,36,5,1,678,331,"[677,330,681,334]",-382.17,-858.17,0.0261704681873,5.45,230,0.0628465804067,202.8,16,211.75802927,0.98343378392,5,3
3566,4,8,7,38,5,1,1868,2129,"[1867,2127,1870,2133]",-206.29,-1124.03,0.0261618716408,9.19444444444,377,0.0483142161974,342.25,18,316.91631664,1.1089503001,3,3
3567,4,8,7,43,5,1,1884,2156,"[1882,2154,1886,2158]",-204.02,-1127.87,0.0315799053513,9.63888888889,340,0.0698833092959,295.583333333,18,313.125386997,0.974760383211,2,1
3568,4,8,8,25,5,1,768,284,"[766,282,771,286]",-368.87,-851.15,0.0253434,6.17057,277,0.0771762,237.308,23,273.612,0.889865,1,5
3569,4,8,8,25,5,2,2060,716,"[2057,713,2064,721]",-177.84,-915.1,0.036463,18.3143,556,0.0692755,483.957,48,567.805,0.884584,4,9
3570,4,8,8,54,5,1,1947,1668,"[1944,1667,1948,1671]",-194.76,-1055.83,0.062240043496,35.2230769231,819,0.213603022894,530.7,13,543.347452058,1.04154915014,2,1
3571,4,8,1,29,9,1,105,17,"[103,14,108,22]",501.77,-1457.65,0.0255666599464,23.3605263158,1000,0.0580051313249,890.35,38,753.024686362,1.21338721408,1,1
3572,4,8,1,30,9,1,86,37,"[84,34,91,41]",499.14,-1460.53,0.0253091223519,22.5153846154,967,0.0544681315086,867.1,39,746.13502384,1.19229811789,1,2
3573,4,8,1,31,9,1,79,41,"[75,38,83,45]",497.96,-1461.09,0.0259245382399,21.1483942414,896,0.0599667633721,794.619047619,43,710.72095773,1.14780271074,1,2
3574,4,8,2,33,9,1,69,43,"[68,42,72,49]",496.53,-1461.71,0.0255630863838,15.3004201681,648,0.0526014046152,583.235294118,28,602.275953566,0.993789824652,1,2
3575,4,8,2,57,9,1,149,4,"[146,0,153,7]",508.31,-1455.47,0.0262063,19.0938,816,0.0698132,709.5,32,572.903,1.27176,1,2
3576,4,8,2,57,9,2,153,5,"[148,2,155,11]",508.67,-1456.0,0.0495605,38.2172,899,0.10178,732.905,41,572.903,1.34599,1,3
3577,4,8,3,57,9,1,151,9,"[147,5,155,13]",508.6,-1456.25,0.0388326136163,30.183600713,920,0.103719053332,747.090909091,51,618.579331223,1.25654781945,1,2
3578,4,8,4,57,9,1,150,4,"[145,0,155,11]",508.44,-1455.69,0.0698284734134,52.8701298701,871,0.105840258541,704.272727273,98,633.521363953,1.19513389796,1,1
