,Row,Column,Plane,Timepoint,Field,Object No,X,Y,Bounding Box,Position X [µm],Position Y [µm],Compound,Concentration,Cell Type,Cell Count,coloc AR - Relative Spot  Intensity,coloc AR - Corrected Spot  Intensity,coloc AR - Uncorrected Spot  Peak Intensity,coloc AR - Spot Contrast,coloc AR - Spot Background Intensity,coloc AR - Spot Area [px²],coloc AR - Region Intensity,coloc AR - Spot To Region Intensity,coloc AR - Object No in Clustered Nuclei w/o Border Round Selected,coloc AR - Object No in Spots AR,Unnamed: 25,trc
1366,3,6,2,41,1,1,114,732,"[112,731,115,735]",-142.73,374.16,,,,,0.100432270836,177.571428571,3354,0.356658913945,1590.5,14,1640.54106412,1.07773677065,2,1,,1
1377,3,6,4,0,1,1,334,1521,"[330,1518,337,1527]",-110.21,257.43,,,,,0.0422831002529,106.752747253,2818,0.0764021008558,2417.96153846,63,1888.52812426,1.33686877801,5,62,,1
1392,3,6,4,40,1,1,113,732,"[112,731,115,735]",-142.74,374.19,,,,,0.0969613898927,165.060606061,3313,0.366108747399,1537.27272727,15,1595.42562469,1.0670088953,3,2,,1
1395,3,6,5,0,1,1,1336,918,"[1326,909,1343,931]",37.74,346.54,,,,,0.0718045,172.446,2876,0.126704,2229.16,212,2574.67,0.932781,1,24,,1
1396,3,6,5,0,1,2,335,1509,"[330,1497,342,1520]",-109.94,259.35,,,,,0.0724208,186.193,3056,0.123366,2384.79,205,2238.11,1.14873,3,37,,1
1397,3,6,5,0,1,3,333,1523,"[330,1519,338,1526]",-110.19,257.4,,,,,0.0253644,74.2943,3158,0.0504288,2854.78,52,2238.11,1.30873,3,38,,1
1398,3,6,5,0,1,4,337,1535,"[333,1532,342,1538]",-109.6,255.62,,,,,0.0396654,114.921,3201,0.0699696,2782.35,52,2238.11,1.29452,3,40,,1
1413,3,6,5,41,1,1,379,1540,"[375,1534,384,1546]",-103.46,254.87,,,,,0.0541127,93.3531,1942,0.0867964,1631.81,94,1178.2,1.46423,5,6,,1
1414,3,6,5,41,1,2,392,1545,"[385,1539,399,1550]",-101.52,254.25,,,,,0.0474239,94.1823,2208,0.07713,1891.78,118,1178.2,1.68559,5,8,,1
1415,3,6,5,41,1,3,1962,1548,"[1956,1544,1966,1556]",130.34,253.37,,,,,0.0854064,114.537,1605,0.133657,1226.55,97,893.754,1.5005,6,9,,1
1418,3,6,5,41,1,6,1833,1661,"[1828,1655,1838,1669]",111.42,236.86,,,,,0.121756,149.977,1544,0.176018,1081.81,132,893.754,1.37822,6,18,,1
1419,3,6,5,41,1,7,1872,1703,"[1867,1698,1879,1707]",117.24,230.76,,,,,0.127641,139.709,1370,0.178576,954.839,95,893.754,1.22466,6,19,,1
1420,3,6,5,44,1,1,1926,1564,"[1922,1561,1931,1570]",125.18,251.03,,,,,0.0590542056473,59.9618233618,1187,0.108099230703,955.407407407,65,699.769381304,1.45100551396,6,6,,1
1421,3,6,5,48,1,1,433,1583,"[428,1576,439,1589]",-95.52,248.47,,,,,0.0494542087063,76.8328828829,1720,0.0760815346505,1476.78378378,120,1108.50682198,1.40154001388,5,5,,1
1422,3,6,5,49,1,1,445,1563,"[437,1551,451,1571]",-93.83,251.56,,,,,0.0900511900587,156.81935753,2263,0.176309312079,1584.62745098,188,1109.4084051,1.56970760317,4,3,,1
1423,3,6,5,55,1,1,443,1539,"[434,1534,453,1548]",-93.96,254.8,,,,,0.104112205611,197.31042096,2508,0.192621591135,1697.86046512,158,1005.85101102,1.88414672284,4,5,,1
1424,3,6,6,0,1,1,1337,920,"[1328,910,1344,929]",37.97,346.51,,,,,0.0557561,118.187,2579,0.126072,2001.52,152,2440.62,0.868512,1,15,,1
1426,3,6,6,0,1,3,337,1533,"[334,1530,342,1539]",-109.64,255.67,,,,,0.045661,153.776,3667,0.0658335,3214.0,67,2553.71,1.31878,3,29,,1
1437,3,6,6,42,1,1,1944,1575,"[1940,1571,1948,1579]",127.8,249.64,,,,,0.0834317,109.827,1606,0.142029,1206.54,63,861.879,1.52732,5,5,,1
1439,3,6,6,43,1,1,1934,1572,"[1931,1569,1938,1578]",126.38,249.92,,,,,0.0708815,70.0362,1132,0.10437,918.038,67,679.613,1.45388,5,3,,1
1440,3,6,6,43,1,2,1828,1699,"[1823,1693,1835,1705]",110.68,231.3,,,,,0.123333,108.07,1133,0.19189,768.182,111,679.613,1.28934,5,6,,1
1441,3,6,6,44,1,1,1927,1577,"[1924,1574,1931,1582]",125.34,249.23,,,,,0.0763005,104.877,1622,0.121849,1269.65,64,925.466,1.48523,4,4,,1
1442,3,6,6,44,1,2,1830,1702,"[1825,1696,1835,1709]",110.94,230.79,,,,,0.112358,134.874,1502,0.170002,1065.52,100,925.466,1.29707,4,8,,1
1443,3,6,6,48,1,1,431,1584,"[426,1579,440,1591]",-95.65,248.11,,,,,0.0614271865224,104.592278719,1971,0.104476682647,1598.11111111,118,1121.83345859,1.51778624251,5,3,,1
1444,3,6,6,50,1,1,456,1568,"[451,1562,462,1575]",-92.17,250.46,,,,,0.0574006247328,124.962274619,2799,0.153975274903,2052.05714286,103,1082.59445026,2.01092793054,3,2,,1
1445,3,6,6,51,1,1,461,1565,"[455,1560,470,1574]",-91.16,250.89,,,,,0.079156551831,165.681081081,2563,0.141546410119,1927.4,148,1102.15161609,1.89908634213,4,3,,1
1446,3,6,6,55,1,1,444,1541,"[434,1533,452,1552]",-94.06,254.43,,,,,0.20105494133,409.68705036,2740,0.254578754579,1628.0,278,1029.02126795,1.9802185959,2,1,,1
1450,3,6,6,62,1,1,463,1556,"[453,1546,471,1572]",-90.98,252.17,,,,,0.181818994501,326.182136205,2425,0.245886137213,1467.8115942,319,961.775754401,1.86529315404,3,1,,1
1457,3,6,7,3,1,1,325,1526,"[320,1517,330,1532]",-111.47,257.12,,,,,0.044392,110.565,2959,0.108431,2380.08,115,2183.93,1.14044,4,8,,1
1469,3,6,7,42,1,1,1944,1575,"[1940,1571,1948,1580]",127.81,249.66,,,,,0.0654414,109.31,1945,0.109514,1561.04,66,1119.74,1.49173,3,3,,1
1471,3,6,7,42,1,3,1835,1687,"[1830,1682,1840,1695]",111.64,232.83,,,,,0.139159,222.163,2033,0.193319,1374.3,118,1119.74,1.42575,3,12,,1
1472,3,6,7,42,1,4,1878,1722,"[1874,1718,1884,1727]",118.15,227.87,,,,,0.134057,186.651,1733,0.179442,1205.68,88,1119.74,1.24345,3,13,,1
1474,3,6,7,43,1,2,1828,1699,"[1823,1694,1834,1705]",110.68,231.25,,,,,0.139247,170.42,1599,0.205677,1053.45,109,882.135,1.3874,4,10,,1
1475,3,6,7,44,1,1,1928,1577,"[1923,1572,1933,1582]",125.41,249.38,,,,,0.0637182,101.86,1867,0.110073,1496.74,98,1152.93,1.38656,3,3,,1
1477,3,6,7,44,1,3,1831,1703,"[1826,1697,1836,1709]",111.03,230.74,,,,,0.118184,181.053,1885,0.16505,1350.91,114,1152.93,1.32876,3,8,,1
1480,3,6,8,2,1,2,336,1570,"[330,1565,342,1577]",-109.91,250.28,,,,,0.0296444,81.7937,3061,0.0668547,2677.36,89,2094.87,1.3171,2,3,,1
1481,3,6,8,7,1,1,302,1579,"[297,1575,306,1583]",-114.94,249.08,,,,,0.0256176864437,56.2884615385,2414,0.0599430882639,2140.96153846,60,1745.81500827,1.25858122973,2,5,,1
1497,3,6,8,41,1,1,1956,1559,"[1951,1554,1964,1564]",129.7,252.06,,,,,0.0655445,129.447,2268,0.102711,1845.5,94,1465.17,1.34793,4,5,,1
1498,3,6,8,41,1,2,1833,1658,"[1828,1653,1839,1666]",111.4,237.16,,,,,0.0737583,148.295,2269,0.098455,1862.26,125,1465.17,1.37223,4,9,,1
1499,3,6,8,41,1,3,1874,1702,"[1866,1696,1880,1708]",117.31,230.81,,,,,0.147253,284.56,2589,0.222123,1647.89,136,1465.17,1.31892,4,10,,1
1500,3,6,8,42,1,1,1944,1575,"[1939,1570,1950,1581]",127.84,249.69,,,,,0.0588033,104.76,2050,0.10015,1676.76,103,1309.6,1.36036,4,4,,1
1501,3,6,8,42,1,2,1835,1686,"[1829,1681,1840,1695]",111.62,232.94,,,,,0.121697,227.638,2332,0.173366,1642.89,129,1309.6,1.42832,4,11,,1
1502,3,6,8,42,1,3,1879,1722,"[1874,1718,1884,1727]",118.13,227.85,,,,,0.126015,218.161,2096,0.161518,1513.07,87,1309.6,1.32195,4,12,,1
1503,3,6,8,43,1,1,1935,1573,"[1931,1566,1939,1578]",126.45,250.08,,,,,0.0625617,95.0104,1718,0.0936906,1423.66,90,1118.22,1.35811,3,1,,1
1504,3,6,8,43,1,2,1936,1583,"[1931,1578,1941,1588]",126.64,248.55,,,,,0.0504476,75.6228,1676,0.0814948,1423.41,82,1118.22,1.34056,3,2,,1
1506,3,6,8,43,1,4,1828,1699,"[1823,1693,1834,1707]",110.69,231.18,,,,,0.144678,230.213,2040,0.199647,1361.0,122,1118.22,1.42299,3,8,,1
1507,3,6,8,43,1,5,1871,1733,"[1865,1729,1877,1738]",117.0,226.22,,,,,0.119627,169.778,1812,0.183752,1249.45,96,1118.22,1.26919,3,9,,1
1508,3,6,8,44,1,1,1928,1576,"[1922,1571,1934,1582]",125.38,249.46,,,,,0.0577408,100.386,1949,0.0866485,1638.18,112,1341.32,1.29616,3,2,,1
1509,3,6,8,44,1,2,1830,1700,"[1826,1697,1835,1705]",110.9,231.14,,,,,0.0389998,72.4116,2240,0.113235,1784.31,57,1341.32,1.38425,3,5,,1
1510,3,6,8,44,1,3,1833,1705,"[1827,1702,1837,1709]",111.3,230.39,,,,,0.0410734,76.2654,2243,0.114938,1780.54,57,1341.32,1.38431,3,6,,1
1511,3,6,8,44,1,4,1876,1733,"[1872,1728,1883,1737]",117.89,226.34,,,,,0.094435,154.036,2025,0.156449,1477.1,88,1341.32,1.21607,3,7,,1
1512,3,6,8,45,1,1,1836,1701,"[1832,1697,1842,1708]",111.91,230.86,,,,,0.0882222574346,151.472426471,2064,0.137356534617,1565.46875,102,1341.84099872,1.27954144948,3,7,,1
1519,3,6,9,41,1,1,1955,1558,"[1950,1552,1962,1563]",129.51,252.23,,,,,0.0433411,83.3567,2146,0.0767918,1839.91,107,1522.61,1.26314,4,5,,1
1520,3,6,9,41,1,2,1834,1658,"[1826,1652,1844,1668]",111.49,237.22,,,,,0.0738919,143.859,2299,0.120911,1803.02,197,1522.61,1.27865,4,9,,1
1521,3,6,9,41,1,3,1875,1701,"[1866,1696,1881,1707]",117.35,230.89,,,,,0.123904,253.102,2615,0.187387,1789.63,130,1522.61,1.3416,4,10,,1
1522,3,6,9,42,1,1,1943,1572,"[1938,1568,1948,1578]",127.57,249.98,,,,,0.0407176,78.5886,2108,0.0647809,1851.5,79,1447.58,1.33332,4,2,,1
1523,3,6,9,42,1,2,1834,1686,"[1829,1681,1841,1693]",111.6,233.14,,,,,0.100391,206.013,2455,0.141573,1846.08,128,1447.58,1.4176,4,5,,1
1524,3,6,9,42,1,3,1878,1721,"[1873,1716,1884,1727]",118.11,227.95,,,,,0.137912,267.354,2439,0.186796,1671.23,107,1447.58,1.33918,4,6,,1
1526,3,6,9,43,1,2,1828,1698,"[1823,1693,1834,1706]",110.72,231.23,,,,,0.121792,228.157,2326,0.171441,1645.18,126,1317.22,1.42219,3,9,,1
1527,3,6,9,43,1,3,1872,1733,"[1865,1728,1877,1739]",117.02,226.24,,,,,0.122368,212.681,2191,0.17911,1525.36,111,1317.22,1.31948,3,10,,1
1529,3,6,9,44,1,2,1831,1701,"[1825,1695,1837,1708]",111.07,230.92,,,,,0.082235,165.837,2398,0.128793,1850.79,120,1474.77,1.36742,4,6,,1
1530,3,6,9,44,1,3,1876,1732,"[1870,1728,1883,1737]",117.85,226.41,,,,,0.0895206,158.747,2199,0.153253,1614.56,111,1474.77,1.20243,4,7,,1
1531,3,6,9,45,1,1,1837,1701,"[1831,1696,1842,1708]",111.94,230.91,,,,,0.0658953,125.875,2189,0.10184,1784.35,114,1482.56,1.28846,3,3,,1
1532,3,6,9,45,1,2,1886,1727,"[1881,1721,1892,1732]",119.31,227.25,,,,,0.0840895,143.131,2030,0.131234,1559.0,99,1482.56,1.1481,3,4,,1
1536,3,6,1,3,2,2,1071,898,"[1066,892,1077,906]",-646.9,672.43,,,,,0.0365609,60.4359,1942,0.0988565,1592.58,104,1176.94,1.4045,2,17,,1
1537,3,6,1,3,2,3,1035,904,"[1031,900,1050,909]",-651.61,671.68,,,,,0.0599431,84.8326,1761,0.139295,1330.39,137,1176.94,1.20245,2,18,,1
1538,3,6,1,3,2,4,1106,917,"[1100,913,1111,926]",-641.8,669.6,,,,,0.0416161,61.9403,1828,0.12339,1426.44,101,1176.94,1.26461,2,19,,1
1540,3,6,1,3,2,6,1101,931,"[1094,924,1111,943]",-642.61,667.57,,,,,0.0416506,63.1953,1894,0.131396,1454.08,191,1176.94,1.28916,2,21,,1
1549,3,6,1,9,2,1,118,1249,"[113,1244,123,1262]",-787.98,620.19,,,,,0.0887467,145.548,2002,0.145149,1494.49,138,1460.49,1.12294,2,17,,1
1550,3,6,1,9,2,2,191,1285,"[188,1282,194,1289]",-777.09,615.27,,,,,0.033499,64.3437,2251,0.0960649,1856.42,34,1460.49,1.31515,2,19,,1
1561,3,6,1,41,2,1,985,1169,"[976,1163,992,1175]",-659.94,632.52,,,,,0.0804467,76.1735,1129,0.129165,870.707,151,746.273,1.26881,4,9,,1
1563,3,6,1,41,2,3,1060,1216,"[1055,1209,1068,1221]",-648.54,625.7,,,,,0.125087,120.276,1189,0.171277,841.263,128,746.273,1.28846,4,12,,1
1571,3,6,1,45,2,1,1065,1219,"[1062,1214,1070,1225]",-647.88,625.03,,,,,0.076754,114.749,1898,0.157926,1380.28,80,1129.43,1.3237,6,19,,1
1574,3,6,1,49,2,1,1007,1113,"[1002,1109,1012,1118]",-656.51,640.8,,,,,0.0463335,61.9033,1534,0.0925407,1274.13,82,888.693,1.50337,7,16,,1
1575,3,6,1,49,2,2,1009,1120,"[1002,1117,1016,1124]",-656.16,639.73,,,,,0.0470539,62.8635,1520,0.0883867,1273.13,87,888.693,1.50332,7,18,,1
1578,3,6,1,55,2,2,1000,1046,"[997,1042,1005,1050]",-657.42,650.69,,,,,0.0515088,113.31,2486,0.0873701,2086.5,63,1508.84,1.45795,8,10,,1
1581,3,6,1,57,2,1,1016,1043,"[1012,1039,1023,1049]",-655.03,651.05,,,,,0.0439454624156,60.8701525054,1622,0.101057210021,1324.25925926,85,1040.42748538,1.33130797795,7,11,,1
1591,3,6,2,9,2,4,190,1287,"[186,1279,194,1295]",-777.19,615.25,,,,,0.0675411,157.46,2812,0.12799,2173.86,109,1823.44,1.27853,2,16,,1
1607,3,6,2,48,2,1,1000,1121,"[995,1117,1006,1127]",-657.54,639.59,,,,,0.0550518,82.3356,1727,0.0999066,1413.27,88,1082.55,1.38155,6,9,,1
1608,3,6,2,48,2,2,1004,1127,"[999,1123,1008,1133]",-656.96,638.58,,,,,0.0422511,61.8139,1658,0.0839435,1401.2,72,1082.55,1.35145,6,11,,1
1611,3,6,2,49,2,1,1009,1111,"[1004,1108,1013,1117]",-656.32,640.91,,,,,0.0440066,70.6489,1871,0.0987247,1534.77,77,1128.0,1.42325,7,8,,1
1612,3,6,2,49,2,2,1011,1120,"[1008,1117,1014,1124]",-655.92,639.69,,,,,0.0326359,55.9264,1876,0.0617699,1657.72,37,1128.0,1.5192,7,9,,1
1616,3,6,2,55,2,1,1001,1045,"[996,1041,1006,1050]",-657.42,650.74,,,,,0.0454684683919,106.40851927,2647,0.0846444593592,2233.86206897,85,1729.5734521,1.35309118291,9,8,,1
1617,3,6,2,57,2,1,1017,1044,"[1013,1038,1022,1049]",-654.84,651.1,,,,,0.0441282098783,77.3646723647,2086,0.109039175339,1675.81481481,78,1304.65113239,1.3437917951,7,9,,1
1642,3,6,3,47,2,3,1073,1211,"[1066,1206,1079,1216]",-646.89,626.3,,,,,0.102067,185.781,2203,0.148171,1634.41,107,1440.67,1.26343,7,10,,1
1643,3,6,3,48,2,1,1001,1123,"[996,1117,1008,1132]",-657.25,639.18,,,,,0.0776265,139.006,2114,0.122767,1651.7,135,1337.67,1.33868,7,7,,1
1646,3,6,3,49,2,1,1007,1112,"[1001,1107,1013,1117]",-656.48,640.97,,,,,0.0374964,66.8928,2048,0.0878902,1717.09,93,1411.78,1.26364,9,20,,1
1647,3,6,3,49,2,2,1010,1120,"[1002,1116,1015,1125]",-656.13,639.85,,,,,0.0417744,77.3424,2044,0.0706922,1774.09,90,1411.78,1.31142,9,21,,1
1656,3,6,3,57,2,1,1025,1035,"[1020,1031,1030,1039]",-653.87,652.39,,,,,0.0374119,79.1041,2333,0.0681482,2035.31,68,1539.08,1.37381,9,11,,1
1657,3,6,3,57,2,2,1017,1045,"[1011,1040,1023,1052]",-655.0,650.83,,,,,0.0482083,88.2719,2290,0.135693,1742.78,94,1539.08,1.18971,9,14,,1
1658,3,6,3,58,2,1,1031,1036,"[1028,1033,1035,1043]",-652.97,652.0,,,,,0.0385871732435,75.8,2174,0.0702549691288,1888.58333333,60,1501.98890275,1.30785475827,7,8,,1
1677,3,6,4,47,2,1,1000,1129,"[994,1124,1005,1141]",-657.56,638.04,,,,,0.0880991,192.965,2681,0.146131,1997.35,134,1639.76,1.33575,7,9,,1
1678,3,6,4,47,2,2,1072,1210,"[1066,1206,1078,1215]",-646.96,626.39,,,,,0.070774,148.576,2446,0.112646,1950.73,89,1639.76,1.28025,7,14,,1
1680,3,6,4,48,2,1,1001,1124,"[992,1115,1008,1132]",-657.49,639.19,,,,,0.0830331,159.789,2304,0.132572,1764.62,187,1583.43,1.21534,8,15,,1
1686,3,6,4,50,2,1,1006,1109,"[1002,1106,1011,1116]",-656.66,641.15,,,,,0.0490521,103.058,2353,0.0816082,1997.93,73,1374.36,1.5287,9,18,,1
1687,3,6,4,50,2,2,1010,1117,"[1004,1114,1014,1122]",-656.15,640.15,,,,,0.0347053,67.9917,2193,0.0739142,1891.13,60,1374.36,1.42547,9,19,,1
1691,3,6,4,55,2,2,1005,1051,"[995,1046,1012,1057]",-656.98,649.83,,,,,0.0562221,126.85,2638,0.106686,2129.38,132,1817.91,1.24112,9,6,,1
1692,3,6,4,56,2,1,1013,1044,"[1005,1034,1022,1056]",-655.54,650.85,,,,,0.0921951506051,197.010673822,2648,0.154346572237,1939.87692308,258,1678.79604938,1.27286908835,9,6,,1
1693,3,6,4,57,2,1,1024,1035,"[1020,1030,1030,1039]",-653.9,652.47,,,,,0.0367695,81.6645,2457,0.0691158,2139.32,71,1709.25,1.29939,8,8,,1
1695,3,6,4,57,2,3,1027,1045,"[1023,1040,1032,1050]",-653.38,650.88,,,,,0.0378765,83.3109,2444,0.0718756,2116.23,72,1709.25,1.28685,8,10,,1
1697,3,6,4,59,2,2,1190,1098,"[1183,1094,1195,1108]",-629.53,642.78,,,,,0.037388,92.1263,2728,0.0698173,2371.94,128,1776.41,1.3871,9,10,,1
1698,3,6,5,5,2,1,1507,142,"[1499,135,1518,153]",-582.54,784.16,,,,,0.0378923994447,48.9826548392,1512,0.0973638566666,1243.69491525,214,652.814044074,1.98016201065,1,1,,1
1703,3,6,5,11,2,1,191,1282,"[187,1279,197,1286]",-776.88,615.81,,,,,0.0270884666014,68.0127118644,2754,0.0598932024823,2442.75,59,1950.14746963,1.28747325572,3,4,,1
1714,3,6,5,47,2,1,1000,1133,"[993,1122,1006,1141]",-657.56,638.11,,,,,0.099819,216.771,2642,0.149479,1954.87,182,1746.82,1.2432,8,7,,1
1722,3,6,5,50,2,2,1008,1109,"[1001,1103,1016,1120]",-656.41,641.03,,,,,0.0754849,166.924,2601,0.119811,2044.43,176,1631.59,1.35534,9,19,,1
1725,3,6,5,52,2,1,1010,1093,"[1002,1088,1016,1106]",-656.25,643.32,,,,,0.0521504,132.636,3025,0.113012,2410.7,136,1814.35,1.40179,10,5,,1
1726,3,6,5,52,2,2,1015,1100,"[1009,1096,1019,1105]",-655.42,642.68,,,,,0.0492939,133.183,3100,0.0937388,2568.63,80,1814.35,1.48914,10,6,,1
1729,3,6,5,55,2,2,1145,1116,"[1137,1111,1151,1123]",-636.2,640.32,,,,,0.0315346,68.7943,2558,0.0953259,2112.76,129,1731.96,1.25958,6,5,,1
1732,3,6,5,56,2,1,1015,1047,"[1010,1041,1021,1052]",-655.18,650.6,,,,,0.0425770020031,100.696911197,2644,0.0773462170933,2264.35714286,74,1784.04269863,1.3256712162,9,10,,1
1737,3,6,5,59,2,3,1191,1096,"[1187,1093,1195,1101]",-629.26,643.21,,,,,0.0354143,91.0426,2824,0.0649088,2479.74,60,1760.14,1.46056,7,10,,1
1738,3,6,5,60,2,1,1045,1023,"[1038,1020,1048,1027]",-651.12,654.01,,,,,0.0251649340567,59.1937321937,2637,0.0697688395399,2293.03703704,65,1745.92494249,1.3472691248,9,5,,1
1739,3,6,5,61,2,1,1187,1111,"[1184,1108,1191,1121]",-629.79,640.72,,,,,0.030489130723,76.6533333333,2792,0.067795313735,2437.46666667,75,1786.18797068,1.40753383254,9,9,,1
1741,3,6,5,63,2,1,1177,1121,"[1170,1115,1183,1131]",-631.48,639.3,,,,,0.0601990483348,143.88583193,2650,0.0824539813045,2246.28205128,137,1782.51351975,1.34089747804,8,7,,1
1765,3,6,6,46,2,1,1441,1709,"[1436,1701,1446,1716]",-592.41,552.81,,,,,0.115581537117,273.341666667,2944,0.169278633723,2091.58333333,120,1862.28892751,1.26990230413,12,13,,1
1766,3,6,6,47,2,1,1000,1131,"[993,1121,1008,1140]",-657.49,638.24,,,,,0.102446,201.476,2379,0.148116,1765.18,218,1740.91,1.12967,10,9,,1
1769,3,6,6,48,2,1,999,1120,"[993,1114,1005,1127]",-657.63,639.88,,,,,0.066996,122.705,2115,0.106225,1708.82,123,1770.72,1.03434,10,12,,1
1774,3,6,6,50,2,1,1008,1109,"[1002,1103,1014,1118]",-656.38,641.26,,,,,0.0704078563433,157.352044352,2564,0.104812202034,2077.51282051,148,1759.32367819,1.27029772439,10,8,,1
1776,3,6,6,51,2,2,1005,1103,"[999,1099,1010,1113]",-657.06,642.03,,,,,0.0588724,152.038,3113,0.123126,2430.46,97,1799.41,1.43519,11,14,,1
1777,3,6,6,51,2,3,1009,1109,"[1003,1103,1015,1114]",-656.23,641.39,,,,,0.0777885,204.265,3188,0.136616,2421.63,98,1799.41,1.45931,11,15,,1
1778,3,6,6,52,2,1,1011,1092,"[1005,1088,1017,1098]",-656.01,643.87,,,,,0.0477114,113.031,2710,0.0914148,2256.03,96,1726.57,1.37212,7,5,,1
1779,3,6,6,52,2,2,1017,1100,"[1002,1094,1023,1105]",-655.52,642.78,,,,,0.0345955,79.9944,2734,0.101025,2232.28,137,1726.57,1.33923,7,6,,1
1780,3,6,6,53,2,1,1012,1075,"[1007,1071,1016,1080]",-655.82,646.42,,,,,0.0498384,135.644,3051,0.0824836,2586.04,69,1809.38,1.50421,9,9,,1
1781,3,6,6,53,2,2,1015,1081,"[1005,1078,1018,1086]",-655.76,645.43,,,,,0.0355381,92.3673,3019,0.0927053,2506.74,78,1809.38,1.43646,9,10,,1
1782,3,6,6,54,2,1,1015,1061,"[1011,1057,1020,1065]",-655.22,648.5,,,,,0.0424596,116.335,3018,0.0699168,2623.56,57,1827.19,1.49951,9,20,,1
1783,3,6,6,54,2,2,1016,1070,"[1008,1064,1025,1077]",-655.19,647.25,,,,,0.0688442,178.373,3050,0.116686,2412.59,170,1827.19,1.418,9,21,,1
1784,3,6,6,55,2,1,1148,1110,"[1138,1100,1157,1127]",-635.62,640.99,,,,,0.0950895829247,180.24806338,2505,0.187115883006,1715.3125,355,1568.10529229,1.20882224727,5,4,,1
1788,3,6,6,57,2,3,1176,1102,"[1172,1097,1181,1107]",-631.47,642.47,,,,,0.0530027,140.582,2951,0.0804027,2511.78,75,1768.05,1.50017,8,6,,1
1790,3,6,6,58,2,2,1185,1099,"[1178,1092,1195,1115]",-630.06,642.32,,,,,0.0984687,228.781,2952,0.169894,2094.61,279,1776.66,1.30773,8,7,,1
1791,3,6,6,59,2,1,1191,1100,"[1182,1092,1199,1114]",-629.39,642.37,,,,,0.0959537,214.625,2732,0.149317,2022.13,258,1646.26,1.35869,6,6,,1
1793,3,6,6,60,2,1,1044,1031,"[1036,1027,1052,1036]",-651.08,652.96,,,,,0.0373047,86.6734,2600,0.0751092,2236.72,115,1777.14,1.30738,8,4,,1
1794,3,6,6,60,2,2,1185,1112,"[1181,1105,1193,1120]",-630.05,640.89,,,,,0.0389989,94.5099,2704,0.0745313,2328.89,112,1777.14,1.36365,8,6,,1
1796,3,6,6,61,2,2,1185,1115,"[1180,1109,1191,1124]",-630.14,640.42,,,,,0.0648627,163.999,2875,0.0974539,2364.4,148,1734.73,1.45752,8,12,,1
1797,3,6,6,62,2,1,1183,1119,"[1177,1112,1188,1126]",-630.5,639.94,,,,,0.0708221785775,178.627073906,2934,0.111876594194,2343.56410256,136,1787.32292119,1.41115583903,7,5,,1
1798,3,6,6,63,2,1,1182,1122,"[1175,1117,1186,1134]",-630.87,639.03,,,,,0.040613614619,86.7804434751,2626,0.123193645298,2049.95238095,131,1702.75948568,1.25486473128,6,3,,1
1799,3,6,7,7,2,1,282,1298,"[272,1289,288,1310]",-763.88,613.24,,,,,0.108745161881,185.119447779,2126,0.167104533462,1517.20408163,204,1645.26212726,1.03468225592,4,2,,1
1809,3,6,7,44,2,5,1440,1702,"[1434,1695,1447,1711]",-592.5,553.64,,,,,0.139947,310.414,2910,0.208054,1907.67,148,1763.78,1.25757,13,24,,1
1811,3,6,7,45,2,2,1441,1705,"[1434,1697,1449,1713]",-592.31,553.28,,,,,0.128394,329.66,3318,0.194405,2237.9,160,1980.06,1.29671,11,16,,1
1812,3,6,7,46,2,1,1439,1705,"[1433,1699,1447,1716]",-592.55,553.01,,,,,0.108101714689,279.08452381,3135,0.153082242166,2302.6,168,2072.94163021,1.24542075193,12,7,,1
1814,3,6,7,47,2,2,1160,1171,"[1157,1168,1165,1177]",-633.85,632.04,,,,,0.0270746,60.9234,2546,0.0753324,2189.28,59,1643.69,1.36899,9,9,,1
1817,3,6,7,48,2,1,1757,187,"[1752,180,1765,194]",-545.5,777.86,,,,,0.0451879,134.671,3663,0.125592,2845.57,130,2392.2,1.24582,1,5,,1
1818,3,6,7,48,2,2,1162,1160,"[1158,1157,1167,1166]",-633.5,633.63,,,,,0.0413175,94.2143,2547,0.0762649,2186.04,72,1699.7,1.34156,10,19,,1
1819,3,6,7,48,2,3,1158,1169,"[1153,1164,1170,1178]",-633.9,632.37,,,,,0.0579961,125.352,2607,0.122972,2036.04,151,1699.7,1.27163,10,20,,1
1822,3,6,7,49,2,1,1170,1158,"[1165,1153,1174,1164]",-632.43,634.09,,,,,0.0386992,85.0575,2451,0.0740915,2112.86,82,1689.44,1.30097,10,7,,1
1825,3,6,7,49,2,4,1444,1716,"[1438,1707,1452,1722]",-591.85,551.84,,,,,0.103137,218.746,2644,0.163174,1902.18,148,1807.25,1.17356,16,21,,1
1828,3,6,7,53,2,1,1013,1072,"[1009,1069,1018,1075]",-655.54,646.89,,,,,0.0431599,112.367,3011,0.0944827,2491.14,49,1788.21,1.45593,9,4,,1
1829,3,6,7,53,2,2,1015,1082,"[1003,1076,1021,1088]",-655.56,645.32,,,,,0.0370475,90.1573,2960,0.116264,2343.4,130,1788.21,1.36089,9,5,,1
1830,3,6,7,53,2,3,1172,1122,"[1168,1119,1176,1126]",-632.16,639.49,,,,,0.0327807,80.028,2697,0.0663692,2361.29,51,1788.21,1.36523,9,8,,1
1831,3,6,7,54,2,1,1163,1117,"[1161,1114,1174,1124]",-632.72,640.08,,,,,0.0286614748555,67.0082352941,2631,0.0734587345873,2270.91176471,75,1794.18142484,1.30305662941,9,25,,1
1832,3,6,7,55,2,1,1804,391,"[1797,386,1811,400]",-538.75,747.27,,,,,0.0844982,147.151,2039,0.12239,1594.32,162,887.765,1.96163,2,1,,1
1833,3,6,7,55,2,2,1147,1108,"[1139,1099,1154,1118]",-635.95,641.63,,,,,0.0796365,141.012,2076,0.120442,1629.68,207,1361.09,1.30094,5,3,,1
1834,3,6,7,56,2,1,1164,1101,"[1156,1095,1170,1113]",-633.48,642.19,,,,,0.0980807813462,241.295716306,2992,0.148367034422,2218.87755102,202,1713.35377358,1.43588166394,8,4,,1
1836,3,6,7,60,2,2,1188,1109,"[1181,1103,1194,1118]",-629.83,641.19,,,,,0.0681025,162.942,2695,0.0944923,2229.66,150,1700.92,1.40665,7,3,,1
1838,3,6,7,61,2,2,1185,1113,"[1178,1105,1194,1123]",-630.12,640.73,,,,,0.0941299,220.787,2825,0.141467,2124.77,190,1593.19,1.47224,5,3,,1
1840,3,6,7,62,2,2,1183,1118,"[1178,1112,1188,1127]",-630.56,639.95,,,,,0.0785937,196.557,2913,0.116655,2304.37,142,1714.24,1.45891,7,5,,1
1841,3,6,7,64,2,1,1172,1125,"[1166,1118,1181,1134]",-632.01,638.94,,,,,0.0755705545708,170.289018088,2621,0.114349691049,2083.08888889,172,1674.09832215,1.34602482851,6,2,,1
1849,3,6,8,43,2,2,1445,1695,"[1438,1687,1452,1703]",-591.83,554.77,,,,,0.0910784,218.816,2788,0.121552,2183.68,156,2031.07,1.18287,11,13,,1
1852,3,6,8,43,2,5,1432,1737,"[1423,1731,1437,1745]",-593.96,548.35,,,,,0.109411,247.917,2793,0.161089,2018.0,121,2031.07,1.11563,11,16,,1
1854,3,6,8,44,2,2,1441,1702,"[1435,1696,1447,1711]",-592.43,553.59,,,,,0.12897,322.977,3119,0.176916,2181.29,144,1984.54,1.26189,12,11,,1
1856,3,6,8,46,2,2,1442,1711,"[1437,1700,1447,1715]",-592.17,552.79,,,,,0.0480561,125.787,3134,0.114168,2491.72,104,2092.22,1.25107,9,7,,1
1857,3,6,8,47,2,1,1167,1164,"[1155,1154,1174,1170]",-633.0,633.51,,,,,0.0580664,99.7951,2280,0.169578,1618.84,199,1454.97,1.18122,7,7,,1
1858,3,6,8,47,2,2,1160,1170,"[1156,1166,1166,1174]",-633.82,632.41,,,,,0.0344156,70.6607,2304,0.0750029,1982.5,56,1454.97,1.41113,7,8,,1
1861,3,6,8,47,2,5,1438,1710,"[1432,1702,1446,1718]",-592.67,552.56,,,,,0.0909665,230.129,3083,0.145524,2299.69,170,2062.84,1.22638,12,18,,1
1862,3,6,8,48,2,1,1163,1164,"[1155,1155,1170,1179]",-633.41,633.09,,,,,0.0791365585452,150.499206349,2380,0.152188997725,1751.26666667,252,1528.04487242,1.24457462431,8,6,,1
1864,3,6,8,49,2,2,1445,1714,"[1437,1705,1453,1721]",-591.84,552.0,,,,,0.0755063,185.966,2845,0.110904,2276.96,166,2050.16,1.20133,13,17,,1
1866,3,6,8,51,2,1,1795,176,"[1786,172,1800,181]",-540.3,779.41,,,,,0.0275825,83.9032,3450,0.076779,2958.0,93,2243.76,1.35572,1,1,,1
1867,3,6,8,51,2,2,1006,1104,"[996,1096,1020,1113]",-656.55,641.94,,,,,0.150083,301.827,2614,0.209278,1709.24,292,1624.36,1.23807,8,10,,1
1868,3,6,8,51,2,3,1448,1725,"[1441,1718,1454,1731]",-591.35,550.43,,,,,0.0812192,178.713,2522,0.110117,2021.67,129,1915.86,1.14851,14,20,,1
1870,3,6,8,53,2,1,1011,1072,"[1008,1069,1018,1075]",-655.67,646.88,,,,,0.041318,99.1868,2756,0.0898914,2301.38,63,1681.09,1.42799,7,5,,1
1871,3,6,8,53,2,2,1013,1080,"[1005,1075,1020,1084]",-655.66,645.79,,,,,0.0542734,127.842,2775,0.109406,2227.68,118,1681.09,1.40119,7,6,,1
1872,3,6,8,53,2,3,1171,1121,"[1167,1117,1177,1127]",-632.2,639.56,,,,,0.0278371,63.9521,2625,0.0805984,2233.42,70,1681.09,1.3666,7,7,,1
1873,3,6,8,53,2,4,1171,1128,"[1168,1124,1178,1134]",-632.05,638.56,,,,,0.0370609,87.5623,2650,0.0761203,2275.1,77,1681.09,1.40544,7,8,,1
1874,3,6,8,54,2,1,1017,1059,"[1009,1056,1021,1066]",-655.33,648.6,,,,,0.0457243,110.54,2721,0.0823389,2307.0,87,1688.19,1.43203,8,22,,1
1875,3,6,8,54,2,2,1017,1069,"[1008,1063,1022,1074]",-655.22,647.45,,,,,0.0637504,153.23,2852,0.117914,2250.36,124,1688.19,1.42376,8,23,,1
1876,3,6,8,54,2,3,1168,1125,"[1161,1122,1172,1129]",-632.94,638.97,,,,,0.0274779,59.7083,2401,0.0637426,2113.25,72,1688.19,1.28715,8,24,,1
1878,3,6,8,56,2,1,1164,1102,"[1158,1096,1169,1110]",-633.45,642.38,,,,,0.0799196685644,190.197994987,2727,0.109288135593,2189.66666667,133,1543.3436558,1.54201862477,6,5,,1
1880,3,6,8,60,2,2,1190,1113,"[1179,1105,1197,1123]",-629.58,640.82,,,,,0.0501501,102.848,2488,0.121741,1947.96,169,1552.12,1.32129,6,5,,1
1881,3,6,8,62,2,1,1183,1117,"[1177,1109,1188,1127]",-630.56,640.09,,,,,0.0818141833132,185.608225108,2649,0.119599891319,2083.04761905,154,1547.9167403,1.46561877981,6,6,,1
1882,3,6,8,64,2,1,1173,1122,"[1165,1118,1179,1130]",-632.03,639.37,,,,,0.0429616518042,88.4521289108,2445,0.107484857812,1970.41025641,109,1494.18985753,1.37791216755,6,7,,1
1889,3,6,9,44,2,2,1441,1702,"[1434,1694,1448,1710]",-592.38,553.79,,,,,0.097855,252.572,3061,0.13591,2328.51,153,2042.22,1.26386,10,11,,1
1890,3,6,9,44,2,3,1426,1743,"[1421,1737,1431,1750]",-594.63,547.74,,,,,0.0735824,170.205,2727,0.119937,2142.92,115,2042.22,1.13265,10,12,,1
1891,3,6,9,46,2,1,1438,1707,"[1430,1701,1451,1713]",-592.47,553.2,,,,,0.0622688,158.604,2942,0.103841,2388.48,167,2003.09,1.27158,8,7,,1
1893,3,6,9,47,2,1,1162,1164,"[1155,1156,1170,1173]",-633.53,633.33,,,,,0.0751693,118.658,1965,0.147482,1459.89,191,1257.71,1.2551,4,3,,1
1894,3,6,9,47,2,2,1439,1709,"[1433,1703,1447,1717]",-592.6,552.58,,,,,0.0807742,212.842,3051,0.11489,2422.18,152,2099.19,1.25526,9,5,,1
1898,3,6,9,48,2,3,1444,1707,"[1436,1698,1458,1714]",-591.79,553.09,,,,,0.0836663,214.76,3028,0.125628,2352.11,234,2114.14,1.21414,13,19,,1
1901,3,6,9,50,2,2,1169,1147,"[1163,1142,1179,1164]",-632.07,635.33,,,,,0.0738621,141.783,2556,0.179569,1777.79,181,1519.95,1.26291,6,8,,1
1902,3,6,9,50,2,3,1166,1154,"[1163,1150,1172,1160]",-632.9,634.61,,,,,0.0306418,64.3779,2436,0.0892975,2036.61,67,1519.95,1.38227,6,9,,1
1904,3,6,9,53,2,1,1014,1071,"[1007,1067,1020,1078]",-655.42,646.95,,,,,0.0409782,80.3889,2289,0.0977467,1881.36,100,1484.76,1.32125,6,7,,1
1905,3,6,9,53,2,2,1172,1123,"[1165,1117,1179,1136]",-632.1,638.89,,,,,0.0883717,177.728,2384,0.130551,1833.41,215,1484.76,1.35452,6,9,,1
1906,3,6,9,54,2,1,1169,1116,"[1159,1110,1178,1125]",-632.55,640.25,,,,,0.0743737375775,136.568677249,2187,0.125382074161,1699.68,189,1515.78997718,1.21141365552,6,15,,1
1907,3,6,9,56,2,1,1803,381,"[1799,375,1808,389]",-538.68,748.9,,,,,0.0464429009017,82.019047619,2052,0.0985010706638,1684.0,105,846.562591203,2.08610570083,2,1,,1
1911,3,6,9,64,2,1,1170,1122,"[1163,1117,1178,1131]",-632.26,639.31,,,,,0.0610333057573,106.407264957,2045,0.110802638647,1637.02222222,156,1264.79475923,1.37842877231,4,6,,1
1916,3,6,1,58,3,1,1856,766,"[1852,760,1860,772]",-208.13,692.22,,,,,0.0995952620507,100.126436782,1223,0.14932434622,905.206896552,84,708.375479061,1.41920967488,2,8,,1
1919,3,6,1,61,3,1,1963,149,"[1957,142,1968,157]",-192.3,783.21,,,,,0.0614282,76.6043,1452,0.107361,1170.45,129,1070.72,1.16469,2,3,,1
1922,3,6,1,62,3,2,1978,166,"[1974,160,1984,171]",-190.06,780.78,,,,,0.0392083,54.3496,1552,0.0763473,1331.83,79,1076.33,1.28788,2,6,,1
1933,3,6,2,58,3,1,1856,763,"[1851,759,1861,769]",-208.04,692.48,,,,,0.0641000651245,71.3574432296,1286,0.104876459086,1041.86206897,82,831.7118455,1.33846778571,2,5,,1
2006,3,6,7,39,3,1,1876,777,"[1872,773,1881,783]",-205.06,690.49,,,,,0.0587809818363,71.4429718876,1403,0.101702679004,1143.96666667,83,966.609147457,1.25739513406,1,7,,1
2009,3,6,7,52,3,1,1857,756,"[1854,752,1864,762]",-207.76,693.45,,,,,0.0472799461354,58.7414995641,1468,0.107223668524,1183.67741935,74,908.318530741,1.36782293531,1,9,,1
2050,3,6,9,39,3,1,1813,770,"[1809,766,1816,774]",-214.5,691.6,,,,,0.0446027332711,54.6661197703,1387,0.0844594020363,1170.95652174,53,925.400289554,1.32442431167,1,8,,1
2051,3,6,9,47,3,1,1897,787,"[1892,782,1901,793]",-202.11,688.92,,,,,0.0469340369393,49.4111111111,1194,0.0867553586869,1003.36666667,81,824.832283206,1.27635374998,1,9,,1
2065,3,6,4,2,4,1,1788,341,"[1778,329,1795,349]",104.64,755.14,,,,,0.0382667248419,58.2956349206,1911,0.132073076557,1465.10714286,216,1087.45140745,1.4008927363,1,1,,1
2072,3,6,5,2,4,1,1786,340,"[1780,334,1793,346]",104.46,755.01,,,,,0.040374581382,53.0977068794,1574,0.110002592689,1262.02941176,118,943.066371179,1.39452233569,1,2,,1
2074,3,6,5,42,4,1,1854,324,"[1852,323,1856,326]",114.55,757.41,,,,,0.100787472086,109.139393939,2558,0.448582975109,973.727272727,15,913.363773018,1.18558092477,1,1,,1
2077,3,6,5,57,4,1,1101,1421,"[1099,1420,1102,1424]",3.13,595.21,,,,,0.101106530701,56.4848484848,1332,0.452418715305,502.181818182,15,415.536205179,1.34444763104,4,3,,1
2088,3,6,6,55,4,1,1099,1421,"[1097,1420,1101,1423]",2.94,595.23,,,,,0.129931151105,82.7461538462,1377,0.426130184869,554.1,13,436.295460221,1.45966715657,3,2,,1
2089,3,6,6,57,4,1,1099,1420,"[1098,1419,1102,1423]",3.04,595.32,,,,,0.102616,63.6096,1436,0.44157,556.273,17,456.977,1.35649,7,6,,1
2095,3,6,7,41,4,1,1854,324,"[1853,323,1856,325]",114.55,757.51,,,,,0.1486369537,171.75,2512,0.437173710935,983.75,10,805.699526268,1.43415747723,2,1,,1
2108,3,6,8,57,4,1,1101,1421,"[1099,1419,1103,1423]",3.15,595.27,,,,,0.0827773659501,55.8333333333,1424,0.394255874674,618.666666667,16,488.586959795,1.38051167039,7,2,,1
2119,3,6,1,50,5,2,168,1088,"[164,1085,172,1092]",188.13,644.4,,,,,0.0400009,723.027,19819,0.0663621,17352.2,49,12273.2,1.47275,3,24,,1
2120,3,6,1,50,5,3,168,1126,"[163,1120,172,1131]",188.18,638.94,,,,,0.043365,673.371,17008,0.0675834,14854.6,73,12273.2,1.2652,3,40,,1
2127,3,6,2,53,5,1,199,1055,"[194,1050,214,1063]",193.43,649.36,,,,,0.0884326,1465.47,22493,0.196464,15106.1,204,17233.9,0.961572,4,10,,1
2128,3,6,2,53,5,2,145,1064,"[139,1058,153,1070]",184.89,648.05,,,,,0.0691315,1553.3,25498,0.098732,20915.5,126,17233.9,1.30376,4,12,,1
2129,3,6,2,53,5,3,122,1133,"[116,1127,129,1149]",181.32,637.39,,,,,0.0786923,1623.33,23845,0.112938,19005.5,224,17233.9,1.197,4,38,,1
2130,3,6,2,55,5,1,163,1026,"[156,1020,179,1033]",188.1,653.7,,,,,0.0697393099442,1253.19406393,23287,0.164248128289,16716.5,219,18013.041153,0.997593571862,4,10,,1
2133,3,6,2,62,5,2,2018,292,"[2012,286,2023,299]",461.54,762.08,,,,,0.097348,126.588,1574,0.145653,1173.78,123,1011.1,1.28609,1,4,,1
2138,3,6,3,48,5,1,243,1052,"[226,1046,252,1060]",198.84,649.87,,,,,0.0723795123673,648.847586207,10815,0.130645046455,8315.67241379,225,9063.51735334,0.989077380284,2,3,,1
2139,3,6,3,54,5,1,169,1043,"[162,1038,177,1057]",188.56,650.63,,,,,0.0338495,725.038,23516,0.0638217,20694.4,132,16505.0,1.29775,4,5,,1
2140,3,6,3,54,5,2,152,1047,"[143,1039,162,1055]",185.97,650.55,,,,,0.109317,2260.36,25446,0.160256,18416.8,193,16505.0,1.25278,4,8,,1
2141,3,6,3,54,5,3,150,1069,"[145,1066,154,1073]",185.42,647.32,,,,,0.0358691,825.15,25380,0.0672987,22179.3,47,16505.0,1.39378,4,15,,1
2142,3,6,3,55,5,1,162,1025,"[157,1020,175,1030]",187.74,653.93,,,,,0.0759539167414,1364.62941018,22102,0.142106686662,16601.9148936,158,18366.757022,0.978209941053,4,5,,1
2145,3,6,3,62,5,1,2016,292,"[2010,286,2023,301]",461.4,762.02,,,,,0.0969042322228,118.927631579,1515,0.155015197568,1108.34210526,152,994.661609084,1.23385654542,1,1,,1
2146,3,6,3,63,5,1,1966,264,"[1961,261,1971,272]",454.07,766.16,,,,,0.0545583,67.5439,1435,0.101529,1170.47,79,899.854,1.37579,1,1,,1
2153,3,6,4,43,5,1,288,1143,"[284,1137,293,1147]",205.97,636.43,,,,,0.0308310332686,322.531525851,12448,0.102240083098,10138.7307692,61,8403.04505013,1.24493707134,3,12,,1
2154,3,6,4,53,5,1,194,1055,"[188,1049,207,1062]",192.43,649.44,,,,,0.0673309,1190.53,20998,0.120214,16491.3,187,17433.4,1.01425,5,8,,1
2155,3,6,4,53,5,2,145,1062,"[135,1051,159,1071]",185.12,648.54,,,,,0.0838642,1853.63,26541,0.13447,20249.1,259,17433.4,1.26784,5,9,,1
2156,3,6,4,53,5,3,151,1070,"[145,1061,162,1083]",186.03,646.68,,,,,0.05343,1229.39,25815,0.084777,21780.0,187,17433.4,1.31985,5,11,,1
2158,3,6,4,54,5,2,200,1045,"[187,1038,210,1056]",192.86,650.81,,,,,0.0455309,787.048,22590,0.155825,16499.0,295,18058.5,0.957226,4,7,,1
2159,3,6,4,54,5,3,141,1055,"[134,1047,148,1068]",184.24,649.2,,,,,0.0583234,1365.34,26718,0.0958432,22044.5,172,18058.5,1.29633,4,9,,1
2160,3,6,4,55,5,1,116,1049,"[109,1035,129,1057]",180.81,650.36,,,,,0.0563077126853,1260.66949602,24839,0.0807256803504,21128.2615385,232,17383.7601117,1.28792222687,6,12,,1
2161,3,6,4,56,5,1,153,1019,"[143,1013,168,1025]",186.35,654.77,,,,,0.0511595,947.937,23203,0.137845,17581.1,209,18234.5,1.01615,5,8,,1
2162,3,6,4,56,5,2,102,1033,"[96,1026,109,1042]",178.52,652.5,,,,,0.0701088,1605.5,26532,0.109507,21294.7,148,18234.5,1.25587,5,11,,1
2163,3,6,4,63,5,1,1963,263,"[1959,260,1968,270]",453.51,766.35,,,,,0.0410363,54.5366,1477,0.0736164,1274.45,66,964.572,1.3778,1,2,,1
2167,3,6,5,54,5,1,191,1043,"[185,1038,209,1052]",192.25,651.12,,,,,0.0650044,1129.41,21583,0.141116,16244.9,218,18012.9,0.964549,4,6,,1
2168,3,6,5,54,5,2,146,1066,"[139,1055,158,1074]",185.27,647.81,,,,,0.0578344,1379.97,26239,0.077141,22480.7,208,18012.9,1.32465,4,10,,1
2169,3,6,5,55,5,1,109,1036,"[89,1025,122,1048]",179.16,652.12,,,,,0.0841299470604,1426.9236617,21541,0.16202216205,15534.0243902,385,15321.7182155,1.10698733741,6,7,,1
2170,3,6,5,58,5,1,118,1023,"[109,1014,127,1033]",180.88,654.15,,,,,0.0733104390883,1494.66535433,23780,0.114509004417,18893.5,254,17581.4924256,1.1596379227,4,9,,1
2172,3,6,6,54,5,1,140,1052,"[125,1044,150,1061]",183.76,649.72,,,,,0.0883890315857,1810.07857143,24918,0.143382488502,18668.4642857,245,16782.8223152,1.22020852468,5,11,,1
2173,3,6,6,55,5,1,121,1058,"[111,1049,127,1067]",180.95,648.79,,,,,0.0609479,1075.95,20784,0.112585,16577.6,167,12078.6,1.46156,5,9,,1
2174,3,6,6,55,5,2,87,1059,"[74,1049,98,1071]",176.17,648.72,,,,,0.0865496,1399.13,19058,0.126873,14766.6,339,12078.6,1.33838,5,11,,1
2175,3,6,6,56,5,1,109,1038,"[103,1030,121,1050]",179.84,651.35,,,,,0.0338922,681.905,22918,0.0821634,19437.9,180,15943.1,1.26198,6,8,,1
2176,3,6,6,56,5,2,101,1055,"[97,1051,107,1062]",178.46,649.25,,,,,0.0376702,885.696,25442,0.0585803,22626.2,92,15943.1,1.47474,6,12,,1
2177,3,6,6,57,5,1,103,1043,"[97,1033,117,1055]",179.06,650.83,,,,,0.0388784672876,858.982174167,24868,0.078800602997,21235.0517241,177,17292.6120362,1.27765740954,5,9,,1
2178,3,6,6,61,5,1,2017,295,"[2009,288,2023,303]",461.39,761.66,,,,,0.0833698246813,98.8085443038,1373,0.116543837357,1086.375,158,992.780476053,1.19380222808,1,1,,1
2181,3,6,7,53,5,1,149,1085,"[144,1081,156,1090]",185.51,644.86,,,,,0.0494330416231,794.476969697,17718,0.0739710427104,15277.3030303,100,10196.5311658,1.57620074305,4,15,,1
2182,3,6,7,54,5,1,118,1068,"[101,1058,128,1086]",180.29,646.83,,,,,0.075212539994,1271.47119438,21234,0.15190663107,15633.5714286,305,14483.9913862,1.16715359546,6,11,,1
2183,3,6,7,57,5,1,77,1053,"[61,1041,84,1073]",174.16,649.17,,,,,0.0738456531444,1301.45811321,22963,0.169029648882,16322.5733333,318,15144.069134,1.16375798939,5,11,,1
2186,3,6,8,51,5,1,164,1094,"[155,1088,172,1100]",187.61,643.58,,,,,0.0714349905476,811.956623339,13146,0.109347680446,10554.4146341,167,7193.60384464,1.58006633434,3,10,,1
2187,3,6,8,52,5,1,135,1095,"[128,1089,140,1099]",183.2,643.5,,,,,0.0340076,329.795,10425,0.0534088,9367.89,97,6712.77,1.44466,3,8,,1
2188,3,6,8,52,5,2,150,1095,"[144,1090,157,1100]",185.68,643.46,,,,,0.05571,580.141,11584,0.0817352,9833.44,122,6712.77,1.55131,3,9,,1
2189,3,6,8,52,5,3,127,1148,"[120,1141,134,1156]",182.23,635.58,,,,,0.0316663,309.535,11020,0.0758895,9465.38,145,6712.77,1.45617,3,16,,1
2190,3,6,8,54,5,1,147,1076,"[141,1071,153,1081]",185.09,646.26,,,,,0.0570442179211,1028.57707911,19987,0.0806807628208,17002.6470588,116,11758.59065,1.53345113157,5,13,,1
2191,3,6,8,57,5,1,77,1052,"[59,1042,86,1072]",174.1,649.13,,,,,0.0703658,1070.2,18977,0.146098,14138.8,346,12652.1,1.2021,4,11,,1
2192,3,6,8,57,5,2,94,1057,"[90,1053,99,1063]",177.4,648.9,,,,,0.0271439,527.069,20886,0.0501678,18890.5,72,12652.1,1.53473,4,12,,1
2220,3,6,3,60,6,1,1174,930,"[1168,921,1181,938]",336.91,345.15,,,,,0.0460707144878,231.269771176,5921,0.105735151544,4788.61702128,159,5739.19593962,0.874667260931,3,7,,1
2245,3,6,6,50,6,1,945,346,"[941,341,950,355]",303.05,431.05,,,,,0.033534,74.6236,2435,0.062,2150.69,90,1399.84,1.5897,1,1,,1
2258,3,6,7,50,6,1,945,344,"[940,340,951,351]",303.08,431.37,,,,,0.0373150867084,72.4193548387,2154,0.0710201375653,1868.33333333,93,1160.38500655,1.67250755329,1,1,,1
2264,3,6,8,21,6,1,1021,788,"[1013,782,1032,801]",314.4,365.72,,,,,0.0328554631245,104.585395439,3661,0.0864128329198,3078.61111111,229,2317.15035199,1.37375483805,1,2,,1
2265,3,6,8,27,6,1,1042,795,"[1033,789,1049,802]",317.17,364.81,,,,,0.0266086887326,72.0404732254,3024,0.0686713893306,2635.36363636,146,1952.56291966,1.38658994408,1,2,,1
2268,3,6,8,41,6,1,1134,1004,"[1120,995,1153,1014]",331.35,333.97,,,,,0.0342161240437,167.12214467,5801,0.103041755055,4717.1875,394,3865.38594216,1.26360206141,3,5,,1
2269,3,6,8,42,6,1,970,339,"[964,334,977,346]",306.77,432.17,,,,,0.0470388,71.9374,1717,0.0817845,1457.38,118,912.328,1.67629,1,1,,1
2278,3,6,8,49,6,1,947,337,"[943,333,953,344]",303.47,432.39,,,,,0.0398116060109,70.3043103448,1989,0.0796226626986,1695.62068966,80,1015.97934856,1.7381504875,1,1,,1
2287,3,6,9,39,6,1,1097,1010,"[1085,997,1111,1025]",325.7,333.06,,,,,0.0364382792386,182.383041349,6113,0.117971669374,4822.87640449,397,3914.2715708,1.27872053722,3,2,,1
2319,3,6,3,55,7,1,624,437,"[620,433,628,443]",-390.28,417.64,,,,,0.0781145095326,76.5273132664,1138,0.115055586961,903.153846154,69,745.991961986,1.31325967214,3,2,,1
2329,3,6,4,55,7,1,624,438,"[620,432,628,443]",-390.2,417.73,,,,,0.0872796685891,82.6538461538,1127,0.131897633993,864.346153846,69,688.042176203,1.37636911334,3,3,,1
2353,3,6,5,55,7,1,624,435,"[619,428,629,442]",-390.22,418.16,,,,,0.106269805342,88.03125,1043,0.169712793734,740.34375,112,622.767581475,1.33015112642,2,2,,1
2406,3,6,1,36,8,2,1500,739,"[1495,734,1505,744]",-583.66,373.22,,,,,0.0897279,89.4308,1183,0.131918,907.258,90,943.012,1.05692,2,6,,1
2409,3,6,1,39,8,1,1626,710,"[1617,704,1632,718]",-565.05,377.42,,,,,0.107435,103.874,1223,0.172592,862.977,154,734.841,1.31573,4,10,,1
2410,3,6,1,39,8,2,1519,747,"[1512,742,1530,753]",-580.59,371.95,,,,,0.133669,105.522,1020,0.197248,683.907,163,734.841,1.07429,4,17,,1
2411,3,6,1,40,8,1,1635,706,"[1629,701,1640,716]",-563.75,377.83,,,,,0.116827,135.524,1397,0.153823,1024.51,131,849.422,1.36568,5,10,,1
2412,3,6,1,40,8,2,1526,746,"[1516,740,1536,752]",-579.8,372.21,,,,,0.168512,161.519,1304,0.241326,796.979,193,849.422,1.12841,5,11,,1
2414,3,6,1,41,8,2,1534,746,"[1525,741,1545,752]",-578.49,372.14,,,,,0.164316,135.357,1120,0.238658,688.408,192,701.086,1.17498,4,14,,1
2417,3,6,1,42,8,1,1548,745,"[1543,741,1552,752]",-576.66,372.23,,,,,0.122785,139.398,1507,0.204202,995.903,83,832.627,1.36352,4,14,,1
2418,3,6,1,42,8,2,1540,746,"[1533,743,1545,751]",-577.88,372.0,,,,,0.0635249,65.0778,1255,0.133507,959.367,81,832.627,1.23038,4,15,,1
2419,3,6,1,43,8,1,1545,749,"[1537,744,1554,755]",-576.88,371.66,,,,,0.179840825132,227.440917108,1657,0.230032344156,1037.23809524,162,911.365629771,1.38767468405,4,12,,1
2422,3,6,1,47,8,1,1968,757,"[1960,753,1974,764]",-514.55,370.38,,,,,0.0829338,59.9257,880,0.140896,662.647,110,596.845,1.21065,7,12,,1
2423,3,6,1,47,8,2,1939,771,"[1934,768,1942,780]",-518.95,368.03,,,,,0.119575,130.045,1382,0.18144,957.517,80,596.845,1.82219,7,13,,1
2427,3,6,1,48,8,2,1946,779,"[1940,772,1954,788]",-517.78,367.08,,,,,0.13862,212.545,1943,0.190655,1320.75,173,912.078,1.6811,7,28,,1
2432,3,6,1,49,8,2,1947,786,"[1939,778,1957,793]",-517.52,366.24,,,,,0.198781,217.62,1650,0.305818,877.152,206,608.424,1.79936,8,23,,1
2436,3,6,1,50,8,3,2013,812,"[2010,809,2018,822]",-507.72,361.9,,,,,0.111104,99.1891,1153,0.18465,793.567,86,706.802,1.26309,8,25,,1
2439,3,6,1,51,8,2,1944,782,"[1937,774,1956,790]",-517.85,366.76,,,,,0.19763,189.434,1427,0.299578,769.098,201,514.366,1.86352,7,22,,1
2444,3,6,1,54,8,2,1952,782,"[1948,778,1958,787]",-516.74,366.81,,,,,0.143026,171.052,1645,0.232254,1024.9,90,641.091,1.8655,7,22,,1
2445,3,6,1,54,8,3,1928,803,"[1923,799,1932,808]",-520.48,363.68,,,,,0.0833593,72.6506,1036,0.129226,798.885,71,641.091,1.35946,7,26,,1
2453,3,6,2,35,8,1,1495,741,"[1487,736,1505,748]",-584.22,372.79,,,,,0.105588144805,100.680563302,1202,0.169920254831,852.840909091,163,949.539368421,1.00419372182,2,3,,1
2455,3,6,2,38,8,2,1526,747,"[1518,741,1540,753]",-579.38,371.95,,,,,0.103565,100.306,1231,0.172811,868.231,190,1100.74,0.879897,3,16,,1
2456,3,6,2,39,8,1,1625,711,"[1616,702,1633,724]",-565.07,377.25,,,,,0.130552,155.483,1548,0.198382,1035.48,263,923.038,1.29027,4,11,,1
2457,3,6,2,39,8,2,1518,746,"[1512,740,1529,754]",-580.58,372.02,,,,,0.14488,141.471,1279,0.210028,835.0,187,923.038,1.05789,4,13,,1
2458,3,6,2,40,8,1,1637,703,"[1634,700,1641,713]",-563.33,378.17,,,,,0.0390394,54.3933,1660,0.107073,1338.9,75,1023.47,1.36135,4,8,,1
2459,3,6,2,40,8,2,1632,708,"[1629,703,1639,717]",-563.94,377.47,,,,,0.0395588,55.7754,1659,0.101169,1354.16,79,1023.47,1.37761,4,9,,1
2460,3,6,2,40,8,3,1523,744,"[1518,739,1532,752]",-579.89,372.28,,,,,0.146003,172.789,1528,0.203778,1010.67,153,1023.47,1.15633,4,10,,1
2461,3,6,2,41,8,1,1644,713,"[1637,705,1651,723]",-562.31,376.92,,,,,0.120899,142.156,1518,0.189811,1033.67,186,881.017,1.33462,4,14,,1
2462,3,6,2,41,8,2,1537,747,"[1526,741,1545,753]",-578.41,372.1,,,,,0.188675,205.782,1476,0.250375,884.891,190,881.017,1.23797,4,15,,1
2463,3,6,2,42,8,1,1650,713,"[1643,707,1656,723]",-561.57,376.86,,,,,0.0999343,128.616,1569,0.15055,1158.39,157,999.797,1.28727,5,13,,1
2464,3,6,2,42,8,2,1548,744,"[1543,740,1552,751]",-576.65,372.27,,,,,0.121838,166.235,1743,0.185248,1198.16,92,999.797,1.36467,5,15,,1
2465,3,6,2,43,8,1,1541,750,"[1537,744,1545,755]",-577.47,371.7,,,,,0.0669633318424,92.4665617624,1854,0.179994661958,1288.38709677,82,1059.79987788,1.30293811818,5,24,,1
2466,3,6,2,48,8,1,1950,779,"[1944,775,1953,787]",-517.3,366.99,,,,,0.0384167890749,66.0375,1977,0.0892749530811,1652.9375,80,1122.16179346,1.53184238674,6,25,,1
2467,3,6,2,49,8,1,1968,763,"[1963,758,1973,769]",-514.49,369.56,,,,,0.0549506,51.7923,1082,0.0969552,890.733,78,749.151,1.25812,8,29,,1
2473,3,6,2,50,8,4,1944,784,"[1937,776,1954,791]",-517.94,366.56,,,,,0.204522,345.289,2427,0.28754,1342.98,212,859.567,1.96409,8,24,,1
2474,3,6,2,50,8,5,2014,819,"[2010,808,2018,826]",-507.64,361.62,,,,,0.0910984,95.1397,1331,0.16743,949.222,105,859.567,1.21499,8,26,,1
2476,3,6,2,51,8,2,1963,759,"[1958,754,1969,763]",-515.13,370.31,,,,,0.0689691,57.1836,988,0.122768,771.935,84,669.379,1.23864,6,8,,1
2477,3,6,2,51,8,3,1948,783,"[1943,778,1956,789]",-517.25,366.58,,,,,0.12785,178.584,1930,0.226081,1218.24,104,669.379,2.08675,6,10,,1
2478,3,6,2,51,8,4,2016,820,"[2012,815,2020,824]",-507.34,361.31,,,,,0.0763761,62.7102,1029,0.151419,758.36,57,669.379,1.22662,6,13,,1
2481,3,6,2,53,8,2,1928,807,"[1924,803,1934,812]",-520.25,363.16,,,,,0.0502393,51.8706,1165,0.0859433,980.6,68,802.619,1.28638,6,26,,1
2489,3,6,2,60,8,1,1153,1262,"[1146,1256,1163,1269]",-634.81,295.84,,,,,0.0364228150885,114.287037037,4082,0.148969108437,3023.5,108,3470.01860025,0.90425654687,10,23,,1
2490,3,6,2,62,8,1,1128,1252,"[1122,1247,1139,1259]",-638.45,297.4,,,,,0.0482708949522,208.170279858,5612,0.155163665259,4104.37209302,118,4460.48656148,0.966832275681,11,23,,1
2503,3,6,3,39,8,1,1622,709,"[1616,703,1633,720]",-565.15,377.34,,,,,0.0878192,128.004,1817,0.154903,1329.58,177,1059.29,1.37601,4,3,,1
2506,3,6,3,40,8,2,1636,711,"[1630,706,1642,716]",-563.6,377.41,,,,,0.065341,98.9423,1793,0.117725,1415.3,106,1116.85,1.35582,3,6,,1
2507,3,6,3,40,8,3,1526,744,"[1518,738,1538,751]",-579.58,372.38,,,,,0.154409,187.337,1625,0.225993,1025.91,192,1116.85,1.08631,3,8,,1
2508,3,6,3,41,8,1,1645,712,"[1638,706,1651,723]",-562.26,376.92,,,,,0.120562,170.336,1777,0.177012,1242.51,190,1033.24,1.3674,4,7,,1
2509,3,6,3,41,8,2,1537,747,"[1526,741,1546,753]",-578.27,372.1,,,,,0.184139,230.141,1686,0.246267,1019.68,197,1033.24,1.20962,4,8,,1
2512,3,6,3,42,8,2,1651,717,"[1644,710,1657,723]",-561.4,376.52,,,,,0.0366082,53.7657,1728,0.0996164,1414.91,100,1131.07,1.29849,4,20,,1
2513,3,6,3,42,8,3,1538,745,"[1534,740,1551,751]",-577.52,372.14,,,,,0.086943,116.803,1755,0.177203,1226.64,134,1131.07,1.18777,4,24,,1
2515,3,6,3,43,8,2,1542,748,"[1538,743,1547,754]",-577.33,371.88,,,,,0.0804265,120.828,1921,0.163355,1381.52,90,1190.01,1.26247,4,22,,1
2516,3,6,3,45,8,1,1559,775,"[1552,770,1565,781]",-575.05,367.85,,,,,0.166300096274,278.229761905,2216,0.227419112353,1394.82857143,120,1212.01076185,1.38039890899,5,21,,1
2518,3,6,3,49,8,1,1948,786,"[1941,778,1957,795]",-517.45,366.27,,,,,0.162141,263.311,2166,0.228363,1360.65,207,946.275,1.71616,6,23,,1
2524,3,6,3,50,8,4,1944,783,"[1937,775,1955,792]",-517.89,366.63,,,,,0.18258,346.979,2584,0.24908,1553.44,243,1069.95,1.77617,8,24,,1
2525,3,6,3,50,8,5,2014,817,"[2009,808,2018,824]",-507.69,361.87,,,,,0.071502,90.2658,1484,0.117403,1172.16,118,1069.95,1.17989,8,26,,1
2528,3,6,3,51,8,3,1945,782,"[1939,775,1957,792]",-517.69,366.6,,,,,0.196146,330.461,2451,0.288201,1354.31,212,860.527,1.95783,7,19,,1
2529,3,6,3,51,8,4,2016,820,"[2011,816,2021,825]",-507.4,361.27,,,,,0.0855497,88.8686,1262,0.141087,949.926,73,860.527,1.20716,7,21,,1
2532,3,6,3,52,8,2,1952,786,"[1947,781,1959,791]",-516.74,366.16,,,,,0.139647,203.593,1911,0.207464,1254.31,95,631.369,2.30912,8,23,,1
2534,3,6,3,53,8,2,1555,807,"[1548,801,1562,813]",-575.46,363.17,,,,,0.0796376,114.65,1677,0.117255,1325.0,143,1311.36,1.09783,4,12,,1
2535,3,6,3,53,8,3,1992,737,"[1988,732,1997,742]",-510.87,373.47,,,,,0.06912,84.8333,1437,0.114169,1142.5,75,987.445,1.24294,5,13,,1
2536,3,6,3,53,8,4,1955,789,"[1950,783,1960,794]",-516.52,365.91,,,,,0.1256,241.839,2455,0.186381,1683.64,101,987.445,1.94996,5,15,,1
2538,3,6,3,54,8,2,1987,728,"[1982,724,1992,734]",-511.67,374.69,,,,,0.0627407,84.3174,1556,0.105276,1259.59,83,1041.87,1.28989,6,12,,1
2540,3,6,3,54,8,4,1955,782,"[1950,777,1959,788]",-516.52,366.85,,,,,0.0847245,152.688,2263,0.15681,1649.48,82,1041.87,1.72974,6,16,,1
2544,3,6,3,56,8,1,1936,763,"[1929,758,1941,768]",-519.29,369.73,,,,,0.0732383,124.236,2075,0.137892,1572.09,100,1045.85,1.62196,5,12,,1
2547,3,6,3,57,8,1,1562,789,"[1554,783,1568,796]",-574.54,365.71,,,,,0.0750358102185,114.775798526,1772,0.11207415637,1414.83783784,132,1384.24445959,1.10501698292,4,5,,1
2549,3,6,3,58,8,2,1230,1511,"[1225,1506,1234,1527]",-623.62,258.45,,,,,0.0656976,239.126,4450,0.133661,3400.67,140,3535.65,1.02946,12,50,,1
2570,3,6,4,39,8,1,1626,709,"[1619,702,1634,720]",-564.9,377.49,,,,,0.0856237,132.956,1865,0.13552,1419.84,211,1127.03,1.37778,3,4,,1
2572,3,6,4,40,8,1,1636,707,"[1631,702,1641,713]",-563.53,377.85,,,,,0.0575769,92.1326,1769,0.0796354,1508.03,91,1155.29,1.38508,4,13,,1
2574,3,6,4,40,8,3,1532,744,"[1523,738,1539,751]",-579.03,372.4,,,,,0.0906871,101.962,1489,0.185808,1022.37,130,1155.29,0.973204,4,15,,1
2575,3,6,4,41,8,1,1645,714,"[1638,706,1652,723]",-562.27,376.83,,,,,0.0977393,154.316,1914,0.146611,1424.53,174,1137.38,1.38815,3,4,,1
2576,3,6,4,41,8,2,1539,746,"[1527,740,1547,752]",-578.16,372.19,,,,,0.176564,232.577,1754,0.235791,1084.67,205,1137.38,1.15814,3,5,,1
2577,3,6,4,42,8,1,1650,712,"[1643,706,1657,721]",-561.46,377.07,,,,,0.0666991,108.731,1882,0.10594,1521.44,153,1201.39,1.35691,4,15,,1
2578,3,6,4,42,8,2,1548,742,"[1534,736,1556,750]",-576.88,372.57,,,,,0.164153,221.961,1752,0.21574,1130.2,223,1201.39,1.1255,4,16,,1
2580,3,6,4,43,8,1,1548,749,"[1546,742,1550,753]",-576.61,371.86,,,,,0.034733450259,54.354893617,1853,0.101808797821,1510.56,47,1240.16776755,1.26185741523,4,26,,1
2581,3,6,4,45,8,1,1560,773,"[1551,767,1566,780]",-575.01,368.07,,,,,0.166939280147,278.705128205,2231,0.231985840708,1390.79487179,146,1295.69821442,1.28849448229,5,19,,1
2582,3,6,4,46,8,1,1561,783,"[1552,777,1567,790]",-574.85,366.66,,,,,0.185150240065,317.368211499,2325,0.249414390829,1396.74358974,161,1297.70620587,1.32087817218,5,17,,1
2584,3,6,4,49,8,2,1953,784,"[1946,776,1959,794]",-516.82,366.4,,,,,0.0503862,83.9935,2166,0.155508,1583.0,155,1123.85,1.48328,7,31,,1
2587,3,6,4,50,8,1,1945,782,"[1937,774,1955,789]",-517.84,366.85,,,,,0.143456149628,296.852355072,2603,0.189823874755,1772.4375,207,1215.58901387,1.70229397556,6,14,,1
2588,3,6,4,51,8,1,1946,782,"[1939,775,1957,792]",-517.65,366.65,,,,,0.184132,354.556,2740,0.271167,1571.0,234,1063.67,1.8103,6,31,,1
2593,3,6,4,52,8,4,2019,820,"[2016,817,2024,824]",-506.74,361.23,,,,,0.0820625,86.2115,1335,0.161199,964.348,59,809.091,1.29844,7,30,,1
2594,3,6,4,53,8,1,1555,807,"[1548,802,1561,812]",-575.56,363.18,,,,,0.0787909,126.485,1844,0.109895,1478.84,124,1407.61,1.14046,5,7,,1
2595,3,6,4,53,8,2,1956,787,"[1951,782,1961,794]",-516.27,366.04,,,,,0.096063,193.949,2585,0.172328,1825.03,98,1166.08,1.73142,6,14,,1
2596,3,6,4,55,8,1,1545,792,"[1540,787,1553,797]",-576.81,365.42,,,,,0.0763076,123.519,1881,0.114278,1495.18,105,1393.88,1.16129,5,6,,1
2598,3,6,4,55,8,3,1911,789,"[1905,785,1916,795]",-522.94,365.67,,,,,0.0386985,55.1396,1581,0.0716049,1369.71,89,1130.88,1.25995,6,15,,1
2601,3,6,4,56,8,2,1044,1372,"[1041,1367,1049,1375]",-650.99,279.7,,,,,0.0318268,171.68,6679,0.122378,5222.52,55,6248.98,0.863213,9,39,,1
2606,3,6,4,64,8,1,1148,1306,"[1141,1298,1154,1315]",-635.7,289.36,,,,,0.081898028595,510.441417278,7407,0.128324259761,5722.20454545,161,6821.41652314,0.913687932937,8,26,,1
2622,3,6,5,41,8,1,1645,712,"[1638,705,1651,719]",-562.3,377.26,,,,,0.0634693,104.562,1926,0.110444,1542.88,148,1178.09,1.3984,4,9,,1
2623,3,6,5,41,8,2,1538,746,"[1527,739,1548,752]",-578.1,372.3,,,,,0.172577,214.255,1629,0.226541,1027.25,208,1178.09,1.05383,4,10,,1
2627,3,6,5,45,8,1,1563,770,"[1548,764,1569,779]",-574.88,368.3,,,,,0.182286,265.009,2082,0.273082,1188.8,225,1304.91,1.11411,4,15,,1
2628,3,6,5,45,8,2,1092,1367,"[1088,1362,1097,1378]",-644.03,280.1,,,,,0.056215,340.816,7455,0.131526,5721.9,115,6086.39,0.99611,10,31,,1
2631,3,6,5,49,8,1,1948,783,"[1940,774,1957,792]",-517.41,366.65,,,,,0.122849,223.315,2300,0.181159,1594.48,234,1248.76,1.45568,5,20,,1
2635,3,6,5,50,8,2,1944,781,"[1937,774,1954,789]",-517.89,366.93,,,,,0.105504,215.259,2444,0.144993,1825.02,199,1298.4,1.57139,5,8,,1
2639,3,6,5,51,8,2,1948,782,"[1939,775,1958,791]",-517.48,366.67,,,,,0.145156,306.765,2852,0.224406,1806.59,199,1216.68,1.73698,6,16,,1
2640,3,6,5,52,8,1,1953,786,"[1948,780,1960,793]",-516.6,366.15,,,,,0.129088,269.188,2830,0.218223,1816.11,127,1010.29,2.06407,5,8,,1
2641,3,6,5,52,8,2,2020,816,"[2015,809,2025,824]",-506.79,361.81,,,,,0.100702,126.079,1502,0.143109,1125.92,119,1010.29,1.23925,5,12,,1
2644,3,6,5,53,8,2,1954,786,"[1949,781,1960,793]",-516.52,366.16,,,,,0.0916347,201.042,2650,0.141525,1992.91,109,1292.98,1.69682,5,10,,1
2645,3,6,5,55,8,1,1547,791,"[1539,783,1558,797]",-576.5,365.61,,,,,0.0907719,146.008,1961,0.145608,1462.51,158,1430.58,1.12438,3,3,,1
2656,3,6,6,4,8,1,1188,1533,"[1181,1528,1196,1542]",-629.58,255.68,,,,,0.0799395678058,287.827116212,4481,0.149898448722,3312.73170732,136,4234.82665157,0.850225787211,3,7,,1
2662,3,6,6,40,8,1,1528,740,"[1519,734,1540,747]",-579.43,372.99,,,,,0.102932240941,83.737637494,973,0.142834112526,729.784313725,205,1059.38500592,0.767919072552,4,18,,1
2665,3,6,6,43,8,1,1018,1589,"[1015,1585,1021,1594]",-655.02,247.51,,,,,0.0644799338957,295.149659864,5856,0.155230316153,4282.23809524,49,5685.98313752,0.805030131887,12,51,,1
2668,3,6,6,48,8,1,1973,815,"[1969,811,1979,829]",-513.56,361.28,,,,,0.107281357727,181.126440461,2208,0.188629036698,1507.20454545,142,1204.17013208,1.4020701402,6,11,,1
2669,3,6,6,49,8,1,1947,779,"[1940,773,1955,791]",-517.56,366.91,,,,,0.0737969,135.207,2123,0.111535,1696.94,196,1298.94,1.41049,6,17,,1
2671,3,6,6,49,8,3,1974,814,"[1969,807,1983,830]",-513.26,361.54,,,,,0.0706859,115.808,2004,0.136525,1522.54,158,1298.94,1.26129,6,21,,1
2675,3,6,6,50,8,3,1972,810,"[1969,807,1976,815]",-513.85,362.66,,,,,0.0646189,132.833,2405,0.111419,1922.8,49,1308.3,1.57122,4,14,,1
2678,3,6,6,51,8,3,1950,778,"[1944,774,1958,787]",-517.02,367.16,,,,,0.0484903,99.3294,2592,0.141572,1949.11,112,1314.53,1.5583,5,14,,1
2679,3,6,6,51,8,4,1944,784,"[1940,777,1949,789]",-518.07,366.68,,,,,0.0504337,106.553,2498,0.109193,2006.18,96,1314.53,1.60721,5,15,,1
2680,3,6,6,52,8,1,1954,785,"[1948,778,1961,791]",-516.6,366.39,,,,,0.103392,231.076,2810,0.16746,2003.87,125,1177.24,1.89846,5,10,,1
2684,3,6,6,53,8,3,1957,785,"[1951,779,1962,791]",-516.3,366.4,,,,,0.0550928,109.029,2434,0.131048,1869.97,113,1357.59,1.45773,5,12,,1
2691,3,6,7,41,8,1,1533,741,"[1526,735,1551,749]",-578.06,372.71,,,,,0.119009,100.078,1085,0.188485,740.855,238,1076.05,0.7815,4,13,,1
2700,3,6,7,48,8,1,1964,820,"[1958,815,1969,825]",-515.15,361.21,,,,,0.042594,67.3827,1784,0.0816731,1514.59,85,1070.21,1.47819,4,5,,1
2701,3,6,7,48,8,2,1993,826,"[1986,821,2001,833]",-510.67,360.27,,,,,0.0851018,126.576,1743,0.123148,1360.78,148,1070.21,1.38977,4,6,,1
2705,3,6,7,50,8,2,1973,811,"[1968,806,1982,821]",-513.38,362.22,,,,,0.141777,296.683,2743,0.208658,1795.92,133,1255.41,1.66687,5,14,,1
2710,3,6,7,51,8,4,2009,813,"[2005,810,2013,820]",-508.43,362.11,,,,,0.0458005,80.5198,2014,0.0911448,1677.54,72,1336.54,1.31538,4,22,,1
2714,3,6,7,52,8,2,1958,784,"[1950,776,1964,793]",-516.15,366.55,,,,,0.0778922,154.884,2659,0.183735,1833.56,156,1294.42,1.53617,5,5,,1
2717,3,6,7,53,8,2,1220,1980,"[1218,1978,1222,1982]",-625.02,189.72,,,,,0.269155,134.255,1417,0.590754,364.545,15,293.243,1.70098,12,69,,1
2726,3,6,8,45,8,1,1964,1088,"[1958,1082,1969,1094]",-515.04,321.66,,,,,0.0403597475764,70.7320099256,1931,0.068975061832,1681.80645161,104,1291.75727119,1.35670880329,7,11,,1
2727,3,6,8,46,8,1,1962,1090,"[1958,1086,1966,1096]",-515.32,321.19,,,,,0.051386276647,92.1472727273,1989,0.0780254086632,1701.08,66,1301.61916604,1.37768966493,7,6,,1
2729,3,6,8,48,8,2,1991,824,"[1984,820,1998,831]",-510.95,360.62,,,,,0.0549323,76.1346,1580,0.093487,1309.84,109,929.659,1.49084,4,3,,1
2733,3,6,8,49,8,4,1974,814,"[1969,809,1979,821]",-513.57,362.08,,,,,0.0533706,97.4353,2280,0.137668,1728.2,85,1199.54,1.52194,4,7,,1
2734,3,6,8,49,8,5,1980,820,"[1976,815,1983,827]",-512.77,361.03,,,,,0.0591947,110.615,2247,0.122086,1758.04,64,1199.54,1.55781,4,9,,1
2736,3,6,8,50,8,2,1975,813,"[1967,807,1982,820]",-513.51,362.15,,,,,0.136204,287.065,2666,0.188441,1820.55,156,1151.77,1.82988,3,4,,1
2737,3,6,8,50,8,3,2003,815,"[1995,809,2009,825]",-509.32,361.64,,,,,0.0573561,91.411,1856,0.10531,1502.33,176,1151.77,1.38373,3,6,,1
2739,3,6,8,51,8,2,1977,811,"[1972,805,1984,817]",-512.98,362.53,,,,,0.167233,397.829,3134,0.2254,1981.06,111,1296.97,1.83419,5,21,,1
2740,3,6,8,51,8,3,2009,813,"[2004,808,2014,823]",-508.34,362.08,,,,,0.0683213,115.818,1983,0.113301,1579.38,112,1296.97,1.30705,5,22,,1
2743,3,6,8,52,8,2,1954,783,"[1947,777,1960,787]",-516.62,366.83,,,,,0.0409595,88.181,2430,0.0812735,2064.7,84,1347.0,1.59828,4,6,,1
2746,3,6,8,53,8,2,1984,812,"[1979,807,1990,818]",-512.02,362.32,,,,,0.205022,604.766,4073,0.269243,2345.0,107,1285.76,2.29417,4,7,,1
2755,3,6,9,45,8,1,1964,1084,"[1960,1081,1971,1090]",-514.79,322.06,,,,,0.0293927412072,51.8463796477,2021,0.0827545299734,1712.07142857,73,1255.41739985,1.40504489458,6,10,,1
2756,3,6,9,46,8,1,1963,1091,"[1959,1087,1968,1098]",-515.21,321.05,,,,,0.0558556407467,101.463453815,2046,0.0879892229155,1715.06666667,83,1279.56135584,1.41965065777,7,12,,1
2757,3,6,9,47,8,1,1966,812,"[1961,804,1971,819]",-514.77,362.49,,,,,0.0976354,152.703,1900,0.147584,1411.31,122,989.957,1.57988,4,2,,1
2759,3,6,9,48,8,1,1975,813,"[1970,809,1981,820]",-513.31,362.15,,,,,0.0628257,79.3923,1548,0.133111,1184.3,78,746.869,1.69199,3,1,,1
2761,3,6,9,48,8,3,1993,824,"[1988,819,2001,832]",-510.71,360.51,,,,,0.0779858,89.0272,1309,0.108591,1052.56,151,746.869,1.52849,3,3,,1
2764,3,6,9,49,8,2,1975,817,"[1964,811,1984,826]",-513.49,361.36,,,,,0.114726,201.117,2227,0.178648,1551.91,218,1063.94,1.64767,4,6,,1
2766,3,6,9,50,8,1,1977,813,"[1966,806,1983,820]",-513.49,362.21,,,,,0.134453,260.241,2509,0.19924,1675.32,177,1007.37,1.9214,3,3,,1
2768,3,6,9,50,8,3,2000,817,"[1993,812,2007,825]",-509.67,361.55,,,,,0.0707271,108.672,1780,0.109788,1427.82,128,1007.37,1.52525,3,5,,1
2770,3,6,9,51,8,2,1978,811,"[1971,805,1985,818]",-512.91,362.51,,,,,0.184736,454.462,3269,0.239525,2005.6,129,1198.11,2.05329,3,4,,1
2771,3,6,9,51,8,3,2008,811,"[2004,807,2014,819]",-508.37,362.35,,,,,0.0488496,79.3454,1826,0.0833788,1544.94,89,1198.11,1.3557,3,5,,1
2775,3,6,9,53,8,1,1984,812,"[1978,807,1991,818]",-512.02,362.37,,,,,0.212705,598.281,3922,0.278265,2214.44,126,1161.7,2.42122,4,4,,1
2828,3,6,6,44,9,1,215,1414,"[210,1410,219,1420]",-773.6,-49.52,,,,,0.0940442550044,139.684859155,1805,0.145804403888,1345.625,71,1373.53710773,1.08137585129,4,6,,1
2836,3,6,7,1,9,1,1934,112,"[1928,103,1944,119]",-519.18,143.09,,,,,0.0554861729476,59.2977150538,1232,0.0993149729986,1009.39583333,186,762.981266392,1.40068124273,1,2,,1
2850,3,6,7,47,9,1,218,1424,"[214,1420,223,1431]",-773.06,-51.1,,,,,0.130277,237.419,2359,0.196247,1585.0,93,1375.79,1.32464,4,18,,1
2852,3,6,7,48,9,1,203,1465,"[196,1461,208,1469]",-775.43,-57.0,,,,,0.0515351622262,80.6054750403,1837,0.106466041293,1483.48148148,69,1221.55811723,1.28040322802,4,24,,1
2866,3,6,8,49,9,1,201,1432,"[197,1428,205,1438]",-775.66,-52.21,,,,,0.0961075952547,162.438061938,2044,0.144543154041,1527.73076923,77,1335.87170757,1.26521792593,4,17,,1
2875,3,6,9,47,9,1,218,1423,"[211,1417,225,1430]",-773.13,-50.86,,,,,0.128993848389,191.505279035,1909,0.192341570442,1293.1025641,153,1106.8009242,1.3413503826,4,11,,1
2881,3,6,1,34,10,1,262,281,"[255,276,269,288]",-443.66,117.89,,,,,0.0532236,139.934,2905,0.0770742,2489.24,124,2006.21,1.31052,1,2,,1
2887,3,6,1,51,10,1,438,479,"[432,474,445,485]",-417.58,88.69,,,,,0.0721884546852,110.880888889,1777,0.109892779069,1425.11111111,125,1179.75876923,1.30195429783,6,5,,1
2889,3,6,1,52,10,2,441,483,"[436,478,446,487]",-417.25,88.26,,,,,0.0419236,71.0,1921,0.0842217,1622.56,72,1273.45,1.32989,5,5,,1
2890,3,6,1,53,10,1,448,474,"[444,469,454,480]",-416.09,89.37,,,,,0.0493905909427,83.1442343344,1883,0.0811716876117,1600.25806452,87,1255.01538877,1.34133996596,4,5,,1
2908,3,6,2,53,10,1,450,471,"[443,466,457,479]",-416.02,89.71,,,,,0.0587855,94.5288,1828,0.0941194,1513.5,139,1216.36,1.322,5,3,,1
2914,3,6,3,21,10,1,1672,1100,"[1668,1096,1676,1104]",-235.35,-3.03,,,,,0.0602388525265,93.537414966,1802,0.105101772625,1459.23809524,49,1061.78792236,1.46241587186,4,3,,1
2916,3,6,3,35,10,1,1336,609,"[1329,603,1342,616]",-285.07,69.46,,,,,0.133850629115,178.195436143,1649,0.176972201352,1153.10526316,143,1060.27282995,1.25562087578,3,3,,1
2924,3,6,3,50,10,2,470,575,"[466,570,477,579]",-412.86,74.63,,,,,0.0287708,63.1979,2420,0.062942,2133.4,97,1107.84,1.98278,6,6,,1
2929,3,6,3,52,10,2,440,476,"[433,471,447,481]",-417.39,89.12,,,,,0.0466485,69.0503,1662,0.081617,1411.18,97,1166.49,1.26895,6,5,,1
2931,3,6,3,53,10,1,448,473,"[444,468,453,479]",-416.12,89.64,,,,,0.043229,67.037,1682,0.0626389,1483.7,81,1141.19,1.35888,5,3,,1
2935,3,6,3,60,10,1,781,166,"[775,163,784,173]",-367.13,134.73,,,,,0.0329241668837,70.7949673812,2320,0.0546777025332,2079.44827586,74,1239.82307909,1.73431458045,1,3,,1
2939,3,6,4,21,10,1,1672,1100,"[1669,1097,1676,1104]",-235.23,-3.16,,,,,0.0743216872172,139.228239845,2266,0.132974250585,1734.09090909,47,1276.3636505,1.46770017166,4,3,,1
2940,3,6,4,23,10,1,1639,1102,"[1635,1096,1644,1109]",-240.09,-3.28,,,,,0.0555848004523,107.992424242,2217,0.0943153517661,1834.84848485,88,1395.4270567,1.39229127009,3,4,,1
2941,3,6,4,31,10,1,1340,607,"[1336,602,1347,613]",-284.29,69.64,,,,,0.0890898,113.592,1550,0.143307,1161.43,80,1004.99,1.26869,2,2,,1
2947,3,6,4,35,10,1,1336,608,"[1329,602,1343,617]",-284.97,69.48,,,,,0.191361,269.286,1867,0.242625,1137.93,168,942.533,1.49301,3,2,,1
2952,3,6,4,39,10,2,1683,1125,"[1678,1122,1687,1130]",-233.82,-6.88,,,,,0.0376033,65.1583,1921,0.070605,1667.63,60,1213.81,1.42756,6,6,,1
2964,3,6,4,54,10,1,446,472,"[440,466,454,479]",-416.53,89.72,,,,,0.0618056129944,86.5834353325,1584,0.093048594465,1314.31578947,129,1075.14269019,1.30298911725,5,5,,1
2965,3,6,4,55,10,1,411,464,"[406,459,417,469]",-421.71,90.94,,,,,0.0402962134156,55.7694852941,1522,0.0679882026599,1328.21875,85,1028.6186919,1.34548229212,5,2,,1
2966,3,6,4,56,10,1,1642,1100,"[1639,1097,1648,1104]",-239.57,-3.05,,,,,0.0350303142073,49.822295082,1540,0.0575325156913,1372.44,61,980.019761815,1.4512587914,8,8,,1
2969,3,6,5,21,10,1,1673,1101,"[1669,1097,1676,1104]",-235.25,-3.11,,,,,0.0702563604583,152.315789474,2583,0.123364806867,2015.68421053,43,1425.3383293,1.5210423767,5,3,,1
2971,3,6,5,39,10,1,1683,1126,"[1679,1122,1687,1132]",-233.79,-6.97,,,,,0.0545443,102.825,2118,0.0860575,1782.35,70,1335.13,1.41198,7,7,,1
2973,3,6,5,41,10,1,194,593,"[187,588,199,602]",-453.95,71.71,,,,,0.0889627828073,58.1809247264,830,0.164249834139,595.810810811,121,456.470633043,1.43271371299,4,2,,1
2978,3,6,5,47,10,1,196,659,"[185,655,204,665]",-453.56,62.07,,,,,0.0341282096456,53.9857923497,2037,0.142819740804,1527.86666667,122,906.901423702,1.74423858831,5,6,,1
2979,3,6,5,48,10,1,491,527,"[486,523,496,534]",-409.88,81.42,,,,,0.0309210761241,70.0847717683,2540,0.0725253352441,2196.48484848,79,1024.32102785,2.21275318834,5,4,,1
2981,3,6,5,49,10,2,214,645,"[208,641,218,657]",-451.05,63.77,,,,,0.0482136,76.5337,1838,0.0976891,1510.85,111,947.901,1.67463,6,2,,1
2985,3,6,5,54,10,1,446,469,"[437,465,451,475]",-416.78,90.05,,,,,0.055617199183,67.5862364363,1369,0.0879682113013,1147.61764706,103,963.178714294,1.2616598202,5,1,,1
2987,3,6,5,56,10,1,1641,1100,"[1637,1097,1653,1106]",-239.61,-3.14,,,,,0.0319842162267,52.6863636364,1829,0.0684737445507,1594.575,88,1164.81046474,1.41418832805,9,10,,1
2989,3,6,5,63,10,1,1644,1111,"[1640,1107,1649,1116]",-239.34,-4.66,,,,,0.0309924229584,51.4270833333,1774,0.04910923293,1607.91666667,64,1240.72803764,1.33739522253,9,7,,1
3000,3,6,6,39,10,1,1682,1125,"[1679,1122,1686,1132]",-233.78,-6.98,,,,,0.0364361,68.8636,2060,0.0615492,1821.12,61,1378.0,1.37154,3,3,,1
3002,3,6,6,42,10,1,243,620,"[237,615,249,625]",-446.56,67.9,,,,,0.0313252,52.2131,1980,0.101654,1614.59,88,633.979,2.62912,3,8,,1
3003,3,6,6,42,10,2,249,675,"[244,668,253,682]",-445.69,59.77,,,,,0.0621023,114.846,2124,0.100958,1734.46,108,633.979,2.91698,3,15,,1
3008,3,6,6,47,10,1,191,656,"[183,649,202,665]",-454.0,62.45,,,,,0.124691948847,181.342335116,2039,0.231287482757,1272.98039216,220,841.34237478,1.72857420578,2,5,,1
3010,3,6,6,49,10,1,213,644,"[209,640,218,654]",-450.99,63.96,,,,,0.0468913347351,73.9259259259,1854,0.104685612142,1502.61111111,108,886.694967919,1.77799253867,4,4,,1
3013,3,6,6,52,10,1,1671,1108,"[1667,1105,1676,1113]",-235.38,-4.28,,,,,0.0289615395826,54.2957650273,2090,0.0689284077953,1820.45833333,61,1288.28740562,1.45522970277,9,13,,1
3015,3,6,6,56,10,1,1641,1101,"[1638,1097,1646,1108]",-239.78,-3.33,,,,,0.041854727226,76.0925480769,2023,0.0746567505721,1741.92307692,64,1306.55474368,1.39145767431,8,4,,1
3018,3,6,6,63,10,1,1645,1110,"[1640,1107,1649,1117]",-239.3,-4.71,,,,,0.0289631996729,53.3228021978,1998,0.0555425738349,1787.73076923,56,1396.99522572,1.31786675969,6,3,,1
3027,3,6,7,40,10,1,1668,1129,"[1662,1124,1673,1133]",-235.96,-7.32,,,,,0.0347861341983,61.2857142857,1908,0.0575031176389,1700.5,70,1366.24890764,1.28950567092,5,4,,1
3031,3,6,8,18,10,1,1669,1121,"[1662,1114,1676,1132]",-235.88,-6.29,,,,,0.0720536,134.128,2155,0.110145,1727.38,171,1618.19,1.15036,1,2,,1
3053,3,6,1,46,11,1,426,586,"[422,583,432,590]",-742.24,-250.03,,,,,0.0412779,99.0731,2703,0.0803191,2301.08,60,1836.84,1.30668,4,5,,1
3054,3,6,1,46,11,2,350,600,"[341,594,356,609]",-753.77,-252.19,,,,,0.0567834,160.24,3171,0.0873172,2661.7,161,1836.84,1.53631,4,7,,1
3055,3,6,1,47,11,1,438,599,"[434,594,443,604]",-740.64,-251.9,,,,,0.0497612777528,130.799134199,2987,0.0892051877332,2497.73333333,77,1828.86501551,1.43724793532,5,6,,1
3060,3,6,1,56,11,2,1575,516,"[1567,509,1580,522]",-572.68,-239.64,,,,,0.10377,179.258,2075,0.145395,1548.21,136,1383.75,1.24839,3,3,,1
3064,3,6,1,59,11,1,1510,484,"[1506,480,1513,492]",-582.24,-235.19,,,,,0.069615,123.87,2122,0.123499,1655.48,82,1385.98,1.28383,3,1,,1
3074,3,6,2,47,11,2,439,594,"[433,587,444,605]",-740.58,-251.49,,,,,0.0805539,198.827,2895,0.121133,2269.42,163,1812.71,1.36163,5,5,,1
3081,3,6,2,56,11,2,1575,516,"[1566,509,1581,523]",-572.68,-239.62,,,,,0.120694,219.363,2222,0.163306,1598.15,155,1426.33,1.27426,3,3,,1
3085,3,6,2,58,11,1,1496,479,"[1492,475,1501,485]",-584.22,-234.19,,,,,0.0658445,116.133,2068,0.113142,1647.61,73,1386.17,1.27239,3,2,,1
3086,3,6,2,58,11,2,1585,522,"[1578,516,1590,528]",-571.25,-240.49,,,,,0.127078,208.054,2171,0.206057,1429.16,125,1386.17,1.18111,3,4,,1
3089,3,6,2,59,11,2,1602,521,"[1596,515,1607,529]",-568.68,-240.51,,,,,0.097435,170.119,2135,0.150679,1575.85,106,1458.56,1.19705,3,3,,1
3096,3,6,3,55,11,1,1573,510,"[1567,506,1583,519]",-572.6,-239.14,,,,,0.0620475496385,106.066666667,2071,0.127266541929,1603.375,120,1439.80466591,1.18727332057,3,4,,1
3097,3,6,3,56,11,1,1576,514,"[1566,504,1582,523]",-572.63,-239.38,,,,,0.123496737116,227.655841584,2340,0.183084919206,1615.76,202,1469.27141194,1.25464623255,4,6,,1
3101,3,6,3,58,11,1,1497,479,"[1493,474,1502,485]",-584.14,-234.24,,,,,0.0737012,140.221,2203,0.111127,1762.34,83,1490.65,1.27633,3,1,,1
3103,3,6,3,58,11,3,1585,521,"[1578,515,1590,528]",-571.18,-240.45,,,,,0.130539,236.013,2346,0.197559,1571.97,128,1490.65,1.21288,3,3,,1
3105,3,6,3,59,11,2,1602,520,"[1597,515,1606,528]",-568.64,-240.52,,,,,0.104257,196.765,2290,0.150596,1690.55,100,1532.98,1.23114,3,3,,1
3107,3,6,3,60,11,2,1504,495,"[1500,490,1510,500]",-583.0,-236.57,,,,,0.0587896,107.202,2147,0.11149,1716.28,89,1503.15,1.21311,3,3,,1
3121,3,6,4,55,11,2,1578,509,"[1568,499,1588,517]",-572.12,-238.5,,,,,0.0936199,160.345,2057,0.139809,1552.38,234,1404.93,1.21908,3,3,,1
3122,3,6,4,56,11,1,1575,514,"[1568,503,1582,520]",-572.5,-239.16,,,,,0.104665,193.188,2272,0.157829,1652.59,169,1431.33,1.28956,4,1,,1
3125,3,6,4,57,11,2,1574,513,"[1570,510,1578,521]",-572.65,-239.51,,,,,0.0502742,93.1532,2211,0.113644,1759.75,62,1482.66,1.24971,3,3,,1
3126,3,6,4,57,11,3,1569,519,"[1565,515,1575,524]",-573.42,-240.17,,,,,0.0568264,105.465,2243,0.123341,1750.44,77,1482.66,1.25174,3,4,,1
3127,3,6,4,58,11,1,1498,477,"[1492,471,1503,486]",-584.18,-233.97,,,,,0.0733056,135.853,2159,0.113925,1717.38,118,1533.6,1.20842,3,6,,1
3129,3,6,4,58,11,3,1584,521,"[1579,516,1591,527]",-571.07,-240.41,,,,,0.111848,213.195,2458,0.184317,1692.91,119,1533.6,1.2429,3,8,,1
3131,3,6,4,59,11,2,1602,519,"[1596,515,1607,527]",-568.6,-240.36,,,,,0.0980399,184.405,2311,0.153333,1696.52,102,1530.86,1.22867,3,4,,1
3132,3,6,4,60,11,1,1600,531,"[1593,526,1605,538]",-568.94,-242.02,,,,,0.0766851074821,137.241745283,2082,0.115027363559,1652.4375,106,1546.35835832,1.15735090489,3,2,,1
3145,3,6,5,52,11,2,654,1954,"[650,1950,660,1960]",-708.53,-452.23,,,,,0.102265,95.9707,1173,0.163989,842.483,86,739.011,1.26988,9,6,,1
3147,3,6,5,56,11,1,1576,513,"[1564,506,1583,519]",-572.66,-239.16,,,,,0.0922700489216,151.019635962,2006,0.149012525352,1485.69387755,185,1325.00245992,1.2352531886,3,1,,1
3149,3,6,5,57,11,2,1572,517,"[1563,511,1578,523]",-573.22,-239.83,,,,,0.10192,194.939,2417,0.169124,1717.72,147,1494.32,1.27995,3,4,,1
3151,3,6,5,58,11,2,1587,519,"[1578,514,1592,527]",-571.01,-240.33,,,,,0.10993,198.622,2281,0.172997,1608.18,134,1502.72,1.20235,2,2,,1
3152,3,6,5,59,11,1,1601,520,"[1595,512,1606,526]",-568.7,-240.16,,,,,0.0837712428824,144.277310924,2080,0.137233460908,1578.0,119,1444.94426032,1.19193339025,3,6,,1
3155,3,6,5,64,11,2,1617,1384,"[1612,1379,1623,1393]",-566.31,-368.13,,,,,0.0809186,57.4266,850,0.13163,652.257,117,567.837,1.2498,9,12,,1
3162,3,6,6,52,11,4,655,1954,"[649,1948,661,1960]",-708.5,-452.22,,,,,0.122239,140.697,1483,0.189587,1010.3,116,916.673,1.25563,7,6,,1
3166,3,6,6,53,11,4,653,1960,"[649,1955,657,1967]",-708.88,-453.21,,,,,0.133806,137.382,1359,0.208889,889.345,88,766.478,1.33954,10,11,,1
3171,3,6,6,57,11,1,1571,516,"[1564,509,1579,522]",-573.03,-239.62,,,,,0.111555571436,200.131410256,2225,0.165264639455,1593.875,156,1431.31465426,1.25339764036,2,1,,1
3182,3,6,7,41,11,1,2108,656,"[2103,651,2112,664]",-493.83,-260.57,,,,,0.0537373137922,66.9450741064,1516,0.125113717979,1178.83870968,74,966.564448145,1.28887813552,2,2,,1
3188,3,6,7,52,11,2,655,1954,"[650,1948,660,1960]",-708.55,-452.18,,,,,0.0955872,133.934,1680,0.140049,1267.24,91,1057.96,1.32441,7,7,,1
3192,3,6,7,53,11,4,652,1959,"[648,1955,657,1969]",-708.86,-453.31,,,,,0.136348,163.801,1613,0.21711,1037.54,123,932.272,1.28862,11,8,,1
3196,3,6,7,57,11,1,1574,513,"[1562,506,1580,520]",-573.06,-239.32,,,,,0.0933025992482,147.988513514,1931,0.146291692947,1438.125,185,1303.94429278,1.21639668373,2,1,,1
3202,3,6,8,52,11,1,655,1953,"[649,1947,661,1963]",-708.53,-452.16,,,,,0.0805758238211,119.374785297,1745,0.12321713124,1362.14634146,142,1176.03828191,1.25975586811,4,5,,1
3204,3,6,8,53,11,2,653,1960,"[648,1955,658,1969]",-708.84,-453.32,,,,,0.109095,159.295,1781,0.155798,1300.85,115,1090.84,1.33855,6,8,,1
3207,3,6,8,57,11,1,1572,511,"[1562,504,1579,519]",-573.17,-238.99,,,,,0.0737984976012,98.920212766,1588,0.122464018769,1241.4893617,188,1131.94915254,1.18416058836,2,2,,1
3211,3,6,9,51,11,1,657,1957,"[649,1950,663,1966]",-708.41,-452.71,,,,,0.0634515,89.6965,1643,0.107543,1323.93,154,1180.42,1.19756,5,4,,1
3214,3,6,9,52,11,2,656,1954,"[648,1946,663,1963]",-708.46,-452.16,,,,,0.0791126,119.893,1821,0.132259,1395.58,187,1182.58,1.2815,5,7,,1
3218,3,6,9,56,11,1,631,1967,"[626,1962,637,1975]",-712.03,-454.34,,,,,0.0841098,125.886,1760,0.124313,1370.8,121,1170.74,1.27841,6,4,,1
